2022-05-01 15:29:28,716 - Starting server and listening for data at 0.0.0.0:9002
2022-05-01 15:29:28,717 - Serving... 
2022-05-01 15:31:02,054 - Accepting connection from: 172.17.0.1:51114
2022-05-01 15:31:02,060 -     bart_pulseq
2022-05-01 15:31:02,081 - Data is from a GE UHP 3T at 3.0T
2022-05-01 15:31:02,641 - Starting bart_pulseq processing based on config
2022-05-01 15:31:02,644 - Creating converter from 3 to 5
2022-05-01 15:31:02,648 - Signature check passed with signature 9e1f5a26468244e8b66acbdc92012dba.
2022-05-01 15:31:02,651 - Starting spiral reconstruction.
2022-05-01 15:31:02,656 - Config: 
bart_pulseq
2022-05-01 15:31:02,656 - Incoming dataset contains 1 encodings
2022-05-01 15:31:02,656 - Trajectory type 'spiral', matrix size (220 x 220 x 1), field of view (220.0 x 220.0 x 27.0)mm^3
2022-05-01 15:31:02,656 - Reading in metadata acquisitions.
2022-05-01 15:31:02,680 - <-- Received MRD_MESSAGE_ISMRMRD_ACQUISITION (1008) (total: 1)
2022-05-01 15:31:02,706 - Processing a group of k-space data
2022-05-01 15:31:02,737 - Trajectory shape = (3, 2768, 15) , Signal Shape = (1, 2768, 15, 32) 
2022-05-01 15:31:18,182 - Image data is size (220, 220, 1)
2022-05-01 15:31:18,201 - Sending images to client:
[Image(head=ImageHeader(version: 1, data_type: 2, flags: 0, measurement_uid: 0, matrix_size: (220, 220, 1), field_of_view: (220.0, 220.0, 27.0), channels: 1, position: (0.0, 0.0, 0.0), read_dir: (-1.0, -0.0, -0.0), phase_dir: (0.0, 1.0, 0.0), slice_dir: (-0.0, -0.0, -1.0), patient_table_position: (0.0, 0.0, 0.0), average: 0, slice: 8, contrast: 0, phase: 0, repetition: 0, set: 0, acquisition_time_stamp: 0, physiology_time_stamp: (0, 0, 0), image_type: 0, image_index: 9, image_series_index: 1, user_int: (0, 0, 0, 0, 0, 0, 0, 0), user_float: (0.0, 0.0, 0.0, 0.0, 0.0, 0.0, 0.0, 0.0), attribute_string_len: 0, ),meta={'DataRole': 'Image', 'ImageProcessingHistory': ['FIRE', 'PYTHON'], 'WindowCenter': '16384', 'WindowWidth': '32768', 'Keep_image_geometry': '1'},data=array([[[[0, 0, 0, ..., 1, 1, 0],
         [0, 1, 1, ..., 0, 0, 0],
         [0, 1, 1, ..., 0, 0, 0],
         ...,
         [1, 0, 0, ..., 2, 1, 1],
         [0, 0, 0, ..., 1, 1, 1],
         [0, 0, 0, ..., 1, 1, 0]]]], dtype=int16))]
2022-05-01 15:31:18,203 - --> Sending MRD_MESSAGE_ISMRMRD_IMAGE (1022) (1 images)
2022-05-01 15:31:18,204 - --> Sending MRD_MESSAGE_CLOSE (4)
2022-05-01 15:31:18,204 - Socket closed
2026-09-22 13:59:12,479 - Starting server and listening for data at 0.0.0.0:9002
2026-09-22 13:59:12,479 - Serving... 
2026-09-22 14:00:04,974 - Starting server and listening for data at 0.0.0.0:9002
2026-09-22 14:00:04,974 - Default config is invertcontrast
2026-09-22 14:00:04,975 - Serving... 
2026-09-22 14:00:47,871 - Accepting connection from: 172.17.0.1:43534
2026-09-22 14:00:47,883 -     bart_pulseq
2026-09-22 14:00:47,914 - Connection closed without an MRD header received
2026-09-22 14:00:47,914 - Socket closed
2026-09-22 14:04:13,146 - Accepting connection from: 172.17.0.1:60172
2026-09-22 14:04:13,151 -     bart_pulseq
2026-09-22 14:04:13,180 - Connection closed without an MRD header received
2026-09-22 14:04:13,180 - Socket closed
2026-09-22 14:13:16,038 - Accepting connection from: 172.17.0.1:38098
2026-09-22 14:13:16,052 -     bart_pulseq
2026-09-22 14:13:16,056 - XML Metadata: <?xml version="1.0" encoding="ascii"?>
<ismrmrdHeader xmlns="http://www.ismrm.org/ISMRMRD">
  <studyInformation>
    <studyTime>13:08:49</studyTime>
  </studyInformation>
  <measurementInformation>
    <measurementID>18976_72062168_72062173_424</measurementID>
    <patientPosition>HFS</patientPosition>
    <protocolName>pulseq_spiralout_fatsat_pypulseq</protocolName>
    <frameOfReferenceUID>1.3.12.2.1107.5.2.0.18976.1.20211008123859439.0.0.0</frameOfReferenceUID>
  </measurementInformation>
  <acquisitionSystemInformation>
    <systemVendor>SIEMENS</systemVendor>
    <systemModel>Investigational_Device_7T_Plus</systemModel>
    <systemFieldStrength_T>6.98094</systemFieldStrength_T>
    <relativeReceiverNoiseBandwidth>0.793</relativeReceiverNoiseBandwidth>
    <receiverChannels>32</receiverChannels>
    <institutionName>DZNE</institutionName>
  </acquisitionSystemInformation>
  <experimentalConditions>
    <H1resonanceFrequency_Hz>297216994</H1resonanceFrequency_Hz>
  </experimentalConditions>
  <encoding>
    <encodedSpace>
      <matrixSize>
        <x>64</x>
        <y>64</y>
        <z>2</z>
      </matrixSize>
      <fieldOfView_mm>
        <x>220.0</x>
        <y>220.0</y>
        <z>1.0</z>
      </fieldOfView_mm>
    </encodedSpace>
    <reconSpace>
      <matrixSize>
        <x>64</x>
        <y>64</y>
        <z>1</z>
      </matrixSize>
      <fieldOfView_mm>
        <x>220.0</x>
        <y>220.0</y>
        <z>1.0</z>
      </fieldOfView_mm>
    </reconSpace>
    <encodingLimits>
      <kspace_encoding_step_1>
        <minimum>0</minimum>
        <maximum>0</maximum>
        <center>32</center>
      </kspace_encoding_step_1>
      <kspace_encoding_step_2>
        <minimum>0</minimum>
        <maximum>0</maximum>
        <center>0</center>
      </kspace_encoding_step_2>
      <average>
        <minimum>0</minimum>
        <maximum>0</maximum>
        <center>0</center>
      </average>
      <slice>
        <minimum>0</minimum>
        <maximum>0</maximum>
        <center>0</center>
      </slice>
      <contrast>
        <minimum>0</minimum>
        <maximum>0</maximum>
        <center>0</center>
      </contrast>
      <phase>
        <minimum>0</minimum>
        <maximum>0</maximum>
        <center>0</center>
      </phase>
      <repetition>
        <minimum>0</minimum>
        <maximum>0</maximum>
        <center>0</center>
      </repetition>
      <set>
        <minimum>0</minimum>
        <maximum>0</maximum>
        <center>0</center>
      </set>
      <segment>
        <minimum>0</minimum>
        <maximum>0</maximum>
        <center>0</center>
      </segment>
    </encodingLimits>
    <trajectory>cartesian</trajectory>
    <parallelImaging>
      <accelerationFactor>
        <kspace_encoding_step_1>1</kspace_encoding_step_1>
        <kspace_encoding_step_2>1</kspace_encoding_step_2>
      </accelerationFactor>
      <calibrationMode>other</calibrationMode>
    </parallelImaging>
  </encoding>
  <sequenceParameters>
    <TR>50.0</TR>
    <TE>20.0</TE>
    <flipAngle_deg>15.0</flipAngle_deg>
  </sequenceParameters>
  <userParameters>
    <userParameterLong>
      <name>sWipMemBlock.alFree[0]</name>
      <value>2</value>
    </userParameterLong>
    <userParameterLong>
      <name>sWipMemBlock.alFree[1]</name>
      <value>2</value>
    </userParameterLong>
    <userParameterLong>
      <name>sWipMemBlock.alFree[2]</name>
      <value>0</value>
    </userParameterLong>
    <userParameterLong>
      <name>sWipMemBlock.alFree[3]</name>
      <value>2</value>
    </userParameterLong>
    <userParameterLong>
      <name>sWipMemBlock.alFree[4]</name>
      <value>0</value>
    </userParameterLong>
    <userParameterLong>
      <name>sWipMemBlock.alFree[5]</name>
      <value>0</value>
    </userParameterLong>
    <userParameterLong>
      <name>sWipMemBlock.alFree[6]</name>
      <value>0</value>
    </userParameterLong>
    <userParameterLong>
      <name>sWipMemBlock.alFree[7]</name>
      <value>1</value>
    </userParameterLong>
    <userParameterLong>
      <name>sWipMemBlock.alFree[8]</name>
      <value>1</value>
    </userParameterLong>
    <userParameterLong>
      <name>sWipMemBlock.alFree[9]</name>
      <value>0</value>
    </userParameterLong>
    <userParameterLong>
      <name>sWipMemBlock.alFree[10]</name>
      <value>0</value>
    </userParameterLong>
    <userParameterLong>
      <name>sWipMemBlock.alFree[11]</name>
      <value>0</value>
    </userParameterLong>
    <userParameterLong>
      <name>sWipMemBlock.alFree[12]</name>
      <value>0</value>
    </userParameterLong>
    <userParameterLong>
      <name>sWipMemBlock.alFree[13]</name>
      <value>0</value>
    </userParameterLong>
    <userParameterLong>
      <name>sWipMemBlock.alFree[14]</name>
      <value>0</value>
    </userParameterLong>
    <userParameterLong>
      <name>sWipMemBlock.alFree[15]</name>
      <value>0</value>
    </userParameterLong>
    <userParameterLong>
      <name>sWipMemBlock.alFree[16]</name>
      <value>0</value>
    </userParameterLong>
    <userParameterLong>
      <name>sWipMemBlock.alFree[17]</name>
      <value>0</value>
    </userParameterLong>
    <userParameterLong>
      <name>sWipMemBlock.alFree[18]</name>
      <value>0</value>
    </userParameterLong>
    <userParameterLong>
      <name>sWipMemBlock.alFree[19]</name>
      <value>0</value>
    </userParameterLong>
    <userParameterLong>
      <name>sWipMemBlock.alFree[20]</name>
      <value>0</value>
    </userParameterLong>
    <userParameterLong>
      <name>sWipMemBlock.alFree[21]</name>
      <value>0</value>
    </userParameterLong>
    <userParameterLong>
      <name>sWipMemBlock.alFree[22]</name>
      <value>0</value>
    </userParameterLong>
    <userParameterLong>
      <name>sWipMemBlock.alFree[23]</name>
      <value>0</value>
    </userParameterLong>
    <userParameterLong>
      <name>sWipMemBlock.alFree[24]</name>
      <value>0</value>
    </userParameterLong>
    <userParameterLong>
      <name>sWipMemBlock.alFree[25]</name>
      <value>0</value>
    </userParameterLong>
    <userParameterLong>
      <name>sWipMemBlock.alFree[26]</name>
      <value>0</value>
    </userParameterLong>
    <userParameterLong>
      <name>sWipMemBlock.alFree[27]</name>
      <value>0</value>
    </userParameterLong>
    <userParameterLong>
      <name>sWipMemBlock.alFree[28]</name>
      <value>0</value>
    </userParameterLong>
    <userParameterLong>
      <name>sWipMemBlock.alFree[29]</name>
      <value>0</value>
    </userParameterLong>
    <userParameterLong>
      <name>sWipMemBlock.alFree[30]</name>
      <value>0</value>
    </userParameterLong>
    <userParameterLong>
      <name>sWipMemBlock.alFree[31]</name>
      <value>0</value>
    </userParameterLong>
    <userParameterLong>
      <name>sWipMemBlock.alFree[32]</name>
      <value>0</value>
    </userParameterLong>
    <userParameterLong>
      <name>sWipMemBlock.alFree[33]</name>
      <value>0</value>
    </userParameterLong>
    <userParameterLong>
      <name>sWipMemBlock.alFree[34]</name>
      <value>0</value>
    </userParameterLong>
    <userParameterLong>
      <name>sWipMemBlock.alFree[35]</name>
      <value>0</value>
    </userParameterLong>
    <userParameterLong>
      <name>sWipMemBlock.alFree[36]</name>
      <value>0</value>
    </userParameterLong>
    <userParameterLong>
      <name>sWipMemBlock.alFree[37]</name>
      <value>0</value>
    </userParameterLong>
    <userParameterLong>
      <name>sWipMemBlock.alFree[38]</name>
      <value>0</value>
    </userParameterLong>
    <userParameterLong>
      <name>sWipMemBlock.alFree[39]</name>
      <value>0</value>
    </userParameterLong>
    <userParameterLong>
      <name>sWipMemBlock.alFree[40]</name>
      <value>0</value>
    </userParameterLong>
    <userParameterLong>
      <name>sWipMemBlock.alFree[41]</name>
      <value>0</value>
    </userParameterLong>
    <userParameterLong>
      <name>sWipMemBlock.alFree[42]</name>
      <value>0</value>
    </userParameterLong>
    <userParameterLong>
      <name>sWipMemBlock.alFree[43]</name>
      <value>0</value>
    </userParameterLong>
    <userParameterLong>
      <name>sWipMemBlock.alFree[44]</name>
      <value>0</value>
    </userParameterLong>
    <userParameterLong>
      <name>sWipMemBlock.alFree[45]</name>
      <value>0</value>
    </userParameterLong>
    <userParameterLong>
      <name>sWipMemBlock.alFree[46]</name>
      <value>0</value>
    </userParameterLong>
    <userParameterLong>
      <name>sWipMemBlock.alFree[47]</name>
      <value>0</value>
    </userParameterLong>
    <userParameterLong>
      <name>sWipMemBlock.alFree[48]</name>
      <value>0</value>
    </userParameterLong>
    <userParameterLong>
      <name>sWipMemBlock.alFree[49]</name>
      <value>0</value>
    </userParameterLong>
    <userParameterLong>
      <name>sWipMemBlock.alFree[50]</name>
      <value>0</value>
    </userParameterLong>
    <userParameterLong>
      <name>sWipMemBlock.alFree[51]</name>
      <value>0</value>
    </userParameterLong>
    <userParameterLong>
      <name>sWipMemBlock.alFree[52]</name>
      <value>0</value>
    </userParameterLong>
    <userParameterLong>
      <name>sWipMemBlock.alFree[53]</name>
      <value>0</value>
    </userParameterLong>
    <userParameterLong>
      <name>sWipMemBlock.alFree[54]</name>
      <value>0</value>
    </userParameterLong>
    <userParameterLong>
      <name>sWipMemBlock.alFree[55]</name>
      <value>0</value>
    </userParameterLong>
    <userParameterLong>
      <name>sWipMemBlock.alFree[56]</name>
      <value>0</value>
    </userParameterLong>
    <userParameterLong>
      <name>sWipMemBlock.alFree[57]</name>
      <value>0</value>
    </userParameterLong>
    <userParameterLong>
      <name>sWipMemBlock.alFree[58]</name>
      <value>0</value>
    </userParameterLong>
    <userParameterLong>
      <name>sWipMemBlock.alFree[59]</name>
      <value>0</value>
    </userParameterLong>
    <userParameterLong>
      <name>sWipMemBlock.alFree[60]</name>
      <value>0</value>
    </userParameterLong>
    <userParameterLong>
      <name>sWipMemBlock.alFree[61]</name>
      <value>0</value>
    </userParameterLong>
    <userParameterLong>
      <name>sWipMemBlock.alFree[62]</name>
      <value>0</value>
    </userParameterLong>
    <userParameterLong>
      <name>sWipMemBlock.alFree[63]</name>
      <value>0</value>
    </userParameterLong>
    <userParameterDouble>
      <name>dwellTime_us</name>
      <value>0.0</value>
    </userParameterDouble>
    <userParameterDouble>
      <name>traj_delay</name>
      <value>0.0</value>
    </userParameterDouble>
    <userParameterDouble>
      <name>nsegments</name>
      <value>1.0</value>
    </userParameterDouble>
    <userParameterDouble>
      <name>t_min</name>
      <value>0.0</value>
    </userParameterDouble>
    <userParameterDouble>
      <name>os_region</name>
      <value>0.0</value>
    </userParameterDouble>
    <userParameterDouble>
      <name>RefVoltage</name>
      <value>238.917</value>
    </userParameterDouble>
    <userParameterDouble>
      <name>ShimCurrent[0]</name>
      <value>497.0</value>
    </userParameterDouble>
    <userParameterDouble>
      <name>ShimCurrent[1]</name>
      <value>-196.0</value>
    </userParameterDouble>
    <userParameterDouble>
      <name>ShimCurrent[2]</name>
      <value>-77.0</value>
    </userParameterDouble>
    <userParameterDouble>
      <name>ShimCurrent[3]</name>
      <value>413.0</value>
    </userParameterDouble>
    <userParameterDouble>
      <name>ShimCurrent[4]</name>
      <value>-117.0</value>
    </userParameterDouble>
    <userParameterDouble>
      <name>ShimCurrent[5]</name>
      <value>896.0</value>
    </userParameterDouble>
    <userParameterDouble>
      <name>ShimCurrent[6]</name>
      <value>-547.0</value>
    </userParameterDouble>
    <userParameterDouble>
      <name>ShimCurrent[7]</name>
      <value>-849.0</value>
    </userParameterDouble>
    <userParameterDouble>
      <name>ShimCurrent[8]</name>
      <value>1132.0</value>
    </userParameterDouble>
    <userParameterDouble>
      <name>ShimCurrent[9]</name>
      <value>0.0</value>
    </userParameterDouble>
    <userParameterDouble>
      <name>ShimCurrent[10]</name>
      <value>0.0</value>
    </userParameterDouble>
    <userParameterDouble>
      <name>ShimCurrent[11]</name>
      <value>0.0</value>
    </userParameterDouble>
    <userParameterDouble>
      <name>ShimCurrent[12]</name>
      <value>0.0</value>
    </userParameterDouble>
    <userParameterDouble>
      <name>ShimCurrent[13]</name>
      <value>0.0</value>
    </userParameterDouble>
    <userParameterDouble>
      <name>ShimCurrent[14]</name>
      <value>0.0</value>
    </userParameterDouble>
    <userParameterDouble>
      <name>sB0CompensationX_Amp_0</name>
      <value>0.038619</value>
    </userParameterDouble>
    <userParameterDouble>
      <name>sB0CompensationX_Amp_1</name>
      <value>0.084644</value>
    </userParameterDouble>
    <userParameterDouble>
      <name>sB0CompensationX_Amp_2</name>
      <value>0.011392</value>
    </userParameterDouble>
    <userParameterDouble>
      <name>sB0CompensationY_Amp_0</name>
      <value>0.011207</value>
    </userParameterDouble>
    <userParameterDouble>
      <name>sB0CompensationY_Amp_1</name>
      <value>-0.079912</value>
    </userParameterDouble>
    <userParameterDouble>
      <name>sB0CompensationY_Amp_2</name>
      <value>-0.044527</value>
    </userParameterDouble>
    <userParameterDouble>
      <name>sB0CompensationZ_Amp_0</name>
      <value>0.082044</value>
    </userParameterDouble>
    <userParameterDouble>
      <name>sB0CompensationZ_Amp_1</name>
      <value>0.312251</value>
    </userParameterDouble>
    <userParameterDouble>
      <name>sB0CompensationZ_Amp_2</name>
      <value>0.052789</value>
    </userParameterDouble>
    <userParameterDouble>
      <name>sB0CompensationX_Tau_0</name>
      <value>1.46222</value>
    </userParameterDouble>
    <userParameterDouble>
      <name>sB0CompensationX_Tau_1</name>
      <value>0.221393</value>
    </userParameterDouble>
    <userParameterDouble>
      <name>sB0CompensationX_Tau_2</name>
      <value>0.002947</value>
    </userParameterDouble>
    <userParameterDouble>
      <name>sB0CompensationY_Tau_0</name>
      <value>1.99967</value>
    </userParameterDouble>
    <userParameterDouble>
      <name>sB0CompensationY_Tau_1</name>
      <value>0.202127</value>
    </userParameterDouble>
    <userParameterDouble>
      <name>sB0CompensationY_Tau_2</name>
      <value>0.00121</value>
    </userParameterDouble>
    <userParameterDouble>
      <name>sB0CompensationZ_Tau_0</name>
      <value>1.27957</value>
    </userParameterDouble>
    <userParameterDouble>
      <name>sB0CompensationZ_Tau_1</name>
      <value>0.230131</value>
    </userParameterDouble>
    <userParameterDouble>
      <name>sB0CompensationZ_Tau_2</name>
      <value>0.000757</value>
    </userParameterDouble>
    <userParameterDouble>
      <name>sWipMemBlock.adFree[0]</name>
      <value>0.0</value>
    </userParameterDouble>
    <userParameterDouble>
      <name>sWipMemBlock.adFree[1]</name>
      <value>0.0</value>
    </userParameterDouble>
    <userParameterDouble>
      <name>sWipMemBlock.adFree[2]</name>
      <value>0.0</value>
    </userParameterDouble>
    <userParameterDouble>
      <name>sWipMemBlock.adFree[3]</name>
      <value>0.0</value>
    </userParameterDouble>
    <userParameterDouble>
      <name>sWipMemBlock.adFree[4]</name>
      <value>0.0</value>
    </userParameterDouble>
    <userParameterDouble>
      <name>sWipMemBlock.adFree[5]</name>
      <value>0.0</value>
    </userParameterDouble>
    <userParameterDouble>
      <name>sWipMemBlock.adFree[6]</name>
      <value>0.0</value>
    </userParameterDouble>
    <userParameterDouble>
      <name>sWipMemBlock.adFree[7]</name>
      <value>0.0</value>
    </userParameterDouble>
    <userParameterDouble>
      <name>sWipMemBlock.adFree[8]</name>
      <value>0.0</value>
    </userParameterDouble>
    <userParameterDouble>
      <name>sWipMemBlock.adFree[9]</name>
      <value>0.0</value>
    </userParameterDouble>
    <userParameterDouble>
      <name>sWipMemBlock.adFree[10]</name>
      <value>0.0</value>
    </userParameterDouble>
    <userParameterDouble>
      <name>sWipMemBlock.adFree[11]</name>
      <value>0.0</value>
    </userParameterDouble>
    <userParameterDouble>
      <name>sWipMemBlock.adFree[12]</name>
      <value>0.0</value>
    </userParameterDouble>
    <userParameterDouble>
      <name>sWipMemBlock.adFree[13]</name>
      <value>0.0</value>
    </userParameterDouble>
    <userParameterDouble>
      <name>sWipMemBlock.adFree[14]</name>
      <value>0.0</value>
    </userParameterDouble>
    <userParameterDouble>
      <name>sWipMemBlock.adFree[15]</name>
      <value>0.0</value>
    </userParameterDouble>
    <userParameterDouble>
      <name>MaxwellCoefficient_0</name>
      <value>0.0</value>
    </userParameterDouble>
    <userParameterDouble>
      <name>MaxwellCoefficient_1</name>
      <value>0.0</value>
    </userParameterDouble>
    <userParameterDouble>
      <name>MaxwellCoefficient_2</name>
      <value>0.0</value>
    </userParameterDouble>
    <userParameterDouble>
      <name>MaxwellCoefficient_3</name>
      <value>0.0</value>
    </userParameterDouble>
    <userParameterDouble>
      <name>MaxwellCoefficient_4</name>
      <value>0.0</value>
    </userParameterDouble>
    <userParameterDouble>
      <name>MaxwellCoefficient_5</name>
      <value>0.0</value>
    </userParameterDouble>
    <userParameterDouble>
      <name>MaxwellCoefficient_6</name>
      <value>0.0</value>
    </userParameterDouble>
    <userParameterDouble>
      <name>MaxwellCoefficient_7</name>
      <value>0.0</value>
    </userParameterDouble>
    <userParameterDouble>
      <name>MaxwellCoefficient_8</name>
      <value>0.0</value>
    </userParameterDouble>
    <userParameterDouble>
      <name>MaxwellCoefficient_9</name>
      <value>0.0</value>
    </userParameterDouble>
    <userParameterDouble>
      <name>MaxwellCoefficient_10</name>
      <value>0.0</value>
    </userParameterDouble>
    <userParameterDouble>
      <name>MaxwellCoefficient_11</name>
      <value>0.0</value>
    </userParameterDouble>
    <userParameterDouble>
      <name>MaxwellCoefficient_12</name>
      <value>0.0</value>
    </userParameterDouble>
    <userParameterDouble>
      <name>MaxwellCoefficient_13</name>
      <value>0.0</value>
    </userParameterDouble>
    <userParameterDouble>
      <name>MaxwellCoefficient_14</name>
      <value>0.0</value>
    </userParameterDouble>
    <userParameterDouble>
      <name>MaxwellCoefficient_15</name>
      <value>0.0</value>
    </userParameterDouble>
    <userParameterString>
      <name>protfile</name>
      <value>spiralout_gre_fatsat_7T_15f2a.seq</value>
    </userParameterString>
    <userParameterString>
      <name>seq_signature</name>
      <value>15f2a44fbb9e9df61ce17e0746288b22</value>
    </userParameterString>
  </userParameters>
</ismrmrdHeader>

2026-09-22 14:13:16,079 - Data is from a SIEMENS Investigational_Device_7T_Plus at 7.0T
2026-09-22 14:13:16,113 - Starting bart_pulseq processing based on config
2026-09-22 14:13:16,126 - Creating converter from 3 to 5
2026-09-22 14:13:16,134 - Signature check passed with signature 15f2a44fbb9e9df61ce17e0746288b22.
2026-09-22 14:13:16,147 - Starting spiral reconstruction.
2026-09-22 14:13:16,148 - Created folder /tmp/share/debug/15f2a44fbb9e9df61ce17e0746288b22 for debug output files
2026-09-22 14:13:16,155 - Config: 
bart_pulseq
2026-09-22 14:13:16,155 - Incoming dataset contains 1 encodings
2026-09-22 14:13:16,155 - Trajectory type 'spiral', matrix size (220 x 220 x 1), field of view (220.0 x 220.0 x 1.0)mm^3
2026-09-22 14:13:16,155 - Reading in protocol acquisitions.
2026-09-22 14:13:16,329 - <-- Received MRD_MESSAGE_ISMRMRD_ACQUISITION (1008) (total: 1)
2026-09-22 14:13:16,618 - <-- Received MRD_MESSAGE_ISMRMRD_ACQUISITION (1008) (total: 100)
2026-09-22 14:13:16,779 - nx/ny/nz: 110/110/1; enc1 min/max: 0/109; enc2 min/max:0/0, ncol: 110
2026-09-22 14:13:16,820 - --> Sending MRD_MESSAGE_CLOSE (4)
2026-09-22 14:13:16,821 - tuple index out of range
Traceback (most recent call last):
  File "/opt/code/python-ismrmrd-server/server.py", line 152, in handle
    bart_pulseq.process(connection, config, metadata)
  File "/opt/code/python-ismrmrd-server/bart_pulseq.py", line 54, in process
    bart_pulseq_noncart.process_noncart(connection, config, metadata, prot_file)
  File "/opt/code/python-ismrmrd-server/bart_pulseq_noncart.py", line 212, in process_noncart
    acs[item.idx.slice] = process_acs(acsGroup[item.idx.slice], metadata, cc_cha, dmtx)
                          ^^^^^^^^^^^^^^^^^^^^^^^^^^^^^^^^^^^^^^^^^^^^^^^^^^^^^^^^^^^^^
  File "/opt/code/python-ismrmrd-server/bart_pulseq_noncart.py", line 731, in process_acs
    refimg = cifftn(data,axes=[0,1,2])
             ^^^^^^^^^^^^^^^^^^^^^^^^^
  File "/opt/code/python-ismrmrd-server/cfft.py", line 25, in cifftn
    return fft.ifftshift(fft.ifftn(fft.fftshift(data, axes=axes), axes=axes, norm=norm), axes=axes)
                                   ^^^^^^^^^^^^^^^^^^^^^^^^^^^^^
  File "/opt/venv/lib/python3.12/site-packages/numpy/fft/_helper.py", line 72, in fftshift
    shift = [x.shape[ax] // 2 for ax in axes]
             ~~~~~~~^^^^
IndexError: tuple index out of range
2026-09-22 14:13:16,826 - Socket closed
2026-09-22 14:13:43,987 - Accepting connection from: 172.17.0.1:39268
2026-09-22 14:13:43,993 -     bart_pulseq
2026-09-22 14:13:43,997 - XML Metadata: <?xml version="1.0" encoding="ascii"?>
<ismrmrdHeader xmlns="http://www.ismrm.org/ISMRMRD">
  <studyInformation>
    <studyTime>13:08:49</studyTime>
  </studyInformation>
  <measurementInformation>
    <measurementID>18976_72062168_72062173_424</measurementID>
    <patientPosition>HFS</patientPosition>
    <protocolName>pulseq_spiralout_fatsat_pypulseq</protocolName>
    <frameOfReferenceUID>1.3.12.2.1107.5.2.0.18976.1.20211008123859439.0.0.0</frameOfReferenceUID>
  </measurementInformation>
  <acquisitionSystemInformation>
    <systemVendor>SIEMENS</systemVendor>
    <systemModel>Investigational_Device_7T_Plus</systemModel>
    <systemFieldStrength_T>6.98094</systemFieldStrength_T>
    <relativeReceiverNoiseBandwidth>0.793</relativeReceiverNoiseBandwidth>
    <receiverChannels>32</receiverChannels>
    <institutionName>DZNE</institutionName>
  </acquisitionSystemInformation>
  <experimentalConditions>
    <H1resonanceFrequency_Hz>297216994</H1resonanceFrequency_Hz>
  </experimentalConditions>
  <encoding>
    <encodedSpace>
      <matrixSize>
        <x>64</x>
        <y>64</y>
        <z>2</z>
      </matrixSize>
      <fieldOfView_mm>
        <x>220.0</x>
        <y>220.0</y>
        <z>1.0</z>
      </fieldOfView_mm>
    </encodedSpace>
    <reconSpace>
      <matrixSize>
        <x>64</x>
        <y>64</y>
        <z>1</z>
      </matrixSize>
      <fieldOfView_mm>
        <x>220.0</x>
        <y>220.0</y>
        <z>1.0</z>
      </fieldOfView_mm>
    </reconSpace>
    <encodingLimits>
      <kspace_encoding_step_1>
        <minimum>0</minimum>
        <maximum>0</maximum>
        <center>32</center>
      </kspace_encoding_step_1>
      <kspace_encoding_step_2>
        <minimum>0</minimum>
        <maximum>0</maximum>
        <center>0</center>
      </kspace_encoding_step_2>
      <average>
        <minimum>0</minimum>
        <maximum>0</maximum>
        <center>0</center>
      </average>
      <slice>
        <minimum>0</minimum>
        <maximum>0</maximum>
        <center>0</center>
      </slice>
      <contrast>
        <minimum>0</minimum>
        <maximum>0</maximum>
        <center>0</center>
      </contrast>
      <phase>
        <minimum>0</minimum>
        <maximum>0</maximum>
        <center>0</center>
      </phase>
      <repetition>
        <minimum>0</minimum>
        <maximum>0</maximum>
        <center>0</center>
      </repetition>
      <set>
        <minimum>0</minimum>
        <maximum>0</maximum>
        <center>0</center>
      </set>
      <segment>
        <minimum>0</minimum>
        <maximum>0</maximum>
        <center>0</center>
      </segment>
    </encodingLimits>
    <trajectory>cartesian</trajectory>
    <parallelImaging>
      <accelerationFactor>
        <kspace_encoding_step_1>1</kspace_encoding_step_1>
        <kspace_encoding_step_2>1</kspace_encoding_step_2>
      </accelerationFactor>
      <calibrationMode>other</calibrationMode>
    </parallelImaging>
  </encoding>
  <sequenceParameters>
    <TR>50.0</TR>
    <TE>20.0</TE>
    <flipAngle_deg>15.0</flipAngle_deg>
  </sequenceParameters>
  <userParameters>
    <userParameterLong>
      <name>sWipMemBlock.alFree[0]</name>
      <value>2</value>
    </userParameterLong>
    <userParameterLong>
      <name>sWipMemBlock.alFree[1]</name>
      <value>2</value>
    </userParameterLong>
    <userParameterLong>
      <name>sWipMemBlock.alFree[2]</name>
      <value>0</value>
    </userParameterLong>
    <userParameterLong>
      <name>sWipMemBlock.alFree[3]</name>
      <value>2</value>
    </userParameterLong>
    <userParameterLong>
      <name>sWipMemBlock.alFree[4]</name>
      <value>0</value>
    </userParameterLong>
    <userParameterLong>
      <name>sWipMemBlock.alFree[5]</name>
      <value>0</value>
    </userParameterLong>
    <userParameterLong>
      <name>sWipMemBlock.alFree[6]</name>
      <value>0</value>
    </userParameterLong>
    <userParameterLong>
      <name>sWipMemBlock.alFree[7]</name>
      <value>1</value>
    </userParameterLong>
    <userParameterLong>
      <name>sWipMemBlock.alFree[8]</name>
      <value>1</value>
    </userParameterLong>
    <userParameterLong>
      <name>sWipMemBlock.alFree[9]</name>
      <value>0</value>
    </userParameterLong>
    <userParameterLong>
      <name>sWipMemBlock.alFree[10]</name>
      <value>0</value>
    </userParameterLong>
    <userParameterLong>
      <name>sWipMemBlock.alFree[11]</name>
      <value>0</value>
    </userParameterLong>
    <userParameterLong>
      <name>sWipMemBlock.alFree[12]</name>
      <value>0</value>
    </userParameterLong>
    <userParameterLong>
      <name>sWipMemBlock.alFree[13]</name>
      <value>0</value>
    </userParameterLong>
    <userParameterLong>
      <name>sWipMemBlock.alFree[14]</name>
      <value>0</value>
    </userParameterLong>
    <userParameterLong>
      <name>sWipMemBlock.alFree[15]</name>
      <value>0</value>
    </userParameterLong>
    <userParameterLong>
      <name>sWipMemBlock.alFree[16]</name>
      <value>0</value>
    </userParameterLong>
    <userParameterLong>
      <name>sWipMemBlock.alFree[17]</name>
      <value>0</value>
    </userParameterLong>
    <userParameterLong>
      <name>sWipMemBlock.alFree[18]</name>
      <value>0</value>
    </userParameterLong>
    <userParameterLong>
      <name>sWipMemBlock.alFree[19]</name>
      <value>0</value>
    </userParameterLong>
    <userParameterLong>
      <name>sWipMemBlock.alFree[20]</name>
      <value>0</value>
    </userParameterLong>
    <userParameterLong>
      <name>sWipMemBlock.alFree[21]</name>
      <value>0</value>
    </userParameterLong>
    <userParameterLong>
      <name>sWipMemBlock.alFree[22]</name>
      <value>0</value>
    </userParameterLong>
    <userParameterLong>
      <name>sWipMemBlock.alFree[23]</name>
      <value>0</value>
    </userParameterLong>
    <userParameterLong>
      <name>sWipMemBlock.alFree[24]</name>
      <value>0</value>
    </userParameterLong>
    <userParameterLong>
      <name>sWipMemBlock.alFree[25]</name>
      <value>0</value>
    </userParameterLong>
    <userParameterLong>
      <name>sWipMemBlock.alFree[26]</name>
      <value>0</value>
    </userParameterLong>
    <userParameterLong>
      <name>sWipMemBlock.alFree[27]</name>
      <value>0</value>
    </userParameterLong>
    <userParameterLong>
      <name>sWipMemBlock.alFree[28]</name>
      <value>0</value>
    </userParameterLong>
    <userParameterLong>
      <name>sWipMemBlock.alFree[29]</name>
      <value>0</value>
    </userParameterLong>
    <userParameterLong>
      <name>sWipMemBlock.alFree[30]</name>
      <value>0</value>
    </userParameterLong>
    <userParameterLong>
      <name>sWipMemBlock.alFree[31]</name>
      <value>0</value>
    </userParameterLong>
    <userParameterLong>
      <name>sWipMemBlock.alFree[32]</name>
      <value>0</value>
    </userParameterLong>
    <userParameterLong>
      <name>sWipMemBlock.alFree[33]</name>
      <value>0</value>
    </userParameterLong>
    <userParameterLong>
      <name>sWipMemBlock.alFree[34]</name>
      <value>0</value>
    </userParameterLong>
    <userParameterLong>
      <name>sWipMemBlock.alFree[35]</name>
      <value>0</value>
    </userParameterLong>
    <userParameterLong>
      <name>sWipMemBlock.alFree[36]</name>
      <value>0</value>
    </userParameterLong>
    <userParameterLong>
      <name>sWipMemBlock.alFree[37]</name>
      <value>0</value>
    </userParameterLong>
    <userParameterLong>
      <name>sWipMemBlock.alFree[38]</name>
      <value>0</value>
    </userParameterLong>
    <userParameterLong>
      <name>sWipMemBlock.alFree[39]</name>
      <value>0</value>
    </userParameterLong>
    <userParameterLong>
      <name>sWipMemBlock.alFree[40]</name>
      <value>0</value>
    </userParameterLong>
    <userParameterLong>
      <name>sWipMemBlock.alFree[41]</name>
      <value>0</value>
    </userParameterLong>
    <userParameterLong>
      <name>sWipMemBlock.alFree[42]</name>
      <value>0</value>
    </userParameterLong>
    <userParameterLong>
      <name>sWipMemBlock.alFree[43]</name>
      <value>0</value>
    </userParameterLong>
    <userParameterLong>
      <name>sWipMemBlock.alFree[44]</name>
      <value>0</value>
    </userParameterLong>
    <userParameterLong>
      <name>sWipMemBlock.alFree[45]</name>
      <value>0</value>
    </userParameterLong>
    <userParameterLong>
      <name>sWipMemBlock.alFree[46]</name>
      <value>0</value>
    </userParameterLong>
    <userParameterLong>
      <name>sWipMemBlock.alFree[47]</name>
      <value>0</value>
    </userParameterLong>
    <userParameterLong>
      <name>sWipMemBlock.alFree[48]</name>
      <value>0</value>
    </userParameterLong>
    <userParameterLong>
      <name>sWipMemBlock.alFree[49]</name>
      <value>0</value>
    </userParameterLong>
    <userParameterLong>
      <name>sWipMemBlock.alFree[50]</name>
      <value>0</value>
    </userParameterLong>
    <userParameterLong>
      <name>sWipMemBlock.alFree[51]</name>
      <value>0</value>
    </userParameterLong>
    <userParameterLong>
      <name>sWipMemBlock.alFree[52]</name>
      <value>0</value>
    </userParameterLong>
    <userParameterLong>
      <name>sWipMemBlock.alFree[53]</name>
      <value>0</value>
    </userParameterLong>
    <userParameterLong>
      <name>sWipMemBlock.alFree[54]</name>
      <value>0</value>
    </userParameterLong>
    <userParameterLong>
      <name>sWipMemBlock.alFree[55]</name>
      <value>0</value>
    </userParameterLong>
    <userParameterLong>
      <name>sWipMemBlock.alFree[56]</name>
      <value>0</value>
    </userParameterLong>
    <userParameterLong>
      <name>sWipMemBlock.alFree[57]</name>
      <value>0</value>
    </userParameterLong>
    <userParameterLong>
      <name>sWipMemBlock.alFree[58]</name>
      <value>0</value>
    </userParameterLong>
    <userParameterLong>
      <name>sWipMemBlock.alFree[59]</name>
      <value>0</value>
    </userParameterLong>
    <userParameterLong>
      <name>sWipMemBlock.alFree[60]</name>
      <value>0</value>
    </userParameterLong>
    <userParameterLong>
      <name>sWipMemBlock.alFree[61]</name>
      <value>0</value>
    </userParameterLong>
    <userParameterLong>
      <name>sWipMemBlock.alFree[62]</name>
      <value>0</value>
    </userParameterLong>
    <userParameterLong>
      <name>sWipMemBlock.alFree[63]</name>
      <value>0</value>
    </userParameterLong>
    <userParameterDouble>
      <name>dwellTime_us</name>
      <value>0.0</value>
    </userParameterDouble>
    <userParameterDouble>
      <name>traj_delay</name>
      <value>0.0</value>
    </userParameterDouble>
    <userParameterDouble>
      <name>nsegments</name>
      <value>1.0</value>
    </userParameterDouble>
    <userParameterDouble>
      <name>t_min</name>
      <value>0.0</value>
    </userParameterDouble>
    <userParameterDouble>
      <name>os_region</name>
      <value>0.0</value>
    </userParameterDouble>
    <userParameterDouble>
      <name>RefVoltage</name>
      <value>238.917</value>
    </userParameterDouble>
    <userParameterDouble>
      <name>ShimCurrent[0]</name>
      <value>497.0</value>
    </userParameterDouble>
    <userParameterDouble>
      <name>ShimCurrent[1]</name>
      <value>-196.0</value>
    </userParameterDouble>
    <userParameterDouble>
      <name>ShimCurrent[2]</name>
      <value>-77.0</value>
    </userParameterDouble>
    <userParameterDouble>
      <name>ShimCurrent[3]</name>
      <value>413.0</value>
    </userParameterDouble>
    <userParameterDouble>
      <name>ShimCurrent[4]</name>
      <value>-117.0</value>
    </userParameterDouble>
    <userParameterDouble>
      <name>ShimCurrent[5]</name>
      <value>896.0</value>
    </userParameterDouble>
    <userParameterDouble>
      <name>ShimCurrent[6]</name>
      <value>-547.0</value>
    </userParameterDouble>
    <userParameterDouble>
      <name>ShimCurrent[7]</name>
      <value>-849.0</value>
    </userParameterDouble>
    <userParameterDouble>
      <name>ShimCurrent[8]</name>
      <value>1132.0</value>
    </userParameterDouble>
    <userParameterDouble>
      <name>ShimCurrent[9]</name>
      <value>0.0</value>
    </userParameterDouble>
    <userParameterDouble>
      <name>ShimCurrent[10]</name>
      <value>0.0</value>
    </userParameterDouble>
    <userParameterDouble>
      <name>ShimCurrent[11]</name>
      <value>0.0</value>
    </userParameterDouble>
    <userParameterDouble>
      <name>ShimCurrent[12]</name>
      <value>0.0</value>
    </userParameterDouble>
    <userParameterDouble>
      <name>ShimCurrent[13]</name>
      <value>0.0</value>
    </userParameterDouble>
    <userParameterDouble>
      <name>ShimCurrent[14]</name>
      <value>0.0</value>
    </userParameterDouble>
    <userParameterDouble>
      <name>sB0CompensationX_Amp_0</name>
      <value>0.038619</value>
    </userParameterDouble>
    <userParameterDouble>
      <name>sB0CompensationX_Amp_1</name>
      <value>0.084644</value>
    </userParameterDouble>
    <userParameterDouble>
      <name>sB0CompensationX_Amp_2</name>
      <value>0.011392</value>
    </userParameterDouble>
    <userParameterDouble>
      <name>sB0CompensationY_Amp_0</name>
      <value>0.011207</value>
    </userParameterDouble>
    <userParameterDouble>
      <name>sB0CompensationY_Amp_1</name>
      <value>-0.079912</value>
    </userParameterDouble>
    <userParameterDouble>
      <name>sB0CompensationY_Amp_2</name>
      <value>-0.044527</value>
    </userParameterDouble>
    <userParameterDouble>
      <name>sB0CompensationZ_Amp_0</name>
      <value>0.082044</value>
    </userParameterDouble>
    <userParameterDouble>
      <name>sB0CompensationZ_Amp_1</name>
      <value>0.312251</value>
    </userParameterDouble>
    <userParameterDouble>
      <name>sB0CompensationZ_Amp_2</name>
      <value>0.052789</value>
    </userParameterDouble>
    <userParameterDouble>
      <name>sB0CompensationX_Tau_0</name>
      <value>1.46222</value>
    </userParameterDouble>
    <userParameterDouble>
      <name>sB0CompensationX_Tau_1</name>
      <value>0.221393</value>
    </userParameterDouble>
    <userParameterDouble>
      <name>sB0CompensationX_Tau_2</name>
      <value>0.002947</value>
    </userParameterDouble>
    <userParameterDouble>
      <name>sB0CompensationY_Tau_0</name>
      <value>1.99967</value>
    </userParameterDouble>
    <userParameterDouble>
      <name>sB0CompensationY_Tau_1</name>
      <value>0.202127</value>
    </userParameterDouble>
    <userParameterDouble>
      <name>sB0CompensationY_Tau_2</name>
      <value>0.00121</value>
    </userParameterDouble>
    <userParameterDouble>
      <name>sB0CompensationZ_Tau_0</name>
      <value>1.27957</value>
    </userParameterDouble>
    <userParameterDouble>
      <name>sB0CompensationZ_Tau_1</name>
      <value>0.230131</value>
    </userParameterDouble>
    <userParameterDouble>
      <name>sB0CompensationZ_Tau_2</name>
      <value>0.000757</value>
    </userParameterDouble>
    <userParameterDouble>
      <name>sWipMemBlock.adFree[0]</name>
      <value>0.0</value>
    </userParameterDouble>
    <userParameterDouble>
      <name>sWipMemBlock.adFree[1]</name>
      <value>0.0</value>
    </userParameterDouble>
    <userParameterDouble>
      <name>sWipMemBlock.adFree[2]</name>
      <value>0.0</value>
    </userParameterDouble>
    <userParameterDouble>
      <name>sWipMemBlock.adFree[3]</name>
      <value>0.0</value>
    </userParameterDouble>
    <userParameterDouble>
      <name>sWipMemBlock.adFree[4]</name>
      <value>0.0</value>
    </userParameterDouble>
    <userParameterDouble>
      <name>sWipMemBlock.adFree[5]</name>
      <value>0.0</value>
    </userParameterDouble>
    <userParameterDouble>
      <name>sWipMemBlock.adFree[6]</name>
      <value>0.0</value>
    </userParameterDouble>
    <userParameterDouble>
      <name>sWipMemBlock.adFree[7]</name>
      <value>0.0</value>
    </userParameterDouble>
    <userParameterDouble>
      <name>sWipMemBlock.adFree[8]</name>
      <value>0.0</value>
    </userParameterDouble>
    <userParameterDouble>
      <name>sWipMemBlock.adFree[9]</name>
      <value>0.0</value>
    </userParameterDouble>
    <userParameterDouble>
      <name>sWipMemBlock.adFree[10]</name>
      <value>0.0</value>
    </userParameterDouble>
    <userParameterDouble>
      <name>sWipMemBlock.adFree[11]</name>
      <value>0.0</value>
    </userParameterDouble>
    <userParameterDouble>
      <name>sWipMemBlock.adFree[12]</name>
      <value>0.0</value>
    </userParameterDouble>
    <userParameterDouble>
      <name>sWipMemBlock.adFree[13]</name>
      <value>0.0</value>
    </userParameterDouble>
    <userParameterDouble>
      <name>sWipMemBlock.adFree[14]</name>
      <value>0.0</value>
    </userParameterDouble>
    <userParameterDouble>
      <name>sWipMemBlock.adFree[15]</name>
      <value>0.0</value>
    </userParameterDouble>
    <userParameterDouble>
      <name>MaxwellCoefficient_0</name>
      <value>0.0</value>
    </userParameterDouble>
    <userParameterDouble>
      <name>MaxwellCoefficient_1</name>
      <value>0.0</value>
    </userParameterDouble>
    <userParameterDouble>
      <name>MaxwellCoefficient_2</name>
      <value>0.0</value>
    </userParameterDouble>
    <userParameterDouble>
      <name>MaxwellCoefficient_3</name>
      <value>0.0</value>
    </userParameterDouble>
    <userParameterDouble>
      <name>MaxwellCoefficient_4</name>
      <value>0.0</value>
    </userParameterDouble>
    <userParameterDouble>
      <name>MaxwellCoefficient_5</name>
      <value>0.0</value>
    </userParameterDouble>
    <userParameterDouble>
      <name>MaxwellCoefficient_6</name>
      <value>0.0</value>
    </userParameterDouble>
    <userParameterDouble>
      <name>MaxwellCoefficient_7</name>
      <value>0.0</value>
    </userParameterDouble>
    <userParameterDouble>
      <name>MaxwellCoefficient_8</name>
      <value>0.0</value>
    </userParameterDouble>
    <userParameterDouble>
      <name>MaxwellCoefficient_9</name>
      <value>0.0</value>
    </userParameterDouble>
    <userParameterDouble>
      <name>MaxwellCoefficient_10</name>
      <value>0.0</value>
    </userParameterDouble>
    <userParameterDouble>
      <name>MaxwellCoefficient_11</name>
      <value>0.0</value>
    </userParameterDouble>
    <userParameterDouble>
      <name>MaxwellCoefficient_12</name>
      <value>0.0</value>
    </userParameterDouble>
    <userParameterDouble>
      <name>MaxwellCoefficient_13</name>
      <value>0.0</value>
    </userParameterDouble>
    <userParameterDouble>
      <name>MaxwellCoefficient_14</name>
      <value>0.0</value>
    </userParameterDouble>
    <userParameterDouble>
      <name>MaxwellCoefficient_15</name>
      <value>0.0</value>
    </userParameterDouble>
    <userParameterString>
      <name>protfile</name>
      <value>spiralout_gre_fatsat_7T_15f2a.seq</value>
    </userParameterString>
    <userParameterString>
      <name>seq_signature</name>
      <value>15f2a44fbb9e9df61ce17e0746288b22</value>
    </userParameterString>
  </userParameters>
</ismrmrdHeader>

2026-09-22 14:13:44,030 - Data is from a SIEMENS Investigational_Device_7T_Plus at 7.0T
2026-09-22 14:13:44,034 - Starting bart_pulseq processing based on config
2026-09-22 14:13:44,048 - Signature check passed with signature 15f2a44fbb9e9df61ce17e0746288b22.
2026-09-22 14:13:44,067 - Starting spiral reconstruction.
2026-09-22 14:13:44,084 - Config: 
bart_pulseq
2026-09-22 14:13:44,085 - Incoming dataset contains 1 encodings
2026-09-22 14:13:44,086 - Trajectory type 'spiral', matrix size (220 x 220 x 1), field of view (220.0 x 220.0 x 1.0)mm^3
2026-09-22 14:13:44,086 - Reading in protocol acquisitions.
2026-09-22 14:13:44,424 - <-- Received MRD_MESSAGE_ISMRMRD_ACQUISITION (1008) (total: 1)
2026-09-22 14:13:44,910 - <-- Received MRD_MESSAGE_ISMRMRD_ACQUISITION (1008) (total: 100)
2026-09-22 14:13:45,092 - nx/ny/nz: 110/110/1; enc1 min/max: 0/109; enc2 min/max:0/0, ncol: 110
2026-09-22 14:13:45,107 - --> Sending MRD_MESSAGE_CLOSE (4)
2026-09-22 14:13:45,108 - tuple index out of range
Traceback (most recent call last):
  File "/opt/code/python-ismrmrd-server/server.py", line 152, in handle
    bart_pulseq.process(connection, config, metadata)
  File "/opt/code/python-ismrmrd-server/bart_pulseq.py", line 54, in process
    bart_pulseq_noncart.process_noncart(connection, config, metadata, prot_file)
  File "/opt/code/python-ismrmrd-server/bart_pulseq_noncart.py", line 212, in process_noncart
    acs[item.idx.slice] = process_acs(acsGroup[item.idx.slice], metadata, cc_cha, dmtx)
                          ^^^^^^^^^^^^^^^^^^^^^^^^^^^^^^^^^^^^^^^^^^^^^^^^^^^^^^^^^^^^^
  File "/opt/code/python-ismrmrd-server/bart_pulseq_noncart.py", line 731, in process_acs
    refimg = cifftn(data,axes=[0,1,2])
             ^^^^^^^^^^^^^^^^^^^^^^^^^
  File "/opt/code/python-ismrmrd-server/cfft.py", line 25, in cifftn
    return fft.ifftshift(fft.ifftn(fft.fftshift(data, axes=axes), axes=axes, norm=norm), axes=axes)
                                   ^^^^^^^^^^^^^^^^^^^^^^^^^^^^^
  File "/opt/venv/lib/python3.12/site-packages/numpy/fft/_helper.py", line 72, in fftshift
    shift = [x.shape[ax] // 2 for ax in axes]
             ~~~~~~~^^^^
IndexError: tuple index out of range
2026-09-22 14:13:45,111 - Socket closed
2026-09-22 14:16:17,847 - Accepting connection from: 172.17.0.1:48760
2026-09-22 14:16:17,854 -     bart_pulseq
2026-09-22 14:16:17,858 - XML Metadata: <?xml version="1.0" encoding="ascii"?>
<ismrmrdHeader xmlns="http://www.ismrm.org/ISMRMRD">
  <studyInformation>
    <studyTime>13:08:49</studyTime>
  </studyInformation>
  <measurementInformation>
    <measurementID>18976_72062168_72062173_424</measurementID>
    <patientPosition>HFS</patientPosition>
    <protocolName>pulseq_spiralout_fatsat_pypulseq</protocolName>
    <frameOfReferenceUID>1.3.12.2.1107.5.2.0.18976.1.20211008123859439.0.0.0</frameOfReferenceUID>
  </measurementInformation>
  <acquisitionSystemInformation>
    <systemVendor>SIEMENS</systemVendor>
    <systemModel>Investigational_Device_7T_Plus</systemModel>
    <systemFieldStrength_T>6.98094</systemFieldStrength_T>
    <relativeReceiverNoiseBandwidth>0.793</relativeReceiverNoiseBandwidth>
    <receiverChannels>32</receiverChannels>
    <institutionName>DZNE</institutionName>
  </acquisitionSystemInformation>
  <experimentalConditions>
    <H1resonanceFrequency_Hz>297216994</H1resonanceFrequency_Hz>
  </experimentalConditions>
  <encoding>
    <encodedSpace>
      <matrixSize>
        <x>64</x>
        <y>64</y>
        <z>2</z>
      </matrixSize>
      <fieldOfView_mm>
        <x>220.0</x>
        <y>220.0</y>
        <z>1.0</z>
      </fieldOfView_mm>
    </encodedSpace>
    <reconSpace>
      <matrixSize>
        <x>64</x>
        <y>64</y>
        <z>1</z>
      </matrixSize>
      <fieldOfView_mm>
        <x>220.0</x>
        <y>220.0</y>
        <z>1.0</z>
      </fieldOfView_mm>
    </reconSpace>
    <encodingLimits>
      <kspace_encoding_step_1>
        <minimum>0</minimum>
        <maximum>0</maximum>
        <center>32</center>
      </kspace_encoding_step_1>
      <kspace_encoding_step_2>
        <minimum>0</minimum>
        <maximum>0</maximum>
        <center>0</center>
      </kspace_encoding_step_2>
      <average>
        <minimum>0</minimum>
        <maximum>0</maximum>
        <center>0</center>
      </average>
      <slice>
        <minimum>0</minimum>
        <maximum>0</maximum>
        <center>0</center>
      </slice>
      <contrast>
        <minimum>0</minimum>
        <maximum>0</maximum>
        <center>0</center>
      </contrast>
      <phase>
        <minimum>0</minimum>
        <maximum>0</maximum>
        <center>0</center>
      </phase>
      <repetition>
        <minimum>0</minimum>
        <maximum>0</maximum>
        <center>0</center>
      </repetition>
      <set>
        <minimum>0</minimum>
        <maximum>0</maximum>
        <center>0</center>
      </set>
      <segment>
        <minimum>0</minimum>
        <maximum>0</maximum>
        <center>0</center>
      </segment>
    </encodingLimits>
    <trajectory>cartesian</trajectory>
    <parallelImaging>
      <accelerationFactor>
        <kspace_encoding_step_1>1</kspace_encoding_step_1>
        <kspace_encoding_step_2>1</kspace_encoding_step_2>
      </accelerationFactor>
      <calibrationMode>other</calibrationMode>
    </parallelImaging>
  </encoding>
  <sequenceParameters>
    <TR>50.0</TR>
    <TE>20.0</TE>
    <flipAngle_deg>15.0</flipAngle_deg>
  </sequenceParameters>
  <userParameters>
    <userParameterLong>
      <name>sWipMemBlock.alFree[0]</name>
      <value>2</value>
    </userParameterLong>
    <userParameterLong>
      <name>sWipMemBlock.alFree[1]</name>
      <value>2</value>
    </userParameterLong>
    <userParameterLong>
      <name>sWipMemBlock.alFree[2]</name>
      <value>0</value>
    </userParameterLong>
    <userParameterLong>
      <name>sWipMemBlock.alFree[3]</name>
      <value>2</value>
    </userParameterLong>
    <userParameterLong>
      <name>sWipMemBlock.alFree[4]</name>
      <value>0</value>
    </userParameterLong>
    <userParameterLong>
      <name>sWipMemBlock.alFree[5]</name>
      <value>0</value>
    </userParameterLong>
    <userParameterLong>
      <name>sWipMemBlock.alFree[6]</name>
      <value>0</value>
    </userParameterLong>
    <userParameterLong>
      <name>sWipMemBlock.alFree[7]</name>
      <value>1</value>
    </userParameterLong>
    <userParameterLong>
      <name>sWipMemBlock.alFree[8]</name>
      <value>1</value>
    </userParameterLong>
    <userParameterLong>
      <name>sWipMemBlock.alFree[9]</name>
      <value>0</value>
    </userParameterLong>
    <userParameterLong>
      <name>sWipMemBlock.alFree[10]</name>
      <value>0</value>
    </userParameterLong>
    <userParameterLong>
      <name>sWipMemBlock.alFree[11]</name>
      <value>0</value>
    </userParameterLong>
    <userParameterLong>
      <name>sWipMemBlock.alFree[12]</name>
      <value>0</value>
    </userParameterLong>
    <userParameterLong>
      <name>sWipMemBlock.alFree[13]</name>
      <value>0</value>
    </userParameterLong>
    <userParameterLong>
      <name>sWipMemBlock.alFree[14]</name>
      <value>0</value>
    </userParameterLong>
    <userParameterLong>
      <name>sWipMemBlock.alFree[15]</name>
      <value>0</value>
    </userParameterLong>
    <userParameterLong>
      <name>sWipMemBlock.alFree[16]</name>
      <value>0</value>
    </userParameterLong>
    <userParameterLong>
      <name>sWipMemBlock.alFree[17]</name>
      <value>0</value>
    </userParameterLong>
    <userParameterLong>
      <name>sWipMemBlock.alFree[18]</name>
      <value>0</value>
    </userParameterLong>
    <userParameterLong>
      <name>sWipMemBlock.alFree[19]</name>
      <value>0</value>
    </userParameterLong>
    <userParameterLong>
      <name>sWipMemBlock.alFree[20]</name>
      <value>0</value>
    </userParameterLong>
    <userParameterLong>
      <name>sWipMemBlock.alFree[21]</name>
      <value>0</value>
    </userParameterLong>
    <userParameterLong>
      <name>sWipMemBlock.alFree[22]</name>
      <value>0</value>
    </userParameterLong>
    <userParameterLong>
      <name>sWipMemBlock.alFree[23]</name>
      <value>0</value>
    </userParameterLong>
    <userParameterLong>
      <name>sWipMemBlock.alFree[24]</name>
      <value>0</value>
    </userParameterLong>
    <userParameterLong>
      <name>sWipMemBlock.alFree[25]</name>
      <value>0</value>
    </userParameterLong>
    <userParameterLong>
      <name>sWipMemBlock.alFree[26]</name>
      <value>0</value>
    </userParameterLong>
    <userParameterLong>
      <name>sWipMemBlock.alFree[27]</name>
      <value>0</value>
    </userParameterLong>
    <userParameterLong>
      <name>sWipMemBlock.alFree[28]</name>
      <value>0</value>
    </userParameterLong>
    <userParameterLong>
      <name>sWipMemBlock.alFree[29]</name>
      <value>0</value>
    </userParameterLong>
    <userParameterLong>
      <name>sWipMemBlock.alFree[30]</name>
      <value>0</value>
    </userParameterLong>
    <userParameterLong>
      <name>sWipMemBlock.alFree[31]</name>
      <value>0</value>
    </userParameterLong>
    <userParameterLong>
      <name>sWipMemBlock.alFree[32]</name>
      <value>0</value>
    </userParameterLong>
    <userParameterLong>
      <name>sWipMemBlock.alFree[33]</name>
      <value>0</value>
    </userParameterLong>
    <userParameterLong>
      <name>sWipMemBlock.alFree[34]</name>
      <value>0</value>
    </userParameterLong>
    <userParameterLong>
      <name>sWipMemBlock.alFree[35]</name>
      <value>0</value>
    </userParameterLong>
    <userParameterLong>
      <name>sWipMemBlock.alFree[36]</name>
      <value>0</value>
    </userParameterLong>
    <userParameterLong>
      <name>sWipMemBlock.alFree[37]</name>
      <value>0</value>
    </userParameterLong>
    <userParameterLong>
      <name>sWipMemBlock.alFree[38]</name>
      <value>0</value>
    </userParameterLong>
    <userParameterLong>
      <name>sWipMemBlock.alFree[39]</name>
      <value>0</value>
    </userParameterLong>
    <userParameterLong>
      <name>sWipMemBlock.alFree[40]</name>
      <value>0</value>
    </userParameterLong>
    <userParameterLong>
      <name>sWipMemBlock.alFree[41]</name>
      <value>0</value>
    </userParameterLong>
    <userParameterLong>
      <name>sWipMemBlock.alFree[42]</name>
      <value>0</value>
    </userParameterLong>
    <userParameterLong>
      <name>sWipMemBlock.alFree[43]</name>
      <value>0</value>
    </userParameterLong>
    <userParameterLong>
      <name>sWipMemBlock.alFree[44]</name>
      <value>0</value>
    </userParameterLong>
    <userParameterLong>
      <name>sWipMemBlock.alFree[45]</name>
      <value>0</value>
    </userParameterLong>
    <userParameterLong>
      <name>sWipMemBlock.alFree[46]</name>
      <value>0</value>
    </userParameterLong>
    <userParameterLong>
      <name>sWipMemBlock.alFree[47]</name>
      <value>0</value>
    </userParameterLong>
    <userParameterLong>
      <name>sWipMemBlock.alFree[48]</name>
      <value>0</value>
    </userParameterLong>
    <userParameterLong>
      <name>sWipMemBlock.alFree[49]</name>
      <value>0</value>
    </userParameterLong>
    <userParameterLong>
      <name>sWipMemBlock.alFree[50]</name>
      <value>0</value>
    </userParameterLong>
    <userParameterLong>
      <name>sWipMemBlock.alFree[51]</name>
      <value>0</value>
    </userParameterLong>
    <userParameterLong>
      <name>sWipMemBlock.alFree[52]</name>
      <value>0</value>
    </userParameterLong>
    <userParameterLong>
      <name>sWipMemBlock.alFree[53]</name>
      <value>0</value>
    </userParameterLong>
    <userParameterLong>
      <name>sWipMemBlock.alFree[54]</name>
      <value>0</value>
    </userParameterLong>
    <userParameterLong>
      <name>sWipMemBlock.alFree[55]</name>
      <value>0</value>
    </userParameterLong>
    <userParameterLong>
      <name>sWipMemBlock.alFree[56]</name>
      <value>0</value>
    </userParameterLong>
    <userParameterLong>
      <name>sWipMemBlock.alFree[57]</name>
      <value>0</value>
    </userParameterLong>
    <userParameterLong>
      <name>sWipMemBlock.alFree[58]</name>
      <value>0</value>
    </userParameterLong>
    <userParameterLong>
      <name>sWipMemBlock.alFree[59]</name>
      <value>0</value>
    </userParameterLong>
    <userParameterLong>
      <name>sWipMemBlock.alFree[60]</name>
      <value>0</value>
    </userParameterLong>
    <userParameterLong>
      <name>sWipMemBlock.alFree[61]</name>
      <value>0</value>
    </userParameterLong>
    <userParameterLong>
      <name>sWipMemBlock.alFree[62]</name>
      <value>0</value>
    </userParameterLong>
    <userParameterLong>
      <name>sWipMemBlock.alFree[63]</name>
      <value>0</value>
    </userParameterLong>
    <userParameterDouble>
      <name>dwellTime_us</name>
      <value>0.0</value>
    </userParameterDouble>
    <userParameterDouble>
      <name>traj_delay</name>
      <value>0.0</value>
    </userParameterDouble>
    <userParameterDouble>
      <name>nsegments</name>
      <value>1.0</value>
    </userParameterDouble>
    <userParameterDouble>
      <name>t_min</name>
      <value>0.0</value>
    </userParameterDouble>
    <userParameterDouble>
      <name>os_region</name>
      <value>0.0</value>
    </userParameterDouble>
    <userParameterDouble>
      <name>RefVoltage</name>
      <value>238.917</value>
    </userParameterDouble>
    <userParameterDouble>
      <name>ShimCurrent[0]</name>
      <value>497.0</value>
    </userParameterDouble>
    <userParameterDouble>
      <name>ShimCurrent[1]</name>
      <value>-196.0</value>
    </userParameterDouble>
    <userParameterDouble>
      <name>ShimCurrent[2]</name>
      <value>-77.0</value>
    </userParameterDouble>
    <userParameterDouble>
      <name>ShimCurrent[3]</name>
      <value>413.0</value>
    </userParameterDouble>
    <userParameterDouble>
      <name>ShimCurrent[4]</name>
      <value>-117.0</value>
    </userParameterDouble>
    <userParameterDouble>
      <name>ShimCurrent[5]</name>
      <value>896.0</value>
    </userParameterDouble>
    <userParameterDouble>
      <name>ShimCurrent[6]</name>
      <value>-547.0</value>
    </userParameterDouble>
    <userParameterDouble>
      <name>ShimCurrent[7]</name>
      <value>-849.0</value>
    </userParameterDouble>
    <userParameterDouble>
      <name>ShimCurrent[8]</name>
      <value>1132.0</value>
    </userParameterDouble>
    <userParameterDouble>
      <name>ShimCurrent[9]</name>
      <value>0.0</value>
    </userParameterDouble>
    <userParameterDouble>
      <name>ShimCurrent[10]</name>
      <value>0.0</value>
    </userParameterDouble>
    <userParameterDouble>
      <name>ShimCurrent[11]</name>
      <value>0.0</value>
    </userParameterDouble>
    <userParameterDouble>
      <name>ShimCurrent[12]</name>
      <value>0.0</value>
    </userParameterDouble>
    <userParameterDouble>
      <name>ShimCurrent[13]</name>
      <value>0.0</value>
    </userParameterDouble>
    <userParameterDouble>
      <name>ShimCurrent[14]</name>
      <value>0.0</value>
    </userParameterDouble>
    <userParameterDouble>
      <name>sB0CompensationX_Amp_0</name>
      <value>0.038619</value>
    </userParameterDouble>
    <userParameterDouble>
      <name>sB0CompensationX_Amp_1</name>
      <value>0.084644</value>
    </userParameterDouble>
    <userParameterDouble>
      <name>sB0CompensationX_Amp_2</name>
      <value>0.011392</value>
    </userParameterDouble>
    <userParameterDouble>
      <name>sB0CompensationY_Amp_0</name>
      <value>0.011207</value>
    </userParameterDouble>
    <userParameterDouble>
      <name>sB0CompensationY_Amp_1</name>
      <value>-0.079912</value>
    </userParameterDouble>
    <userParameterDouble>
      <name>sB0CompensationY_Amp_2</name>
      <value>-0.044527</value>
    </userParameterDouble>
    <userParameterDouble>
      <name>sB0CompensationZ_Amp_0</name>
      <value>0.082044</value>
    </userParameterDouble>
    <userParameterDouble>
      <name>sB0CompensationZ_Amp_1</name>
      <value>0.312251</value>
    </userParameterDouble>
    <userParameterDouble>
      <name>sB0CompensationZ_Amp_2</name>
      <value>0.052789</value>
    </userParameterDouble>
    <userParameterDouble>
      <name>sB0CompensationX_Tau_0</name>
      <value>1.46222</value>
    </userParameterDouble>
    <userParameterDouble>
      <name>sB0CompensationX_Tau_1</name>
      <value>0.221393</value>
    </userParameterDouble>
    <userParameterDouble>
      <name>sB0CompensationX_Tau_2</name>
      <value>0.002947</value>
    </userParameterDouble>
    <userParameterDouble>
      <name>sB0CompensationY_Tau_0</name>
      <value>1.99967</value>
    </userParameterDouble>
    <userParameterDouble>
      <name>sB0CompensationY_Tau_1</name>
      <value>0.202127</value>
    </userParameterDouble>
    <userParameterDouble>
      <name>sB0CompensationY_Tau_2</name>
      <value>0.00121</value>
    </userParameterDouble>
    <userParameterDouble>
      <name>sB0CompensationZ_Tau_0</name>
      <value>1.27957</value>
    </userParameterDouble>
    <userParameterDouble>
      <name>sB0CompensationZ_Tau_1</name>
      <value>0.230131</value>
    </userParameterDouble>
    <userParameterDouble>
      <name>sB0CompensationZ_Tau_2</name>
      <value>0.000757</value>
    </userParameterDouble>
    <userParameterDouble>
      <name>sWipMemBlock.adFree[0]</name>
      <value>0.0</value>
    </userParameterDouble>
    <userParameterDouble>
      <name>sWipMemBlock.adFree[1]</name>
      <value>0.0</value>
    </userParameterDouble>
    <userParameterDouble>
      <name>sWipMemBlock.adFree[2]</name>
      <value>0.0</value>
    </userParameterDouble>
    <userParameterDouble>
      <name>sWipMemBlock.adFree[3]</name>
      <value>0.0</value>
    </userParameterDouble>
    <userParameterDouble>
      <name>sWipMemBlock.adFree[4]</name>
      <value>0.0</value>
    </userParameterDouble>
    <userParameterDouble>
      <name>sWipMemBlock.adFree[5]</name>
      <value>0.0</value>
    </userParameterDouble>
    <userParameterDouble>
      <name>sWipMemBlock.adFree[6]</name>
      <value>0.0</value>
    </userParameterDouble>
    <userParameterDouble>
      <name>sWipMemBlock.adFree[7]</name>
      <value>0.0</value>
    </userParameterDouble>
    <userParameterDouble>
      <name>sWipMemBlock.adFree[8]</name>
      <value>0.0</value>
    </userParameterDouble>
    <userParameterDouble>
      <name>sWipMemBlock.adFree[9]</name>
      <value>0.0</value>
    </userParameterDouble>
    <userParameterDouble>
      <name>sWipMemBlock.adFree[10]</name>
      <value>0.0</value>
    </userParameterDouble>
    <userParameterDouble>
      <name>sWipMemBlock.adFree[11]</name>
      <value>0.0</value>
    </userParameterDouble>
    <userParameterDouble>
      <name>sWipMemBlock.adFree[12]</name>
      <value>0.0</value>
    </userParameterDouble>
    <userParameterDouble>
      <name>sWipMemBlock.adFree[13]</name>
      <value>0.0</value>
    </userParameterDouble>
    <userParameterDouble>
      <name>sWipMemBlock.adFree[14]</name>
      <value>0.0</value>
    </userParameterDouble>
    <userParameterDouble>
      <name>sWipMemBlock.adFree[15]</name>
      <value>0.0</value>
    </userParameterDouble>
    <userParameterDouble>
      <name>MaxwellCoefficient_0</name>
      <value>0.0</value>
    </userParameterDouble>
    <userParameterDouble>
      <name>MaxwellCoefficient_1</name>
      <value>0.0</value>
    </userParameterDouble>
    <userParameterDouble>
      <name>MaxwellCoefficient_2</name>
      <value>0.0</value>
    </userParameterDouble>
    <userParameterDouble>
      <name>MaxwellCoefficient_3</name>
      <value>0.0</value>
    </userParameterDouble>
    <userParameterDouble>
      <name>MaxwellCoefficient_4</name>
      <value>0.0</value>
    </userParameterDouble>
    <userParameterDouble>
      <name>MaxwellCoefficient_5</name>
      <value>0.0</value>
    </userParameterDouble>
    <userParameterDouble>
      <name>MaxwellCoefficient_6</name>
      <value>0.0</value>
    </userParameterDouble>
    <userParameterDouble>
      <name>MaxwellCoefficient_7</name>
      <value>0.0</value>
    </userParameterDouble>
    <userParameterDouble>
      <name>MaxwellCoefficient_8</name>
      <value>0.0</value>
    </userParameterDouble>
    <userParameterDouble>
      <name>MaxwellCoefficient_9</name>
      <value>0.0</value>
    </userParameterDouble>
    <userParameterDouble>
      <name>MaxwellCoefficient_10</name>
      <value>0.0</value>
    </userParameterDouble>
    <userParameterDouble>
      <name>MaxwellCoefficient_11</name>
      <value>0.0</value>
    </userParameterDouble>
    <userParameterDouble>
      <name>MaxwellCoefficient_12</name>
      <value>0.0</value>
    </userParameterDouble>
    <userParameterDouble>
      <name>MaxwellCoefficient_13</name>
      <value>0.0</value>
    </userParameterDouble>
    <userParameterDouble>
      <name>MaxwellCoefficient_14</name>
      <value>0.0</value>
    </userParameterDouble>
    <userParameterDouble>
      <name>MaxwellCoefficient_15</name>
      <value>0.0</value>
    </userParameterDouble>
    <userParameterString>
      <name>protfile</name>
      <value>spiralout_gre_fatsat_7T_15f2a.seq</value>
    </userParameterString>
    <userParameterString>
      <name>seq_signature</name>
      <value>15f2a44fbb9e9df61ce17e0746288b22</value>
    </userParameterString>
  </userParameters>
</ismrmrdHeader>

2026-09-22 14:16:17,889 - Data is from a SIEMENS Investigational_Device_7T_Plus at 7.0T
2026-09-22 14:16:17,891 - Starting bart_pulseq processing based on config
2026-09-22 14:16:17,905 - Signature check passed with signature 15f2a44fbb9e9df61ce17e0746288b22.
2026-09-22 14:16:17,923 - Starting spiral reconstruction.
2026-09-22 14:16:17,937 - Config: 
bart_pulseq
2026-09-22 14:16:17,937 - Incoming dataset contains 1 encodings
2026-09-22 14:16:17,938 - Trajectory type 'spiral', matrix size (220 x 220 x 1), field of view (220.0 x 220.0 x 1.0)mm^3
2026-09-22 14:16:17,938 - Reading in protocol acquisitions.
2026-09-22 14:16:18,207 - <-- Received MRD_MESSAGE_ISMRMRD_ACQUISITION (1008) (total: 1)
2026-09-22 14:16:18,729 - <-- Received MRD_MESSAGE_ISMRMRD_ACQUISITION (1008) (total: 100)
2026-09-22 14:16:18,898 - nx/ny/nz: 110/110/1; enc1 min/max: 0/109; enc2 min/max:0/0, ncol: 110
2026-09-22 14:16:18,920 - --> Sending MRD_MESSAGE_CLOSE (4)
2026-09-22 14:16:18,922 - tuple index out of range
Traceback (most recent call last):
  File "/opt/code/python-ismrmrd-server/server.py", line 152, in handle
    bart_pulseq.process(connection, config, metadata)
  File "/opt/code/python-ismrmrd-server/bart_pulseq.py", line 54, in process
    bart_pulseq_noncart.process_noncart(connection, config, metadata, prot_file)
  File "/opt/code/python-ismrmrd-server/bart_pulseq_noncart.py", line 212, in process_noncart
    acs[item.idx.slice] = process_acs(acsGroup[item.idx.slice], metadata, cc_cha, dmtx)
                          ^^^^^^^^^^^^^^^^^^^^^^^^^^^^^^^^^^^^^^^^^^^^^^^^^^^^^^^^^^^^^
  File "/opt/code/python-ismrmrd-server/bart_pulseq_noncart.py", line 731, in process_acs
    refimg = cifftn(data,axes=[0,1,2])
             ^^^^^^^^^^^^^^^^^^^^^^^^^
  File "/opt/code/python-ismrmrd-server/cfft.py", line 25, in cifftn
    return fft.ifftshift(fft.ifftn(fft.fftshift(data, axes=axes), axes=axes, norm=norm), axes=axes)
                                   ^^^^^^^^^^^^^^^^^^^^^^^^^^^^^
  File "/opt/venv/lib/python3.12/site-packages/numpy/fft/_helper.py", line 72, in fftshift
    shift = [x.shape[ax] // 2 for ax in axes]
             ~~~~~~~^^^^
IndexError: tuple index out of range
2026-09-22 14:16:18,928 - Socket closed
2026-09-22 14:21:37,471 - Accepting connection from: 172.17.0.1:58758
2026-09-22 14:21:37,480 -     bart_pulseq
2026-09-22 14:21:37,484 - XML Metadata: <?xml version="1.0" encoding="ascii"?>
<ismrmrdHeader xmlns="http://www.ismrm.org/ISMRMRD">
  <studyInformation>
    <studyTime>13:08:49</studyTime>
  </studyInformation>
  <measurementInformation>
    <measurementID>18976_72062168_72062173_424</measurementID>
    <patientPosition>HFS</patientPosition>
    <protocolName>pulseq_spiralout_fatsat_pypulseq</protocolName>
    <frameOfReferenceUID>1.3.12.2.1107.5.2.0.18976.1.20211008123859439.0.0.0</frameOfReferenceUID>
  </measurementInformation>
  <acquisitionSystemInformation>
    <systemVendor>SIEMENS</systemVendor>
    <systemModel>Investigational_Device_7T_Plus</systemModel>
    <systemFieldStrength_T>6.98094</systemFieldStrength_T>
    <relativeReceiverNoiseBandwidth>0.793</relativeReceiverNoiseBandwidth>
    <receiverChannels>32</receiverChannels>
    <institutionName>DZNE</institutionName>
  </acquisitionSystemInformation>
  <experimentalConditions>
    <H1resonanceFrequency_Hz>297216994</H1resonanceFrequency_Hz>
  </experimentalConditions>
  <encoding>
    <encodedSpace>
      <matrixSize>
        <x>64</x>
        <y>64</y>
        <z>2</z>
      </matrixSize>
      <fieldOfView_mm>
        <x>220.0</x>
        <y>220.0</y>
        <z>1.0</z>
      </fieldOfView_mm>
    </encodedSpace>
    <reconSpace>
      <matrixSize>
        <x>64</x>
        <y>64</y>
        <z>1</z>
      </matrixSize>
      <fieldOfView_mm>
        <x>220.0</x>
        <y>220.0</y>
        <z>1.0</z>
      </fieldOfView_mm>
    </reconSpace>
    <encodingLimits>
      <kspace_encoding_step_1>
        <minimum>0</minimum>
        <maximum>0</maximum>
        <center>32</center>
      </kspace_encoding_step_1>
      <kspace_encoding_step_2>
        <minimum>0</minimum>
        <maximum>0</maximum>
        <center>0</center>
      </kspace_encoding_step_2>
      <average>
        <minimum>0</minimum>
        <maximum>0</maximum>
        <center>0</center>
      </average>
      <slice>
        <minimum>0</minimum>
        <maximum>0</maximum>
        <center>0</center>
      </slice>
      <contrast>
        <minimum>0</minimum>
        <maximum>0</maximum>
        <center>0</center>
      </contrast>
      <phase>
        <minimum>0</minimum>
        <maximum>0</maximum>
        <center>0</center>
      </phase>
      <repetition>
        <minimum>0</minimum>
        <maximum>0</maximum>
        <center>0</center>
      </repetition>
      <set>
        <minimum>0</minimum>
        <maximum>0</maximum>
        <center>0</center>
      </set>
      <segment>
        <minimum>0</minimum>
        <maximum>0</maximum>
        <center>0</center>
      </segment>
    </encodingLimits>
    <trajectory>cartesian</trajectory>
    <parallelImaging>
      <accelerationFactor>
        <kspace_encoding_step_1>1</kspace_encoding_step_1>
        <kspace_encoding_step_2>1</kspace_encoding_step_2>
      </accelerationFactor>
      <calibrationMode>other</calibrationMode>
    </parallelImaging>
  </encoding>
  <sequenceParameters>
    <TR>50.0</TR>
    <TE>20.0</TE>
    <flipAngle_deg>15.0</flipAngle_deg>
  </sequenceParameters>
  <userParameters>
    <userParameterLong>
      <name>sWipMemBlock.alFree[0]</name>
      <value>2</value>
    </userParameterLong>
    <userParameterLong>
      <name>sWipMemBlock.alFree[1]</name>
      <value>2</value>
    </userParameterLong>
    <userParameterLong>
      <name>sWipMemBlock.alFree[2]</name>
      <value>0</value>
    </userParameterLong>
    <userParameterLong>
      <name>sWipMemBlock.alFree[3]</name>
      <value>2</value>
    </userParameterLong>
    <userParameterLong>
      <name>sWipMemBlock.alFree[4]</name>
      <value>0</value>
    </userParameterLong>
    <userParameterLong>
      <name>sWipMemBlock.alFree[5]</name>
      <value>0</value>
    </userParameterLong>
    <userParameterLong>
      <name>sWipMemBlock.alFree[6]</name>
      <value>0</value>
    </userParameterLong>
    <userParameterLong>
      <name>sWipMemBlock.alFree[7]</name>
      <value>1</value>
    </userParameterLong>
    <userParameterLong>
      <name>sWipMemBlock.alFree[8]</name>
      <value>1</value>
    </userParameterLong>
    <userParameterLong>
      <name>sWipMemBlock.alFree[9]</name>
      <value>0</value>
    </userParameterLong>
    <userParameterLong>
      <name>sWipMemBlock.alFree[10]</name>
      <value>0</value>
    </userParameterLong>
    <userParameterLong>
      <name>sWipMemBlock.alFree[11]</name>
      <value>0</value>
    </userParameterLong>
    <userParameterLong>
      <name>sWipMemBlock.alFree[12]</name>
      <value>0</value>
    </userParameterLong>
    <userParameterLong>
      <name>sWipMemBlock.alFree[13]</name>
      <value>0</value>
    </userParameterLong>
    <userParameterLong>
      <name>sWipMemBlock.alFree[14]</name>
      <value>0</value>
    </userParameterLong>
    <userParameterLong>
      <name>sWipMemBlock.alFree[15]</name>
      <value>0</value>
    </userParameterLong>
    <userParameterLong>
      <name>sWipMemBlock.alFree[16]</name>
      <value>0</value>
    </userParameterLong>
    <userParameterLong>
      <name>sWipMemBlock.alFree[17]</name>
      <value>0</value>
    </userParameterLong>
    <userParameterLong>
      <name>sWipMemBlock.alFree[18]</name>
      <value>0</value>
    </userParameterLong>
    <userParameterLong>
      <name>sWipMemBlock.alFree[19]</name>
      <value>0</value>
    </userParameterLong>
    <userParameterLong>
      <name>sWipMemBlock.alFree[20]</name>
      <value>0</value>
    </userParameterLong>
    <userParameterLong>
      <name>sWipMemBlock.alFree[21]</name>
      <value>0</value>
    </userParameterLong>
    <userParameterLong>
      <name>sWipMemBlock.alFree[22]</name>
      <value>0</value>
    </userParameterLong>
    <userParameterLong>
      <name>sWipMemBlock.alFree[23]</name>
      <value>0</value>
    </userParameterLong>
    <userParameterLong>
      <name>sWipMemBlock.alFree[24]</name>
      <value>0</value>
    </userParameterLong>
    <userParameterLong>
      <name>sWipMemBlock.alFree[25]</name>
      <value>0</value>
    </userParameterLong>
    <userParameterLong>
      <name>sWipMemBlock.alFree[26]</name>
      <value>0</value>
    </userParameterLong>
    <userParameterLong>
      <name>sWipMemBlock.alFree[27]</name>
      <value>0</value>
    </userParameterLong>
    <userParameterLong>
      <name>sWipMemBlock.alFree[28]</name>
      <value>0</value>
    </userParameterLong>
    <userParameterLong>
      <name>sWipMemBlock.alFree[29]</name>
      <value>0</value>
    </userParameterLong>
    <userParameterLong>
      <name>sWipMemBlock.alFree[30]</name>
      <value>0</value>
    </userParameterLong>
    <userParameterLong>
      <name>sWipMemBlock.alFree[31]</name>
      <value>0</value>
    </userParameterLong>
    <userParameterLong>
      <name>sWipMemBlock.alFree[32]</name>
      <value>0</value>
    </userParameterLong>
    <userParameterLong>
      <name>sWipMemBlock.alFree[33]</name>
      <value>0</value>
    </userParameterLong>
    <userParameterLong>
      <name>sWipMemBlock.alFree[34]</name>
      <value>0</value>
    </userParameterLong>
    <userParameterLong>
      <name>sWipMemBlock.alFree[35]</name>
      <value>0</value>
    </userParameterLong>
    <userParameterLong>
      <name>sWipMemBlock.alFree[36]</name>
      <value>0</value>
    </userParameterLong>
    <userParameterLong>
      <name>sWipMemBlock.alFree[37]</name>
      <value>0</value>
    </userParameterLong>
    <userParameterLong>
      <name>sWipMemBlock.alFree[38]</name>
      <value>0</value>
    </userParameterLong>
    <userParameterLong>
      <name>sWipMemBlock.alFree[39]</name>
      <value>0</value>
    </userParameterLong>
    <userParameterLong>
      <name>sWipMemBlock.alFree[40]</name>
      <value>0</value>
    </userParameterLong>
    <userParameterLong>
      <name>sWipMemBlock.alFree[41]</name>
      <value>0</value>
    </userParameterLong>
    <userParameterLong>
      <name>sWipMemBlock.alFree[42]</name>
      <value>0</value>
    </userParameterLong>
    <userParameterLong>
      <name>sWipMemBlock.alFree[43]</name>
      <value>0</value>
    </userParameterLong>
    <userParameterLong>
      <name>sWipMemBlock.alFree[44]</name>
      <value>0</value>
    </userParameterLong>
    <userParameterLong>
      <name>sWipMemBlock.alFree[45]</name>
      <value>0</value>
    </userParameterLong>
    <userParameterLong>
      <name>sWipMemBlock.alFree[46]</name>
      <value>0</value>
    </userParameterLong>
    <userParameterLong>
      <name>sWipMemBlock.alFree[47]</name>
      <value>0</value>
    </userParameterLong>
    <userParameterLong>
      <name>sWipMemBlock.alFree[48]</name>
      <value>0</value>
    </userParameterLong>
    <userParameterLong>
      <name>sWipMemBlock.alFree[49]</name>
      <value>0</value>
    </userParameterLong>
    <userParameterLong>
      <name>sWipMemBlock.alFree[50]</name>
      <value>0</value>
    </userParameterLong>
    <userParameterLong>
      <name>sWipMemBlock.alFree[51]</name>
      <value>0</value>
    </userParameterLong>
    <userParameterLong>
      <name>sWipMemBlock.alFree[52]</name>
      <value>0</value>
    </userParameterLong>
    <userParameterLong>
      <name>sWipMemBlock.alFree[53]</name>
      <value>0</value>
    </userParameterLong>
    <userParameterLong>
      <name>sWipMemBlock.alFree[54]</name>
      <value>0</value>
    </userParameterLong>
    <userParameterLong>
      <name>sWipMemBlock.alFree[55]</name>
      <value>0</value>
    </userParameterLong>
    <userParameterLong>
      <name>sWipMemBlock.alFree[56]</name>
      <value>0</value>
    </userParameterLong>
    <userParameterLong>
      <name>sWipMemBlock.alFree[57]</name>
      <value>0</value>
    </userParameterLong>
    <userParameterLong>
      <name>sWipMemBlock.alFree[58]</name>
      <value>0</value>
    </userParameterLong>
    <userParameterLong>
      <name>sWipMemBlock.alFree[59]</name>
      <value>0</value>
    </userParameterLong>
    <userParameterLong>
      <name>sWipMemBlock.alFree[60]</name>
      <value>0</value>
    </userParameterLong>
    <userParameterLong>
      <name>sWipMemBlock.alFree[61]</name>
      <value>0</value>
    </userParameterLong>
    <userParameterLong>
      <name>sWipMemBlock.alFree[62]</name>
      <value>0</value>
    </userParameterLong>
    <userParameterLong>
      <name>sWipMemBlock.alFree[63]</name>
      <value>0</value>
    </userParameterLong>
    <userParameterDouble>
      <name>dwellTime_us</name>
      <value>0.0</value>
    </userParameterDouble>
    <userParameterDouble>
      <name>traj_delay</name>
      <value>0.0</value>
    </userParameterDouble>
    <userParameterDouble>
      <name>nsegments</name>
      <value>1.0</value>
    </userParameterDouble>
    <userParameterDouble>
      <name>t_min</name>
      <value>0.0</value>
    </userParameterDouble>
    <userParameterDouble>
      <name>os_region</name>
      <value>0.0</value>
    </userParameterDouble>
    <userParameterDouble>
      <name>RefVoltage</name>
      <value>238.917</value>
    </userParameterDouble>
    <userParameterDouble>
      <name>ShimCurrent[0]</name>
      <value>497.0</value>
    </userParameterDouble>
    <userParameterDouble>
      <name>ShimCurrent[1]</name>
      <value>-196.0</value>
    </userParameterDouble>
    <userParameterDouble>
      <name>ShimCurrent[2]</name>
      <value>-77.0</value>
    </userParameterDouble>
    <userParameterDouble>
      <name>ShimCurrent[3]</name>
      <value>413.0</value>
    </userParameterDouble>
    <userParameterDouble>
      <name>ShimCurrent[4]</name>
      <value>-117.0</value>
    </userParameterDouble>
    <userParameterDouble>
      <name>ShimCurrent[5]</name>
      <value>896.0</value>
    </userParameterDouble>
    <userParameterDouble>
      <name>ShimCurrent[6]</name>
      <value>-547.0</value>
    </userParameterDouble>
    <userParameterDouble>
      <name>ShimCurrent[7]</name>
      <value>-849.0</value>
    </userParameterDouble>
    <userParameterDouble>
      <name>ShimCurrent[8]</name>
      <value>1132.0</value>
    </userParameterDouble>
    <userParameterDouble>
      <name>ShimCurrent[9]</name>
      <value>0.0</value>
    </userParameterDouble>
    <userParameterDouble>
      <name>ShimCurrent[10]</name>
      <value>0.0</value>
    </userParameterDouble>
    <userParameterDouble>
      <name>ShimCurrent[11]</name>
      <value>0.0</value>
    </userParameterDouble>
    <userParameterDouble>
      <name>ShimCurrent[12]</name>
      <value>0.0</value>
    </userParameterDouble>
    <userParameterDouble>
      <name>ShimCurrent[13]</name>
      <value>0.0</value>
    </userParameterDouble>
    <userParameterDouble>
      <name>ShimCurrent[14]</name>
      <value>0.0</value>
    </userParameterDouble>
    <userParameterDouble>
      <name>sB0CompensationX_Amp_0</name>
      <value>0.038619</value>
    </userParameterDouble>
    <userParameterDouble>
      <name>sB0CompensationX_Amp_1</name>
      <value>0.084644</value>
    </userParameterDouble>
    <userParameterDouble>
      <name>sB0CompensationX_Amp_2</name>
      <value>0.011392</value>
    </userParameterDouble>
    <userParameterDouble>
      <name>sB0CompensationY_Amp_0</name>
      <value>0.011207</value>
    </userParameterDouble>
    <userParameterDouble>
      <name>sB0CompensationY_Amp_1</name>
      <value>-0.079912</value>
    </userParameterDouble>
    <userParameterDouble>
      <name>sB0CompensationY_Amp_2</name>
      <value>-0.044527</value>
    </userParameterDouble>
    <userParameterDouble>
      <name>sB0CompensationZ_Amp_0</name>
      <value>0.082044</value>
    </userParameterDouble>
    <userParameterDouble>
      <name>sB0CompensationZ_Amp_1</name>
      <value>0.312251</value>
    </userParameterDouble>
    <userParameterDouble>
      <name>sB0CompensationZ_Amp_2</name>
      <value>0.052789</value>
    </userParameterDouble>
    <userParameterDouble>
      <name>sB0CompensationX_Tau_0</name>
      <value>1.46222</value>
    </userParameterDouble>
    <userParameterDouble>
      <name>sB0CompensationX_Tau_1</name>
      <value>0.221393</value>
    </userParameterDouble>
    <userParameterDouble>
      <name>sB0CompensationX_Tau_2</name>
      <value>0.002947</value>
    </userParameterDouble>
    <userParameterDouble>
      <name>sB0CompensationY_Tau_0</name>
      <value>1.99967</value>
    </userParameterDouble>
    <userParameterDouble>
      <name>sB0CompensationY_Tau_1</name>
      <value>0.202127</value>
    </userParameterDouble>
    <userParameterDouble>
      <name>sB0CompensationY_Tau_2</name>
      <value>0.00121</value>
    </userParameterDouble>
    <userParameterDouble>
      <name>sB0CompensationZ_Tau_0</name>
      <value>1.27957</value>
    </userParameterDouble>
    <userParameterDouble>
      <name>sB0CompensationZ_Tau_1</name>
      <value>0.230131</value>
    </userParameterDouble>
    <userParameterDouble>
      <name>sB0CompensationZ_Tau_2</name>
      <value>0.000757</value>
    </userParameterDouble>
    <userParameterDouble>
      <name>sWipMemBlock.adFree[0]</name>
      <value>0.0</value>
    </userParameterDouble>
    <userParameterDouble>
      <name>sWipMemBlock.adFree[1]</name>
      <value>0.0</value>
    </userParameterDouble>
    <userParameterDouble>
      <name>sWipMemBlock.adFree[2]</name>
      <value>0.0</value>
    </userParameterDouble>
    <userParameterDouble>
      <name>sWipMemBlock.adFree[3]</name>
      <value>0.0</value>
    </userParameterDouble>
    <userParameterDouble>
      <name>sWipMemBlock.adFree[4]</name>
      <value>0.0</value>
    </userParameterDouble>
    <userParameterDouble>
      <name>sWipMemBlock.adFree[5]</name>
      <value>0.0</value>
    </userParameterDouble>
    <userParameterDouble>
      <name>sWipMemBlock.adFree[6]</name>
      <value>0.0</value>
    </userParameterDouble>
    <userParameterDouble>
      <name>sWipMemBlock.adFree[7]</name>
      <value>0.0</value>
    </userParameterDouble>
    <userParameterDouble>
      <name>sWipMemBlock.adFree[8]</name>
      <value>0.0</value>
    </userParameterDouble>
    <userParameterDouble>
      <name>sWipMemBlock.adFree[9]</name>
      <value>0.0</value>
    </userParameterDouble>
    <userParameterDouble>
      <name>sWipMemBlock.adFree[10]</name>
      <value>0.0</value>
    </userParameterDouble>
    <userParameterDouble>
      <name>sWipMemBlock.adFree[11]</name>
      <value>0.0</value>
    </userParameterDouble>
    <userParameterDouble>
      <name>sWipMemBlock.adFree[12]</name>
      <value>0.0</value>
    </userParameterDouble>
    <userParameterDouble>
      <name>sWipMemBlock.adFree[13]</name>
      <value>0.0</value>
    </userParameterDouble>
    <userParameterDouble>
      <name>sWipMemBlock.adFree[14]</name>
      <value>0.0</value>
    </userParameterDouble>
    <userParameterDouble>
      <name>sWipMemBlock.adFree[15]</name>
      <value>0.0</value>
    </userParameterDouble>
    <userParameterDouble>
      <name>MaxwellCoefficient_0</name>
      <value>0.0</value>
    </userParameterDouble>
    <userParameterDouble>
      <name>MaxwellCoefficient_1</name>
      <value>0.0</value>
    </userParameterDouble>
    <userParameterDouble>
      <name>MaxwellCoefficient_2</name>
      <value>0.0</value>
    </userParameterDouble>
    <userParameterDouble>
      <name>MaxwellCoefficient_3</name>
      <value>0.0</value>
    </userParameterDouble>
    <userParameterDouble>
      <name>MaxwellCoefficient_4</name>
      <value>0.0</value>
    </userParameterDouble>
    <userParameterDouble>
      <name>MaxwellCoefficient_5</name>
      <value>0.0</value>
    </userParameterDouble>
    <userParameterDouble>
      <name>MaxwellCoefficient_6</name>
      <value>0.0</value>
    </userParameterDouble>
    <userParameterDouble>
      <name>MaxwellCoefficient_7</name>
      <value>0.0</value>
    </userParameterDouble>
    <userParameterDouble>
      <name>MaxwellCoefficient_8</name>
      <value>0.0</value>
    </userParameterDouble>
    <userParameterDouble>
      <name>MaxwellCoefficient_9</name>
      <value>0.0</value>
    </userParameterDouble>
    <userParameterDouble>
      <name>MaxwellCoefficient_10</name>
      <value>0.0</value>
    </userParameterDouble>
    <userParameterDouble>
      <name>MaxwellCoefficient_11</name>
      <value>0.0</value>
    </userParameterDouble>
    <userParameterDouble>
      <name>MaxwellCoefficient_12</name>
      <value>0.0</value>
    </userParameterDouble>
    <userParameterDouble>
      <name>MaxwellCoefficient_13</name>
      <value>0.0</value>
    </userParameterDouble>
    <userParameterDouble>
      <name>MaxwellCoefficient_14</name>
      <value>0.0</value>
    </userParameterDouble>
    <userParameterDouble>
      <name>MaxwellCoefficient_15</name>
      <value>0.0</value>
    </userParameterDouble>
    <userParameterString>
      <name>protfile</name>
      <value>spiralout_gre_fatsat_7T_15f2a.seq</value>
    </userParameterString>
    <userParameterString>
      <name>seq_signature</name>
      <value>15f2a44fbb9e9df61ce17e0746288b22</value>
    </userParameterString>
  </userParameters>
</ismrmrdHeader>

2026-09-22 14:21:37,501 - Data is from a SIEMENS Investigational_Device_7T_Plus at 7.0T
2026-09-22 14:21:37,503 - Starting bart_pulseq processing based on config
2026-09-22 14:21:37,510 - Signature check passed with signature 15f2a44fbb9e9df61ce17e0746288b22.
2026-09-22 14:21:37,520 - Starting spiral reconstruction.
2026-09-22 14:21:37,530 - Config: 
bart_pulseq
2026-09-22 14:21:37,530 - Incoming dataset contains 1 encodings
2026-09-22 14:21:37,530 - Trajectory type 'spiral', matrix size (220 x 220 x 1), field of view (220.0 x 220.0 x 1.0)mm^3
2026-09-22 14:21:37,530 - Reading in protocol acquisitions.
2026-09-22 14:21:37,674 - <-- Received MRD_MESSAGE_ISMRMRD_ACQUISITION (1008) (total: 1)
2026-09-22 14:21:37,972 - <-- Received MRD_MESSAGE_ISMRMRD_ACQUISITION (1008) (total: 100)
2026-09-22 14:21:38,106 - nx/ny/nz: 110/110/1; enc1 min/max: 0/109; enc2 min/max:0/0, ncol: 110
2026-09-22 14:21:38,120 - --> Sending MRD_MESSAGE_CLOSE (4)
2026-09-22 14:21:38,120 - tuple index out of range
Traceback (most recent call last):
  File "/opt/code/python-ismrmrd-server/server.py", line 152, in handle
    bart_pulseq.process(connection, config, metadata)
  File "/opt/code/python-ismrmrd-server/bart_pulseq.py", line 54, in process
    bart_pulseq_noncart.process_noncart(connection, config, metadata, prot_file)
  File "/opt/code/python-ismrmrd-server/bart_pulseq_noncart.py", line 212, in process_noncart
    acs[item.idx.slice] = process_acs(acsGroup[item.idx.slice], metadata, cc_cha, dmtx)
                          ^^^^^^^^^^^^^^^^^^^^^^^^^^^^^^^^^^^^^^^^^^^^^^^^^^^^^^^^^^^^^
  File "/opt/code/python-ismrmrd-server/bart_pulseq_noncart.py", line 731, in process_acs
    refimg = cifftn(data,axes=[0,1,2])
             ^^^^^^^^^^^^^^^^^^^^^^^^^
  File "/opt/code/python-ismrmrd-server/cfft.py", line 25, in cifftn
    return fft.ifftshift(fft.ifftn(fft.fftshift(data, axes=axes), axes=axes, norm=norm), axes=axes)
                                   ^^^^^^^^^^^^^^^^^^^^^^^^^^^^^
  File "/opt/venv/lib/python3.12/site-packages/numpy/fft/_helper.py", line 72, in fftshift
    shift = [x.shape[ax] // 2 for ax in axes]
             ~~~~~~~^^^^
IndexError: tuple index out of range
2026-09-22 14:21:38,123 - Socket closed
2026-09-22 14:21:57,377 - Starting server and listening for data at 0.0.0.0:9002
2026-09-22 14:21:57,378 - Serving... 
2026-09-22 14:22:06,116 - Accepting connection from: 172.17.0.1:52260
2026-09-22 14:22:06,123 -     bart_pulseq
2026-09-22 14:22:06,143 - Data is from a SIEMENS Investigational_Device_7T_Plus at 7.0T
2026-09-22 14:22:07,159 - Starting bart_pulseq processing based on config
2026-09-22 14:22:07,161 - Creating converter from 3 to 5
2026-09-22 14:22:07,168 - Signature check passed with signature 15f2a44fbb9e9df61ce17e0746288b22.
2026-09-22 14:22:07,171 - Starting spiral reconstruction.
2026-09-22 14:22:07,177 - Config: 
bart_pulseq
2026-09-22 14:22:07,177 - Incoming dataset contains 1 encodings
2026-09-22 14:22:07,177 - Trajectory type 'spiral', matrix size (220 x 220 x 1), field of view (220.0 x 220.0 x 1.0)mm^3
2026-09-22 14:22:07,177 - Reading in metadata acquisitions.
2026-09-22 14:22:07,297 - <-- Received MRD_MESSAGE_ISMRMRD_ACQUISITION (1008) (total: 1)
2026-09-22 14:22:07,337 - <-- Received MRD_MESSAGE_ISMRMRD_ACQUISITION (1008) (total: 100)
2026-09-22 14:22:07,389 - nx/ny/nz: 220/220/1; enc1 min/max: 0/109; enc2 min/max:0/0, ncol: 110
2026-09-22 14:22:17,006 - Processing a group of k-space data
2026-09-22 14:22:17,093 - Trajectory shape = (3, 6508, 15) , Signal Shape = (1, 6508, 15, 32) 
2026-09-22 14:22:33,777 - Image data is size (220, 220, 1)
2026-09-22 14:22:33,781 - Sending images to client:
[Image(head=ImageHeader(version: 1, data_type: 2, flags: 0, measurement_uid: 424, matrix_size: (220, 220, 1), field_of_view: (220.0, 220.0, 1.0), channels: 1, position: (-1.8159806728363037, -27.845035552978516, 0.0), read_dir: (-5.960464477539063e-08, -0.9999999403953552, -0.0), phase_dir: (-0.9999999403953552, 5.960464477539063e-08, 0.0), slice_dir: (-0.0, -0.0, -1.0), patient_table_position: (0.0, 0.0, 0.0), average: 0, slice: 0, contrast: 0, phase: 0, repetition: 0, set: 0, acquisition_time_stamp: 18933923, physiology_time_stamp: (6510218, 0, 0), image_type: 0, image_index: 1, image_series_index: 1, user_int: (0, 0, 0, 0, 0, 0, 0, 0), user_float: (0.0, 0.0, 0.0, 0.0, 0.0, 0.0, 0.0, 0.0), attribute_string_len: 0, ),meta={'DataRole': 'Image', 'ImageProcessingHistory': ['FIRE', 'PYTHON'], 'WindowCenter': '16384', 'WindowWidth': '32768', 'Keep_image_geometry': '1'},data=array([[[[0, 0, 0, ..., 0, 0, 0],
         [0, 0, 0, ..., 0, 0, 0],
         [0, 0, 0, ..., 0, 0, 0],
         ...,
         [0, 0, 0, ..., 0, 0, 0],
         [0, 0, 0, ..., 0, 0, 0],
         [0, 0, 0, ..., 0, 0, 0]]]], dtype=int16))]
2026-09-22 14:22:33,782 - --> Sending MRD_MESSAGE_ISMRMRD_IMAGE (1022) (1 images)
2026-09-22 14:22:33,783 - --> Sending MRD_MESSAGE_CLOSE (4)
2026-09-22 14:22:33,787 - Socket closed
2026-09-22 14:25:06,969 - Accepting connection from: 172.17.0.1:37532
2026-09-22 14:25:06,975 -     bart_jemris
2026-09-22 14:25:06,985 - Data is from a JEMRIS v2.8.4 at 0.0T
2026-09-22 14:25:06,990 - Starting bart_jemris processing based on config
2026-09-22 14:25:06,990 - Config: 
bart_jemris
2026-09-22 14:25:06,990 - Reconstruction of simulated data.
2026-09-22 14:25:06,990 - Incoming dataset contains 1 encodings
2026-09-22 14:25:06,990 - Trajectory type 'other', matrix size (220 x 220 x 1), field of view (220.0 x 220.0 x 1.0)mm^3
2026-09-22 14:25:06,990 - <-- Received MRD_MESSAGE_ISMRMRD_ACQUISITION (1008) (total: 1)
2026-09-22 14:25:07,106 - Processing a group of k-space data
2026-09-22 14:25:07,128 - Trajectory shape = (3, 4940, 15) , Signal Shape = (1, 4940, 15, 1) 
2026-09-22 14:25:07,128 - Do BART reconstruction.
2026-09-22 14:25:07,549 - Image data is size (1, 4940, 15, 1)
2026-09-22 14:25:07,552 - Sending images to client:
[Image(head=ImageHeader(version: 1, data_type: 5, flags: 0, measurement_uid: 0, matrix_size: (220, 220, 1), field_of_view: (0.0, 0.0, 0.0), channels: 1, position: (0.0, 0.0, 0.0), read_dir: (0.0, 0.0, 0.0), phase_dir: (0.0, 0.0, 0.0), slice_dir: (0.0, 0.0, 0.0), patient_table_position: (0.0, 0.0, 0.0), average: 0, slice: 0, contrast: 0, phase: 0, repetition: 0, set: 0, acquisition_time_stamp: 0, physiology_time_stamp: (0, 0, 0), image_type: 0, image_index: 0, image_series_index: 1, user_int: (0, 0, 0, 0, 0, 0, 0, 0), user_float: (0.0, 0.0, 0.0, 0.0, 0.0, 0.0, 0.0, 0.0), attribute_string_len: 0, ),meta={},data=array([[[[1.63129826e-05, 8.46163584e-06, 1.46273587e-05, ...,
          7.30510510e-05, 7.00016171e-05, 1.09739201e-04],
         [3.18125676e-05, 1.98815560e-05, 3.96882424e-05, ...,
          1.00598090e-05, 3.31973206e-05, 3.04876503e-05],
         [6.53844472e-05, 4.04480706e-05, 2.56594813e-05, ...,
          8.62710222e-05, 1.09694716e-04, 2.29366287e-05],
         ...,
         [5.44436152e-05, 1.69572610e-04, 4.96786124e-05, ...,
          1.22754791e-04, 7.89453770e-05, 1.11231668e-04],
         [8.52725570e-05, 1.32543835e-04, 1.64962184e-04, ...,
          6.01960019e-05, 3.04713030e-05, 1.32055939e-04],
         [1.77836104e-04, 6.48172427e-05, 1.26169703e-04, ...,
          5.36487605e-05, 1.02173923e-04, 3.33276803e-05]]]],
      dtype=float32)), Image(head=ImageHeader(version: 1, data_type: 5, flags: 0, measurement_uid: 0, matrix_size: (220, 220, 1), field_of_view: (0.0, 0.0, 0.0), channels: 1, position: (0.0, 0.0, 0.0), read_dir: (0.0, 0.0, 0.0), phase_dir: (0.0, 0.0, 0.0), slice_dir: (0.0, 0.0, 0.0), patient_table_position: (0.0, 0.0, 0.0), average: 0, slice: 0, contrast: 0, phase: 0, repetition: 0, set: 0, acquisition_time_stamp: 0, physiology_time_stamp: (0, 0, 0), image_type: 0, image_index: 0, image_series_index: 2, user_int: (0, 0, 0, 0, 0, 0, 0, 0), user_float: (0.0, 0.0, 0.0, 0.0, 0.0, 0.0, 0.0, 0.0), attribute_string_len: 0, ),meta={},data=array([[[[-0.24026608, -1.6612145 , -1.2415342 , ..., -2.221247  ,
          -2.837953  , -2.672147  ],
         [ 0.7060262 ,  0.7066765 ,  0.3471411 , ..., -1.9676858 ,
           0.10128753, -2.1010015 ],
         [ 1.004589  ,  2.1001189 ,  0.91867393, ..., -2.8505688 ,
           3.1357636 , -0.3547768 ],
         ...,
         [-0.24818699, -0.0553452 , -0.5237922 , ..., -3.133916  ,
          -2.887877  ,  2.6778948 ],
         [ 3.0836449 , -0.07001322, -0.07652073, ...,  2.1094077 ,
          -3.1188023 ,  2.6610887 ],
         [ 3.0964572 ,  2.9758158 , -0.00851102, ..., -2.3158412 ,
          -2.622242  , -0.00314542]]]], dtype=float32)), Image(head=ImageHeader(version: 1, data_type: 5, flags: 0, measurement_uid: 0, matrix_size: (220, 220, 1), field_of_view: (0.0, 0.0, 0.0), channels: 1, position: (0.0, 0.0, 0.0), read_dir: (0.0, 0.0, 0.0), phase_dir: (0.0, 0.0, 0.0), slice_dir: (0.0, 0.0, 0.0), patient_table_position: (0.0, 0.0, 0.0), average: 0, slice: 0, contrast: 0, phase: 0, repetition: 0, set: 0, acquisition_time_stamp: 0, physiology_time_stamp: (0, 0, 0), image_type: 0, image_index: 0, image_series_index: 4, user_int: (0, 0, 0, 0, 0, 0, 0, 0), user_float: (0.0, 0.0, 0.0, 0.0, 0.0, 0.0, 0.0, 0.0), attribute_string_len: 0, ),meta={},data=array([[[[-0.24026608, -1.6612145 , -1.2415342 , ..., -2.221247  ,
          -2.837953  , -2.672147  ],
         [ 0.7060262 ,  0.7066765 ,  0.3471411 , ..., -1.9676858 ,
           0.10128753, -2.1010015 ],
         [ 1.004589  ,  2.1001189 ,  0.91867393, ..., -2.8505688 ,
           3.1357636 , -0.3547768 ],
         ...,
         [-0.24818699, -0.0553452 , -0.5237922 , ..., -3.133916  ,
          -2.887877  ,  2.6778948 ],
         [ 3.0836449 , -0.07001322, -0.07652073, ...,  2.1094077 ,
          -3.1188023 ,  2.6610887 ],
         [ 3.0964572 ,  2.9758158 , -0.00851102, ..., -2.3158412 ,
          -2.622242  , -0.00314542]]]], dtype=float32)), Image(head=ImageHeader(version: 1, data_type: 5, flags: 0, measurement_uid: 0, matrix_size: (220, 220, 1), field_of_view: (0.0, 0.0, 0.0), channels: 1, position: (0.0, 0.0, 0.0), read_dir: (0.0, 0.0, 0.0), phase_dir: (0.0, 0.0, 0.0), slice_dir: (0.0, 0.0, 0.0), patient_table_position: (0.0, 0.0, 0.0), average: 0, slice: 0, contrast: 0, phase: 0, repetition: 0, set: 0, acquisition_time_stamp: 0, physiology_time_stamp: (0, 0, 0), image_type: 0, image_index: 0, image_series_index: 3, user_int: (0, 0, 0, 0, 0, 0, 0, 0), user_float: (0.0, 0.0, 0.0, 0.0, 0.0, 0.0, 0.0, 0.0), attribute_string_len: 0, ),meta={},data=array([[[[1.63129826e-05, 8.46163584e-06, 1.46273587e-05, ...,
          7.30510510e-05, 7.00016171e-05, 1.09739201e-04],
         [3.18125676e-05, 1.98815560e-05, 3.96882424e-05, ...,
          1.00598090e-05, 3.31973206e-05, 3.04876503e-05],
         [6.53844472e-05, 4.04480706e-05, 2.56594813e-05, ...,
          8.62710222e-05, 1.09694716e-04, 2.29366287e-05],
         ...,
         [5.44436152e-05, 1.69572610e-04, 4.96786124e-05, ...,
          1.22754791e-04, 7.89453770e-05, 1.11231668e-04],
         [8.52725570e-05, 1.32543835e-04, 1.64962184e-04, ...,
          6.01960019e-05, 3.04713030e-05, 1.32055939e-04],
         [1.77836104e-04, 6.48172427e-05, 1.26169703e-04, ...,
          5.36487605e-05, 1.02173923e-04, 3.33276803e-05]]]],
      dtype=float32))]
2026-09-22 14:25:07,556 - --> Sending MRD_MESSAGE_ISMRMRD_IMAGE (1022) (4 images)
2026-09-22 14:25:07,557 - --> Sending MRD_MESSAGE_CLOSE (4)
2026-09-22 14:25:07,557 - Socket closed
2026-09-22 14:28:09,888 - Starting server and listening for data at 0.0.0.0:9002
2026-09-22 14:28:09,888 - Default config is invertcontrast
2026-09-22 14:28:09,888 - Serving... 
2026-09-22 14:28:34,263 - Accepting connection from: 172.17.0.1:48780
2026-09-22 14:28:34,267 -     bart_jemris
2026-09-22 14:28:34,270 - XML Metadata: <?xml version="1.0"?>
<ismrmrdHeader xmlns="http://www.ismrm.org/ISMRMRD" xmlns:xsi="http://www.w3.org/2001/XMLSchema-instance" xmlns:xs="http://www.w3.org/2001/XMLSchema" xsi:schemaLocation="http://www.ismrm.org/ISMRMRD ismrmrd.xsd">
	<acquisitionSystemInformation>
		<systemVendor>JEMRIS</systemVendor>
		<systemModel>v2.8.4</systemModel>
		<systemFieldStrength_T>0.000000</systemFieldStrength_T>
	</acquisitionSystemInformation>
	<experimentalConditions>
		<H1resonanceFrequency_Hz>140713325569856</H1resonanceFrequency_Hz>
	</experimentalConditions>
	<encoding>
		<encodedSpace>
			<matrixSize>
				<x>220</x>
				<y>220</y>
				<z>1</z>
			</matrixSize>
			<fieldOfView_mm>
				<x>220.000000</x>
				<y>220.000000</y>
				<z>1.000000</z>
			</fieldOfView_mm>
		</encodedSpace>
		<reconSpace>
			<matrixSize>
				<x>220</x>
				<y>220</y>
				<z>1</z>
			</matrixSize>
			<fieldOfView_mm>
				<x>220.000000</x>
				<y>220.000000</y>
				<z>1.000000</z>
			</fieldOfView_mm>
		</reconSpace>
		<encodingLimits>
			<kspace_encoding_step_1>
				<minimum>0</minimum>
				<maximum>78</maximum>
				<center>39</center>
			</kspace_encoding_step_1>
			<kspace_encoding_step_2>
				<minimum>0</minimum>
				<maximum>0</maximum>
				<center>0</center>
			</kspace_encoding_step_2>
			<average>
				<minimum>0</minimum>
				<maximum>0</maximum>
				<center>0</center>
			</average>
			<slice>
				<minimum>0</minimum>
				<maximum>0</maximum>
				<center>0</center>
			</slice>
			<contrast>
				<minimum>0</minimum>
				<maximum>0</maximum>
				<center>0</center>
			</contrast>
			<set>
				<minimum>0</minimum>
				<maximum>0</maximum>
				<center>0</center>
			</set>
			<segment>
				<minimum>0</minimum>
				<maximum>0</maximum>
				<center>0</center>
			</segment>
		</encodingLimits>
		<trajectory>other</trajectory>
	</encoding>
</ismrmrdHeader>

2026-09-22 14:28:34,275 - Data is from a JEMRIS v2.8.4 at 0.0T
2026-09-22 14:28:34,295 - Starting bart_jemris processing based on config
2026-09-22 14:28:34,295 - Config: 
bart_jemris
2026-09-22 14:28:34,295 - Reconstruction of simulated data.
2026-09-22 14:28:34,295 - Incoming dataset contains 1 encodings
2026-09-22 14:28:34,296 - Trajectory type 'other', matrix size (220 x 220 x 1), field of view (220.0 x 220.0 x 1.0)mm^3
2026-09-22 14:28:34,296 - <-- Received MRD_MESSAGE_ISMRMRD_ACQUISITION (1008) (total: 1)
2026-09-22 14:28:34,372 - Processing a group of k-space data
2026-09-22 14:28:34,382 - Trajectory shape = (3, 4940, 15) , Signal Shape = (1, 4940, 15, 1) 
2026-09-22 14:28:34,382 - Do BART reconstruction.
2026-09-22 14:28:34,635 - Image data is size (1, 4940, 15, 1)
2026-09-22 14:28:34,637 - Sending images to client:
[Image(head=ImageHeader(version: 1, data_type: 5, flags: 0, measurement_uid: 0, matrix_size: (220, 220, 1), field_of_view: (0.0, 0.0, 0.0), channels: 1, position: (0.0, 0.0, 0.0), read_dir: (0.0, 0.0, 0.0), phase_dir: (0.0, 0.0, 0.0), slice_dir: (0.0, 0.0, 0.0), patient_table_position: (0.0, 0.0, 0.0), average: 0, slice: 0, contrast: 0, phase: 0, repetition: 0, set: 0, acquisition_time_stamp: 0, physiology_time_stamp: (0, 0, 0), image_type: 0, image_index: 0, image_series_index: 1, user_int: (0, 0, 0, 0, 0, 0, 0, 0), user_float: (0.0, 0.0, 0.0, 0.0, 0.0, 0.0, 0.0, 0.0), attribute_string_len: 0, ),meta={},data=array([[[[1.59735246e-05, 3.36585435e-05, 6.76703858e-05, ...,
          5.50758195e-05, 8.43971284e-05, 1.77041569e-04],
         [6.41206498e-06, 2.11145525e-05, 4.22236953e-05, ...,
          1.69845182e-04, 1.32754212e-04, 6.51623122e-05],
         [1.25913275e-05, 4.04787861e-05, 2.70802866e-05, ...,
          4.90901366e-05, 1.65479549e-04, 1.26884654e-04],
         ...,
         [7.10070817e-05, 8.06776643e-06, 8.60341825e-05, ...,
          1.22747879e-04, 6.19438215e-05, 5.19783243e-05],
         [6.93923284e-05, 3.34083888e-05, 1.09866858e-04, ...,
          7.82802526e-05, 3.04354744e-05, 1.00945414e-04],
         [1.09656161e-04, 2.90279786e-05, 2.12419818e-05, ...,
          1.12557391e-04, 1.33552618e-04, 3.33753414e-05]]]],
      shape=(1, 1, 220, 220), dtype=float32)), Image(head=ImageHeader(version: 1, data_type: 5, flags: 0, measurement_uid: 0, matrix_size: (220, 220, 1), field_of_view: (0.0, 0.0, 0.0), channels: 1, position: (0.0, 0.0, 0.0), read_dir: (0.0, 0.0, 0.0), phase_dir: (0.0, 0.0, 0.0), slice_dir: (0.0, 0.0, 0.0), patient_table_position: (0.0, 0.0, 0.0), average: 0, slice: 0, contrast: 0, phase: 0, repetition: 0, set: 0, acquisition_time_stamp: 0, physiology_time_stamp: (0, 0, 0), image_type: 0, image_index: 0, image_series_index: 2, user_int: (0, 0, 0, 0, 0, 0, 0, 0), user_float: (0.0, 0.0, 0.0, 0.0, 0.0, 0.0, 0.0, 0.0), attribute_string_len: 0, ),meta={},data=array([[[[-0.10070091,  0.7559221 ,  1.0227888 , ..., -0.19987327,
           3.0543413 ,  3.082328  ],
         [-1.7431616 ,  0.7777134 ,  2.081184  , ..., -0.04247394,
          -0.05294364,  2.9350924 ],
         [-1.1980021 ,  0.3890205 ,  0.9587792 , ..., -0.48012334,
          -0.06188462,  0.01486445],
         ...,
         [-2.2502067 , -2.1164846 , -2.8760853 , ...,  3.134497  ,
           2.0946028 , -2.342508  ],
         [-2.874958  ,  0.1673529 ,  3.1164925 , ..., -2.9109213 ,
           3.1013992 , -2.638274  ],
         [-2.6962764 , -2.1740067 , -0.2667126 , ...,  2.6580415 ,
           2.6457572 ,  0.06601691]]]],
      shape=(1, 1, 220, 220), dtype=float32)), Image(head=ImageHeader(version: 1, data_type: 5, flags: 0, measurement_uid: 0, matrix_size: (1, 220, 220), field_of_view: (0.0, 0.0, 0.0), channels: 1, position: (0.0, 0.0, 0.0), read_dir: (0.0, 0.0, 0.0), phase_dir: (0.0, 0.0, 0.0), slice_dir: (0.0, 0.0, 0.0), patient_table_position: (0.0, 0.0, 0.0), average: 0, slice: 0, contrast: 0, phase: 0, repetition: 0, set: 0, acquisition_time_stamp: 0, physiology_time_stamp: (0, 0, 0), image_type: 0, image_index: 0, image_series_index: 4, user_int: (0, 0, 0, 0, 0, 0, 0, 0), user_float: (0.0, 0.0, 0.0, 0.0, 0.0, 0.0, 0.0, 0.0), attribute_string_len: 0, ),meta={},data=array([[[[-0.10070091],
         [ 0.7559221 ],
         [ 1.0227888 ],
         ...,
         [-0.19987327],
         [ 3.0543413 ],
         [ 3.082328  ]],

        [[-1.7431616 ],
         [ 0.7777134 ],
         [ 2.081184  ],
         ...,
         [-0.04247394],
         [-0.05294364],
         [ 2.9350924 ]],

        [[-1.1980021 ],
         [ 0.3890205 ],
         [ 0.9587792 ],
         ...,
         [-0.48012334],
         [-0.06188462],
         [ 0.01486445]],

        ...,

        [[-2.2502067 ],
         [-2.1164846 ],
         [-2.8760853 ],
         ...,
         [ 3.134497  ],
         [ 2.0946028 ],
         [-2.342508  ]],

        [[-2.874958  ],
         [ 0.1673529 ],
         [ 3.1164925 ],
         ...,
         [-2.9109213 ],
         [ 3.1013992 ],
         [-2.638274  ]],

        [[-2.6962764 ],
         [-2.1740067 ],
         [-0.2667126 ],
         ...,
         [ 2.6580415 ],
         [ 2.6457572 ],
         [ 0.06601691]]]], shape=(1, 220, 220, 1), dtype=float32)), Image(head=ImageHeader(version: 1, data_type: 5, flags: 0, measurement_uid: 0, matrix_size: (1, 220, 220), field_of_view: (0.0, 0.0, 0.0), channels: 1, position: (0.0, 0.0, 0.0), read_dir: (0.0, 0.0, 0.0), phase_dir: (0.0, 0.0, 0.0), slice_dir: (0.0, 0.0, 0.0), patient_table_position: (0.0, 0.0, 0.0), average: 0, slice: 0, contrast: 0, phase: 0, repetition: 0, set: 0, acquisition_time_stamp: 0, physiology_time_stamp: (0, 0, 0), image_type: 0, image_index: 0, image_series_index: 3, user_int: (0, 0, 0, 0, 0, 0, 0, 0), user_float: (0.0, 0.0, 0.0, 0.0, 0.0, 0.0, 0.0, 0.0), attribute_string_len: 0, ),meta={},data=array([[[[1.59735246e-05],
         [3.36585435e-05],
         [6.76703858e-05],
         ...,
         [5.50758195e-05],
         [8.43971284e-05],
         [1.77041569e-04]],

        [[6.41206498e-06],
         [2.11145525e-05],
         [4.22236953e-05],
         ...,
         [1.69845182e-04],
         [1.32754212e-04],
         [6.51623122e-05]],

        [[1.25913275e-05],
         [4.04787861e-05],
         [2.70802866e-05],
         ...,
         [4.90901366e-05],
         [1.65479549e-04],
         [1.26884654e-04]],

        ...,

        [[7.10070817e-05],
         [8.06776643e-06],
         [8.60341825e-05],
         ...,
         [1.22747879e-04],
         [6.19438215e-05],
         [5.19783243e-05]],

        [[6.93923284e-05],
         [3.34083888e-05],
         [1.09866858e-04],
         ...,
         [7.82802526e-05],
         [3.04354744e-05],
         [1.00945414e-04]],

        [[1.09656161e-04],
         [2.90279786e-05],
         [2.12419818e-05],
         ...,
         [1.12557391e-04],
         [1.33552618e-04],
         [3.33753414e-05]]]], shape=(1, 220, 220, 1), dtype=float32))]
2026-09-22 14:28:34,640 - --> Sending MRD_MESSAGE_ISMRMRD_IMAGE (1022) (4 images)
2026-09-22 14:28:34,640 - <-- Received MRD_MESSAGE_CLOSE (4)
2026-09-22 14:28:34,641 -     Total received acquisitions:    16
2026-09-22 14:28:34,641 -     Total received images:           0
2026-09-22 14:28:34,641 -     Total received waveforms:        0
2026-09-22 14:28:34,641 - ------------------------------------------
2026-09-22 14:28:34,641 - --> Sending MRD_MESSAGE_CLOSE (4)
2026-09-22 14:28:34,641 - Socket closed
2026-09-22 14:28:47,727 - Accepting connection from: 172.17.0.1:45054
2026-09-22 14:28:47,731 -     bart_jemris
2026-09-22 14:28:47,734 - XML Metadata: <?xml version="1.0"?>
<ismrmrdHeader xmlns="http://www.ismrm.org/ISMRMRD" xmlns:xsi="http://www.w3.org/2001/XMLSchema-instance" xmlns:xs="http://www.w3.org/2001/XMLSchema" xsi:schemaLocation="http://www.ismrm.org/ISMRMRD ismrmrd.xsd">
	<acquisitionSystemInformation>
		<systemVendor>JEMRIS</systemVendor>
		<systemModel>v2.8.4</systemModel>
		<systemFieldStrength_T>0.000000</systemFieldStrength_T>
	</acquisitionSystemInformation>
	<experimentalConditions>
		<H1resonanceFrequency_Hz>140713325569856</H1resonanceFrequency_Hz>
	</experimentalConditions>
	<encoding>
		<encodedSpace>
			<matrixSize>
				<x>220</x>
				<y>220</y>
				<z>1</z>
			</matrixSize>
			<fieldOfView_mm>
				<x>220.000000</x>
				<y>220.000000</y>
				<z>1.000000</z>
			</fieldOfView_mm>
		</encodedSpace>
		<reconSpace>
			<matrixSize>
				<x>220</x>
				<y>220</y>
				<z>1</z>
			</matrixSize>
			<fieldOfView_mm>
				<x>220.000000</x>
				<y>220.000000</y>
				<z>1.000000</z>
			</fieldOfView_mm>
		</reconSpace>
		<encodingLimits>
			<kspace_encoding_step_1>
				<minimum>0</minimum>
				<maximum>78</maximum>
				<center>39</center>
			</kspace_encoding_step_1>
			<kspace_encoding_step_2>
				<minimum>0</minimum>
				<maximum>0</maximum>
				<center>0</center>
			</kspace_encoding_step_2>
			<average>
				<minimum>0</minimum>
				<maximum>0</maximum>
				<center>0</center>
			</average>
			<slice>
				<minimum>0</minimum>
				<maximum>0</maximum>
				<center>0</center>
			</slice>
			<contrast>
				<minimum>0</minimum>
				<maximum>0</maximum>
				<center>0</center>
			</contrast>
			<set>
				<minimum>0</minimum>
				<maximum>0</maximum>
				<center>0</center>
			</set>
			<segment>
				<minimum>0</minimum>
				<maximum>0</maximum>
				<center>0</center>
			</segment>
		</encodingLimits>
		<trajectory>other</trajectory>
	</encoding>
</ismrmrdHeader>

2026-09-22 14:28:47,738 - Data is from a JEMRIS v2.8.4 at 0.0T
2026-09-22 14:28:47,747 - Starting bart_jemris processing based on config
2026-09-22 14:28:47,747 - Config: 
bart_jemris
2026-09-22 14:28:47,747 - Reconstruction of simulated data.
2026-09-22 14:28:47,747 - Incoming dataset contains 1 encodings
2026-09-22 14:28:47,747 - Trajectory type 'other', matrix size (220 x 220 x 1), field of view (220.0 x 220.0 x 1.0)mm^3
2026-09-22 14:28:47,747 - <-- Received MRD_MESSAGE_ISMRMRD_ACQUISITION (1008) (total: 1)
2026-09-22 14:28:47,839 - Processing a group of k-space data
2026-09-22 14:28:47,850 - Trajectory shape = (3, 4940, 15) , Signal Shape = (1, 4940, 15, 1) 
2026-09-22 14:28:47,850 - Do BART reconstruction.
2026-09-22 14:28:48,107 - Image data is size (1, 4940, 15, 1)
2026-09-22 14:28:48,108 - Sending images to client:
[Image(head=ImageHeader(version: 1, data_type: 5, flags: 0, measurement_uid: 0, matrix_size: (220, 220, 1), field_of_view: (0.0, 0.0, 0.0), channels: 1, position: (0.0, 0.0, 0.0), read_dir: (0.0, 0.0, 0.0), phase_dir: (0.0, 0.0, 0.0), slice_dir: (0.0, 0.0, 0.0), patient_table_position: (0.0, 0.0, 0.0), average: 0, slice: 0, contrast: 0, phase: 0, repetition: 0, set: 0, acquisition_time_stamp: 0, physiology_time_stamp: (0, 0, 0), image_type: 0, image_index: 0, image_series_index: 1, user_int: (0, 0, 0, 0, 0, 0, 0, 0), user_float: (0.0, 0.0, 0.0, 0.0, 0.0, 0.0, 0.0, 0.0), attribute_string_len: 0, ),meta={},data=array([[[[1.59802821e-05, 3.36613448e-05, 6.76599739e-05, ...,
          5.50762961e-05, 8.43972084e-05, 1.77054419e-04],
         [6.42258146e-06, 2.11081442e-05, 4.22129415e-05, ...,
          1.69836785e-04, 1.32758330e-04, 6.51647642e-05],
         [1.25949828e-05, 4.04831917e-05, 2.70975033e-05, ...,
          4.90909115e-05, 1.65476376e-04, 1.26890358e-04],
         ...,
         [7.10104578e-05, 8.07620836e-06, 8.60269793e-05, ...,
          1.22752113e-04, 6.19471539e-05, 5.20049507e-05],
         [6.93977127e-05, 3.33943317e-05, 1.09872264e-04, ...,
          7.82988063e-05, 3.04382975e-05, 1.00951394e-04],
         [1.09644599e-04, 2.90321350e-05, 2.12296454e-05, ...,
          1.12553389e-04, 1.33564012e-04, 3.33617281e-05]]]],
      shape=(1, 1, 220, 220), dtype=float32)), Image(head=ImageHeader(version: 1, data_type: 5, flags: 0, measurement_uid: 0, matrix_size: (220, 220, 1), field_of_view: (0.0, 0.0, 0.0), channels: 1, position: (0.0, 0.0, 0.0), read_dir: (0.0, 0.0, 0.0), phase_dir: (0.0, 0.0, 0.0), slice_dir: (0.0, 0.0, 0.0), patient_table_position: (0.0, 0.0, 0.0), average: 0, slice: 0, contrast: 0, phase: 0, repetition: 0, set: 0, acquisition_time_stamp: 0, physiology_time_stamp: (0, 0, 0), image_type: 0, image_index: 0, image_series_index: 2, user_int: (0, 0, 0, 0, 0, 0, 0, 0), user_float: (0.0, 0.0, 0.0, 0.0, 0.0, 0.0, 0.0, 0.0), attribute_string_len: 0, ),meta={},data=array([[[[-0.0999234 ,  0.75570846,  1.0227677 , ..., -0.19992656,
           3.0543542 ,  3.0823607 ],
         [-1.7427162 ,  0.7779116 ,  2.0813653 , ..., -0.04247979,
          -0.05304001,  2.9347622 ],
         [-1.197509  ,  0.3891035 ,  0.95892394, ..., -0.47994247,
          -0.06192355,  0.01472487],
         ...,
         [-2.2503376 , -2.1179662 , -2.8762283 , ...,  3.1343894 ,
           2.0946054 , -2.342667  ],
         [-2.8747618 ,  0.16684204,  3.1165023 , ..., -2.910753  ,
           3.101762  , -2.6383343 ],
         [-2.696273  , -2.1738758 , -0.26643696, ...,  2.6580932 ,
           2.6457393 ,  0.06566355]]]],
      shape=(1, 1, 220, 220), dtype=float32)), Image(head=ImageHeader(version: 1, data_type: 5, flags: 0, measurement_uid: 0, matrix_size: (1, 220, 220), field_of_view: (0.0, 0.0, 0.0), channels: 1, position: (0.0, 0.0, 0.0), read_dir: (0.0, 0.0, 0.0), phase_dir: (0.0, 0.0, 0.0), slice_dir: (0.0, 0.0, 0.0), patient_table_position: (0.0, 0.0, 0.0), average: 0, slice: 0, contrast: 0, phase: 0, repetition: 0, set: 0, acquisition_time_stamp: 0, physiology_time_stamp: (0, 0, 0), image_type: 0, image_index: 0, image_series_index: 4, user_int: (0, 0, 0, 0, 0, 0, 0, 0), user_float: (0.0, 0.0, 0.0, 0.0, 0.0, 0.0, 0.0, 0.0), attribute_string_len: 0, ),meta={},data=array([[[[-0.0999234 ],
         [ 0.75570846],
         [ 1.0227677 ],
         ...,
         [-0.19992656],
         [ 3.0543542 ],
         [ 3.0823607 ]],

        [[-1.7427162 ],
         [ 0.7779116 ],
         [ 2.0813653 ],
         ...,
         [-0.04247979],
         [-0.05304001],
         [ 2.9347622 ]],

        [[-1.197509  ],
         [ 0.3891035 ],
         [ 0.95892394],
         ...,
         [-0.47994247],
         [-0.06192355],
         [ 0.01472487]],

        ...,

        [[-2.2503376 ],
         [-2.1179662 ],
         [-2.8762283 ],
         ...,
         [ 3.1343894 ],
         [ 2.0946054 ],
         [-2.342667  ]],

        [[-2.8747618 ],
         [ 0.16684204],
         [ 3.1165023 ],
         ...,
         [-2.910753  ],
         [ 3.101762  ],
         [-2.6383343 ]],

        [[-2.696273  ],
         [-2.1738758 ],
         [-0.26643696],
         ...,
         [ 2.6580932 ],
         [ 2.6457393 ],
         [ 0.06566355]]]], shape=(1, 220, 220, 1), dtype=float32)), Image(head=ImageHeader(version: 1, data_type: 5, flags: 0, measurement_uid: 0, matrix_size: (1, 220, 220), field_of_view: (0.0, 0.0, 0.0), channels: 1, position: (0.0, 0.0, 0.0), read_dir: (0.0, 0.0, 0.0), phase_dir: (0.0, 0.0, 0.0), slice_dir: (0.0, 0.0, 0.0), patient_table_position: (0.0, 0.0, 0.0), average: 0, slice: 0, contrast: 0, phase: 0, repetition: 0, set: 0, acquisition_time_stamp: 0, physiology_time_stamp: (0, 0, 0), image_type: 0, image_index: 0, image_series_index: 3, user_int: (0, 0, 0, 0, 0, 0, 0, 0), user_float: (0.0, 0.0, 0.0, 0.0, 0.0, 0.0, 0.0, 0.0), attribute_string_len: 0, ),meta={},data=array([[[[1.59802821e-05],
         [3.36613448e-05],
         [6.76599739e-05],
         ...,
         [5.50762961e-05],
         [8.43972084e-05],
         [1.77054419e-04]],

        [[6.42258146e-06],
         [2.11081442e-05],
         [4.22129415e-05],
         ...,
         [1.69836785e-04],
         [1.32758330e-04],
         [6.51647642e-05]],

        [[1.25949828e-05],
         [4.04831917e-05],
         [2.70975033e-05],
         ...,
         [4.90909115e-05],
         [1.65476376e-04],
         [1.26890358e-04]],

        ...,

        [[7.10104578e-05],
         [8.07620836e-06],
         [8.60269793e-05],
         ...,
         [1.22752113e-04],
         [6.19471539e-05],
         [5.20049507e-05]],

        [[6.93977127e-05],
         [3.33943317e-05],
         [1.09872264e-04],
         ...,
         [7.82988063e-05],
         [3.04382975e-05],
         [1.00951394e-04]],

        [[1.09644599e-04],
         [2.90321350e-05],
         [2.12296454e-05],
         ...,
         [1.12553389e-04],
         [1.33564012e-04],
         [3.33617281e-05]]]], shape=(1, 220, 220, 1), dtype=float32))]
2026-09-22 14:28:48,112 - --> Sending MRD_MESSAGE_ISMRMRD_IMAGE (1022) (4 images)
2026-09-22 14:28:48,113 - <-- Received MRD_MESSAGE_CLOSE (4)
2026-09-22 14:28:48,113 -     Total received acquisitions:    16
2026-09-22 14:28:48,113 -     Total received images:           0
2026-09-22 14:28:48,113 -     Total received waveforms:        0
2026-09-22 14:28:48,113 - ------------------------------------------
2026-09-22 14:28:48,113 - --> Sending MRD_MESSAGE_CLOSE (4)
2026-09-22 14:28:48,114 - Socket closed
2026-09-22 14:29:01,540 - Accepting connection from: 172.17.0.1:39628
2026-09-22 14:29:01,545 -     bart_pulseq
2026-09-22 14:29:01,548 - XML Metadata: <?xml version="1.0" encoding="ascii"?>
<ismrmrdHeader xmlns="http://www.ismrm.org/ISMRMRD">
  <studyInformation>
    <studyTime>13:08:49</studyTime>
  </studyInformation>
  <measurementInformation>
    <measurementID>18976_72062168_72062173_424</measurementID>
    <patientPosition>HFS</patientPosition>
    <protocolName>pulseq_spiralout_fatsat_pypulseq</protocolName>
    <frameOfReferenceUID>1.3.12.2.1107.5.2.0.18976.1.20211008123859439.0.0.0</frameOfReferenceUID>
  </measurementInformation>
  <acquisitionSystemInformation>
    <systemVendor>SIEMENS</systemVendor>
    <systemModel>Investigational_Device_7T_Plus</systemModel>
    <systemFieldStrength_T>6.98094</systemFieldStrength_T>
    <relativeReceiverNoiseBandwidth>0.793</relativeReceiverNoiseBandwidth>
    <receiverChannels>32</receiverChannels>
    <institutionName>DZNE</institutionName>
  </acquisitionSystemInformation>
  <experimentalConditions>
    <H1resonanceFrequency_Hz>297216994</H1resonanceFrequency_Hz>
  </experimentalConditions>
  <encoding>
    <encodedSpace>
      <matrixSize>
        <x>64</x>
        <y>64</y>
        <z>2</z>
      </matrixSize>
      <fieldOfView_mm>
        <x>220.0</x>
        <y>220.0</y>
        <z>1.0</z>
      </fieldOfView_mm>
    </encodedSpace>
    <reconSpace>
      <matrixSize>
        <x>64</x>
        <y>64</y>
        <z>1</z>
      </matrixSize>
      <fieldOfView_mm>
        <x>220.0</x>
        <y>220.0</y>
        <z>1.0</z>
      </fieldOfView_mm>
    </reconSpace>
    <encodingLimits>
      <kspace_encoding_step_1>
        <minimum>0</minimum>
        <maximum>0</maximum>
        <center>32</center>
      </kspace_encoding_step_1>
      <kspace_encoding_step_2>
        <minimum>0</minimum>
        <maximum>0</maximum>
        <center>0</center>
      </kspace_encoding_step_2>
      <average>
        <minimum>0</minimum>
        <maximum>0</maximum>
        <center>0</center>
      </average>
      <slice>
        <minimum>0</minimum>
        <maximum>0</maximum>
        <center>0</center>
      </slice>
      <contrast>
        <minimum>0</minimum>
        <maximum>0</maximum>
        <center>0</center>
      </contrast>
      <phase>
        <minimum>0</minimum>
        <maximum>0</maximum>
        <center>0</center>
      </phase>
      <repetition>
        <minimum>0</minimum>
        <maximum>0</maximum>
        <center>0</center>
      </repetition>
      <set>
        <minimum>0</minimum>
        <maximum>0</maximum>
        <center>0</center>
      </set>
      <segment>
        <minimum>0</minimum>
        <maximum>0</maximum>
        <center>0</center>
      </segment>
    </encodingLimits>
    <trajectory>cartesian</trajectory>
    <parallelImaging>
      <accelerationFactor>
        <kspace_encoding_step_1>1</kspace_encoding_step_1>
        <kspace_encoding_step_2>1</kspace_encoding_step_2>
      </accelerationFactor>
      <calibrationMode>other</calibrationMode>
    </parallelImaging>
  </encoding>
  <sequenceParameters>
    <TR>50.0</TR>
    <TE>20.0</TE>
    <flipAngle_deg>15.0</flipAngle_deg>
  </sequenceParameters>
  <userParameters>
    <userParameterLong>
      <name>sWipMemBlock.alFree[0]</name>
      <value>2</value>
    </userParameterLong>
    <userParameterLong>
      <name>sWipMemBlock.alFree[1]</name>
      <value>2</value>
    </userParameterLong>
    <userParameterLong>
      <name>sWipMemBlock.alFree[2]</name>
      <value>0</value>
    </userParameterLong>
    <userParameterLong>
      <name>sWipMemBlock.alFree[3]</name>
      <value>2</value>
    </userParameterLong>
    <userParameterLong>
      <name>sWipMemBlock.alFree[4]</name>
      <value>0</value>
    </userParameterLong>
    <userParameterLong>
      <name>sWipMemBlock.alFree[5]</name>
      <value>0</value>
    </userParameterLong>
    <userParameterLong>
      <name>sWipMemBlock.alFree[6]</name>
      <value>0</value>
    </userParameterLong>
    <userParameterLong>
      <name>sWipMemBlock.alFree[7]</name>
      <value>1</value>
    </userParameterLong>
    <userParameterLong>
      <name>sWipMemBlock.alFree[8]</name>
      <value>1</value>
    </userParameterLong>
    <userParameterLong>
      <name>sWipMemBlock.alFree[9]</name>
      <value>0</value>
    </userParameterLong>
    <userParameterLong>
      <name>sWipMemBlock.alFree[10]</name>
      <value>0</value>
    </userParameterLong>
    <userParameterLong>
      <name>sWipMemBlock.alFree[11]</name>
      <value>0</value>
    </userParameterLong>
    <userParameterLong>
      <name>sWipMemBlock.alFree[12]</name>
      <value>0</value>
    </userParameterLong>
    <userParameterLong>
      <name>sWipMemBlock.alFree[13]</name>
      <value>0</value>
    </userParameterLong>
    <userParameterLong>
      <name>sWipMemBlock.alFree[14]</name>
      <value>0</value>
    </userParameterLong>
    <userParameterLong>
      <name>sWipMemBlock.alFree[15]</name>
      <value>0</value>
    </userParameterLong>
    <userParameterLong>
      <name>sWipMemBlock.alFree[16]</name>
      <value>0</value>
    </userParameterLong>
    <userParameterLong>
      <name>sWipMemBlock.alFree[17]</name>
      <value>0</value>
    </userParameterLong>
    <userParameterLong>
      <name>sWipMemBlock.alFree[18]</name>
      <value>0</value>
    </userParameterLong>
    <userParameterLong>
      <name>sWipMemBlock.alFree[19]</name>
      <value>0</value>
    </userParameterLong>
    <userParameterLong>
      <name>sWipMemBlock.alFree[20]</name>
      <value>0</value>
    </userParameterLong>
    <userParameterLong>
      <name>sWipMemBlock.alFree[21]</name>
      <value>0</value>
    </userParameterLong>
    <userParameterLong>
      <name>sWipMemBlock.alFree[22]</name>
      <value>0</value>
    </userParameterLong>
    <userParameterLong>
      <name>sWipMemBlock.alFree[23]</name>
      <value>0</value>
    </userParameterLong>
    <userParameterLong>
      <name>sWipMemBlock.alFree[24]</name>
      <value>0</value>
    </userParameterLong>
    <userParameterLong>
      <name>sWipMemBlock.alFree[25]</name>
      <value>0</value>
    </userParameterLong>
    <userParameterLong>
      <name>sWipMemBlock.alFree[26]</name>
      <value>0</value>
    </userParameterLong>
    <userParameterLong>
      <name>sWipMemBlock.alFree[27]</name>
      <value>0</value>
    </userParameterLong>
    <userParameterLong>
      <name>sWipMemBlock.alFree[28]</name>
      <value>0</value>
    </userParameterLong>
    <userParameterLong>
      <name>sWipMemBlock.alFree[29]</name>
      <value>0</value>
    </userParameterLong>
    <userParameterLong>
      <name>sWipMemBlock.alFree[30]</name>
      <value>0</value>
    </userParameterLong>
    <userParameterLong>
      <name>sWipMemBlock.alFree[31]</name>
      <value>0</value>
    </userParameterLong>
    <userParameterLong>
      <name>sWipMemBlock.alFree[32]</name>
      <value>0</value>
    </userParameterLong>
    <userParameterLong>
      <name>sWipMemBlock.alFree[33]</name>
      <value>0</value>
    </userParameterLong>
    <userParameterLong>
      <name>sWipMemBlock.alFree[34]</name>
      <value>0</value>
    </userParameterLong>
    <userParameterLong>
      <name>sWipMemBlock.alFree[35]</name>
      <value>0</value>
    </userParameterLong>
    <userParameterLong>
      <name>sWipMemBlock.alFree[36]</name>
      <value>0</value>
    </userParameterLong>
    <userParameterLong>
      <name>sWipMemBlock.alFree[37]</name>
      <value>0</value>
    </userParameterLong>
    <userParameterLong>
      <name>sWipMemBlock.alFree[38]</name>
      <value>0</value>
    </userParameterLong>
    <userParameterLong>
      <name>sWipMemBlock.alFree[39]</name>
      <value>0</value>
    </userParameterLong>
    <userParameterLong>
      <name>sWipMemBlock.alFree[40]</name>
      <value>0</value>
    </userParameterLong>
    <userParameterLong>
      <name>sWipMemBlock.alFree[41]</name>
      <value>0</value>
    </userParameterLong>
    <userParameterLong>
      <name>sWipMemBlock.alFree[42]</name>
      <value>0</value>
    </userParameterLong>
    <userParameterLong>
      <name>sWipMemBlock.alFree[43]</name>
      <value>0</value>
    </userParameterLong>
    <userParameterLong>
      <name>sWipMemBlock.alFree[44]</name>
      <value>0</value>
    </userParameterLong>
    <userParameterLong>
      <name>sWipMemBlock.alFree[45]</name>
      <value>0</value>
    </userParameterLong>
    <userParameterLong>
      <name>sWipMemBlock.alFree[46]</name>
      <value>0</value>
    </userParameterLong>
    <userParameterLong>
      <name>sWipMemBlock.alFree[47]</name>
      <value>0</value>
    </userParameterLong>
    <userParameterLong>
      <name>sWipMemBlock.alFree[48]</name>
      <value>0</value>
    </userParameterLong>
    <userParameterLong>
      <name>sWipMemBlock.alFree[49]</name>
      <value>0</value>
    </userParameterLong>
    <userParameterLong>
      <name>sWipMemBlock.alFree[50]</name>
      <value>0</value>
    </userParameterLong>
    <userParameterLong>
      <name>sWipMemBlock.alFree[51]</name>
      <value>0</value>
    </userParameterLong>
    <userParameterLong>
      <name>sWipMemBlock.alFree[52]</name>
      <value>0</value>
    </userParameterLong>
    <userParameterLong>
      <name>sWipMemBlock.alFree[53]</name>
      <value>0</value>
    </userParameterLong>
    <userParameterLong>
      <name>sWipMemBlock.alFree[54]</name>
      <value>0</value>
    </userParameterLong>
    <userParameterLong>
      <name>sWipMemBlock.alFree[55]</name>
      <value>0</value>
    </userParameterLong>
    <userParameterLong>
      <name>sWipMemBlock.alFree[56]</name>
      <value>0</value>
    </userParameterLong>
    <userParameterLong>
      <name>sWipMemBlock.alFree[57]</name>
      <value>0</value>
    </userParameterLong>
    <userParameterLong>
      <name>sWipMemBlock.alFree[58]</name>
      <value>0</value>
    </userParameterLong>
    <userParameterLong>
      <name>sWipMemBlock.alFree[59]</name>
      <value>0</value>
    </userParameterLong>
    <userParameterLong>
      <name>sWipMemBlock.alFree[60]</name>
      <value>0</value>
    </userParameterLong>
    <userParameterLong>
      <name>sWipMemBlock.alFree[61]</name>
      <value>0</value>
    </userParameterLong>
    <userParameterLong>
      <name>sWipMemBlock.alFree[62]</name>
      <value>0</value>
    </userParameterLong>
    <userParameterLong>
      <name>sWipMemBlock.alFree[63]</name>
      <value>0</value>
    </userParameterLong>
    <userParameterDouble>
      <name>dwellTime_us</name>
      <value>0.0</value>
    </userParameterDouble>
    <userParameterDouble>
      <name>traj_delay</name>
      <value>0.0</value>
    </userParameterDouble>
    <userParameterDouble>
      <name>nsegments</name>
      <value>1.0</value>
    </userParameterDouble>
    <userParameterDouble>
      <name>t_min</name>
      <value>0.0</value>
    </userParameterDouble>
    <userParameterDouble>
      <name>os_region</name>
      <value>0.0</value>
    </userParameterDouble>
    <userParameterDouble>
      <name>RefVoltage</name>
      <value>238.917</value>
    </userParameterDouble>
    <userParameterDouble>
      <name>ShimCurrent[0]</name>
      <value>497.0</value>
    </userParameterDouble>
    <userParameterDouble>
      <name>ShimCurrent[1]</name>
      <value>-196.0</value>
    </userParameterDouble>
    <userParameterDouble>
      <name>ShimCurrent[2]</name>
      <value>-77.0</value>
    </userParameterDouble>
    <userParameterDouble>
      <name>ShimCurrent[3]</name>
      <value>413.0</value>
    </userParameterDouble>
    <userParameterDouble>
      <name>ShimCurrent[4]</name>
      <value>-117.0</value>
    </userParameterDouble>
    <userParameterDouble>
      <name>ShimCurrent[5]</name>
      <value>896.0</value>
    </userParameterDouble>
    <userParameterDouble>
      <name>ShimCurrent[6]</name>
      <value>-547.0</value>
    </userParameterDouble>
    <userParameterDouble>
      <name>ShimCurrent[7]</name>
      <value>-849.0</value>
    </userParameterDouble>
    <userParameterDouble>
      <name>ShimCurrent[8]</name>
      <value>1132.0</value>
    </userParameterDouble>
    <userParameterDouble>
      <name>ShimCurrent[9]</name>
      <value>0.0</value>
    </userParameterDouble>
    <userParameterDouble>
      <name>ShimCurrent[10]</name>
      <value>0.0</value>
    </userParameterDouble>
    <userParameterDouble>
      <name>ShimCurrent[11]</name>
      <value>0.0</value>
    </userParameterDouble>
    <userParameterDouble>
      <name>ShimCurrent[12]</name>
      <value>0.0</value>
    </userParameterDouble>
    <userParameterDouble>
      <name>ShimCurrent[13]</name>
      <value>0.0</value>
    </userParameterDouble>
    <userParameterDouble>
      <name>ShimCurrent[14]</name>
      <value>0.0</value>
    </userParameterDouble>
    <userParameterDouble>
      <name>sB0CompensationX_Amp_0</name>
      <value>0.038619</value>
    </userParameterDouble>
    <userParameterDouble>
      <name>sB0CompensationX_Amp_1</name>
      <value>0.084644</value>
    </userParameterDouble>
    <userParameterDouble>
      <name>sB0CompensationX_Amp_2</name>
      <value>0.011392</value>
    </userParameterDouble>
    <userParameterDouble>
      <name>sB0CompensationY_Amp_0</name>
      <value>0.011207</value>
    </userParameterDouble>
    <userParameterDouble>
      <name>sB0CompensationY_Amp_1</name>
      <value>-0.079912</value>
    </userParameterDouble>
    <userParameterDouble>
      <name>sB0CompensationY_Amp_2</name>
      <value>-0.044527</value>
    </userParameterDouble>
    <userParameterDouble>
      <name>sB0CompensationZ_Amp_0</name>
      <value>0.082044</value>
    </userParameterDouble>
    <userParameterDouble>
      <name>sB0CompensationZ_Amp_1</name>
      <value>0.312251</value>
    </userParameterDouble>
    <userParameterDouble>
      <name>sB0CompensationZ_Amp_2</name>
      <value>0.052789</value>
    </userParameterDouble>
    <userParameterDouble>
      <name>sB0CompensationX_Tau_0</name>
      <value>1.46222</value>
    </userParameterDouble>
    <userParameterDouble>
      <name>sB0CompensationX_Tau_1</name>
      <value>0.221393</value>
    </userParameterDouble>
    <userParameterDouble>
      <name>sB0CompensationX_Tau_2</name>
      <value>0.002947</value>
    </userParameterDouble>
    <userParameterDouble>
      <name>sB0CompensationY_Tau_0</name>
      <value>1.99967</value>
    </userParameterDouble>
    <userParameterDouble>
      <name>sB0CompensationY_Tau_1</name>
      <value>0.202127</value>
    </userParameterDouble>
    <userParameterDouble>
      <name>sB0CompensationY_Tau_2</name>
      <value>0.00121</value>
    </userParameterDouble>
    <userParameterDouble>
      <name>sB0CompensationZ_Tau_0</name>
      <value>1.27957</value>
    </userParameterDouble>
    <userParameterDouble>
      <name>sB0CompensationZ_Tau_1</name>
      <value>0.230131</value>
    </userParameterDouble>
    <userParameterDouble>
      <name>sB0CompensationZ_Tau_2</name>
      <value>0.000757</value>
    </userParameterDouble>
    <userParameterDouble>
      <name>sWipMemBlock.adFree[0]</name>
      <value>0.0</value>
    </userParameterDouble>
    <userParameterDouble>
      <name>sWipMemBlock.adFree[1]</name>
      <value>0.0</value>
    </userParameterDouble>
    <userParameterDouble>
      <name>sWipMemBlock.adFree[2]</name>
      <value>0.0</value>
    </userParameterDouble>
    <userParameterDouble>
      <name>sWipMemBlock.adFree[3]</name>
      <value>0.0</value>
    </userParameterDouble>
    <userParameterDouble>
      <name>sWipMemBlock.adFree[4]</name>
      <value>0.0</value>
    </userParameterDouble>
    <userParameterDouble>
      <name>sWipMemBlock.adFree[5]</name>
      <value>0.0</value>
    </userParameterDouble>
    <userParameterDouble>
      <name>sWipMemBlock.adFree[6]</name>
      <value>0.0</value>
    </userParameterDouble>
    <userParameterDouble>
      <name>sWipMemBlock.adFree[7]</name>
      <value>0.0</value>
    </userParameterDouble>
    <userParameterDouble>
      <name>sWipMemBlock.adFree[8]</name>
      <value>0.0</value>
    </userParameterDouble>
    <userParameterDouble>
      <name>sWipMemBlock.adFree[9]</name>
      <value>0.0</value>
    </userParameterDouble>
    <userParameterDouble>
      <name>sWipMemBlock.adFree[10]</name>
      <value>0.0</value>
    </userParameterDouble>
    <userParameterDouble>
      <name>sWipMemBlock.adFree[11]</name>
      <value>0.0</value>
    </userParameterDouble>
    <userParameterDouble>
      <name>sWipMemBlock.adFree[12]</name>
      <value>0.0</value>
    </userParameterDouble>
    <userParameterDouble>
      <name>sWipMemBlock.adFree[13]</name>
      <value>0.0</value>
    </userParameterDouble>
    <userParameterDouble>
      <name>sWipMemBlock.adFree[14]</name>
      <value>0.0</value>
    </userParameterDouble>
    <userParameterDouble>
      <name>sWipMemBlock.adFree[15]</name>
      <value>0.0</value>
    </userParameterDouble>
    <userParameterDouble>
      <name>MaxwellCoefficient_0</name>
      <value>0.0</value>
    </userParameterDouble>
    <userParameterDouble>
      <name>MaxwellCoefficient_1</name>
      <value>0.0</value>
    </userParameterDouble>
    <userParameterDouble>
      <name>MaxwellCoefficient_2</name>
      <value>0.0</value>
    </userParameterDouble>
    <userParameterDouble>
      <name>MaxwellCoefficient_3</name>
      <value>0.0</value>
    </userParameterDouble>
    <userParameterDouble>
      <name>MaxwellCoefficient_4</name>
      <value>0.0</value>
    </userParameterDouble>
    <userParameterDouble>
      <name>MaxwellCoefficient_5</name>
      <value>0.0</value>
    </userParameterDouble>
    <userParameterDouble>
      <name>MaxwellCoefficient_6</name>
      <value>0.0</value>
    </userParameterDouble>
    <userParameterDouble>
      <name>MaxwellCoefficient_7</name>
      <value>0.0</value>
    </userParameterDouble>
    <userParameterDouble>
      <name>MaxwellCoefficient_8</name>
      <value>0.0</value>
    </userParameterDouble>
    <userParameterDouble>
      <name>MaxwellCoefficient_9</name>
      <value>0.0</value>
    </userParameterDouble>
    <userParameterDouble>
      <name>MaxwellCoefficient_10</name>
      <value>0.0</value>
    </userParameterDouble>
    <userParameterDouble>
      <name>MaxwellCoefficient_11</name>
      <value>0.0</value>
    </userParameterDouble>
    <userParameterDouble>
      <name>MaxwellCoefficient_12</name>
      <value>0.0</value>
    </userParameterDouble>
    <userParameterDouble>
      <name>MaxwellCoefficient_13</name>
      <value>0.0</value>
    </userParameterDouble>
    <userParameterDouble>
      <name>MaxwellCoefficient_14</name>
      <value>0.0</value>
    </userParameterDouble>
    <userParameterDouble>
      <name>MaxwellCoefficient_15</name>
      <value>0.0</value>
    </userParameterDouble>
    <userParameterString>
      <name>protfile</name>
      <value>spiralout_gre_fatsat_7T_15f2a.seq</value>
    </userParameterString>
    <userParameterString>
      <name>seq_signature</name>
      <value>15f2a44fbb9e9df61ce17e0746288b22</value>
    </userParameterString>
  </userParameters>
</ismrmrdHeader>

2026-09-22 14:29:01,563 - Data is from a SIEMENS Investigational_Device_7T_Plus at 7.0T
2026-09-22 14:29:01,585 - Starting bart_pulseq processing based on config
2026-09-22 14:29:01,588 - Creating converter from 3 to 5
2026-09-22 14:29:01,594 - Signature check passed with signature 15f2a44fbb9e9df61ce17e0746288b22.
2026-09-22 14:29:01,603 - Starting spiral reconstruction.
2026-09-22 14:29:01,610 - Config: 
bart_pulseq
2026-09-22 14:29:01,610 - Incoming dataset contains 1 encodings
2026-09-22 14:29:01,610 - Trajectory type 'spiral', matrix size (220 x 220 x 1), field of view (220.0 x 220.0 x 1.0)mm^3
2026-09-22 14:29:01,610 - Reading in protocol acquisitions.
2026-09-22 14:29:01,733 - <-- Received MRD_MESSAGE_ISMRMRD_ACQUISITION (1008) (total: 1)
2026-09-22 14:29:01,976 - <-- Received MRD_MESSAGE_ISMRMRD_ACQUISITION (1008) (total: 100)
2026-09-22 14:29:02,097 - nx/ny/nz: 110/110/1; enc1 min/max: 0/109; enc2 min/max:0/0, ncol: 110
2026-09-22 14:29:02,370 - Start sensitivity map calculation.
2026-09-22 14:29:05,961 - BART stdout: 

2026-09-22 14:29:05,961 - BART stderr: 

2026-09-22 14:29:05,961 - Finished sensitivity map calculation after 3.59 s.
2026-09-22 14:29:06,122 - Process slices/constrasts in parallel.
2026-09-22 14:29:06,122 - PICS config: pics -S -e  -l1 -r 0.0005 -i 100 --wavelet cdf44
2026-09-22 14:29:06,310 - Trajectory shape = (3, 6496, 15) , Signal Shape = (1, 6496, 15, 32) 
2026-09-22 14:29:29,036 - BART stdout: 

2026-09-22 14:29:29,036 - BART stderr: 
2 maps.
ESPIRiT reconstruction.
[  1 6496  15  32   1   1   1   1   1   1   1   1   1   1   1   1 ]
[220 220   1  32   1   1   1   1   1   1   1   1   1   1   1   1 ]
l1-wavelet regularization: 0.000500
Regularization terms: 1, Supporting variables: 0
FISTA
Total Time: 22.607062

2026-09-22 14:29:29,036 - Image data is size (220, 220, 1, 2)
2026-09-22 14:29:29,037 - --> Sending MRD_MESSAGE_CLOSE (4)
2026-09-22 14:29:29,037 - cannot reshape array of size 96800 into shape (1,1,220,220)
Traceback (most recent call last):
  File "/opt/code/python-ismrmrd-server/server.py", line 152, in handle
    bart_pulseq.process(connection, config, metadata)
  File "/opt/code/python-ismrmrd-server/bart_pulseq.py", line 54, in process
    bart_pulseq_noncart.process_noncart(connection, config, metadata, prot_file)
  File "/opt/code/python-ismrmrd-server/bart_pulseq_noncart.py", line 275, in process_noncart
    images = process_raw(acqGroup, metadata, cc_cha, dmtx, sensmaps, gpu, parallel=True)
             ^^^^^^^^^^^^^^^^^^^^^^^^^^^^^^^^^^^^^^^^^^^^^^^^^^^^^^^^^^^^^^^^^^^^^^^^^^^
  File "/opt/code/python-ismrmrd-server/bart_pulseq_noncart.py", line 513, in process_raw
    data = data.reshape(newshape)
           ^^^^^^^^^^^^^^^^^^^^^^
ValueError: cannot reshape array of size 96800 into shape (1,1,220,220)
2026-09-22 14:29:29,042 - Socket closed
2026-09-22 14:30:37,385 - Starting server and listening for data at 0.0.0.0:9002
2026-09-22 14:30:37,385 - Default config is invertcontrast
2026-09-22 14:30:37,386 - Serving... 
2026-09-22 14:30:42,835 - Accepting connection from: 172.17.0.1:51588
2026-09-22 14:30:42,840 -     bart_pulseq
2026-09-22 14:30:42,843 - XML Metadata: <?xml version="1.0" encoding="ascii"?>
<ismrmrdHeader xmlns="http://www.ismrm.org/ISMRMRD">
  <studyInformation>
    <studyTime>13:08:49</studyTime>
  </studyInformation>
  <measurementInformation>
    <measurementID>18976_72062168_72062173_424</measurementID>
    <patientPosition>HFS</patientPosition>
    <protocolName>pulseq_spiralout_fatsat_pypulseq</protocolName>
    <frameOfReferenceUID>1.3.12.2.1107.5.2.0.18976.1.20211008123859439.0.0.0</frameOfReferenceUID>
  </measurementInformation>
  <acquisitionSystemInformation>
    <systemVendor>SIEMENS</systemVendor>
    <systemModel>Investigational_Device_7T_Plus</systemModel>
    <systemFieldStrength_T>6.98094</systemFieldStrength_T>
    <relativeReceiverNoiseBandwidth>0.793</relativeReceiverNoiseBandwidth>
    <receiverChannels>32</receiverChannels>
    <institutionName>DZNE</institutionName>
  </acquisitionSystemInformation>
  <experimentalConditions>
    <H1resonanceFrequency_Hz>297216994</H1resonanceFrequency_Hz>
  </experimentalConditions>
  <encoding>
    <encodedSpace>
      <matrixSize>
        <x>64</x>
        <y>64</y>
        <z>2</z>
      </matrixSize>
      <fieldOfView_mm>
        <x>220.0</x>
        <y>220.0</y>
        <z>1.0</z>
      </fieldOfView_mm>
    </encodedSpace>
    <reconSpace>
      <matrixSize>
        <x>64</x>
        <y>64</y>
        <z>1</z>
      </matrixSize>
      <fieldOfView_mm>
        <x>220.0</x>
        <y>220.0</y>
        <z>1.0</z>
      </fieldOfView_mm>
    </reconSpace>
    <encodingLimits>
      <kspace_encoding_step_1>
        <minimum>0</minimum>
        <maximum>0</maximum>
        <center>32</center>
      </kspace_encoding_step_1>
      <kspace_encoding_step_2>
        <minimum>0</minimum>
        <maximum>0</maximum>
        <center>0</center>
      </kspace_encoding_step_2>
      <average>
        <minimum>0</minimum>
        <maximum>0</maximum>
        <center>0</center>
      </average>
      <slice>
        <minimum>0</minimum>
        <maximum>0</maximum>
        <center>0</center>
      </slice>
      <contrast>
        <minimum>0</minimum>
        <maximum>0</maximum>
        <center>0</center>
      </contrast>
      <phase>
        <minimum>0</minimum>
        <maximum>0</maximum>
        <center>0</center>
      </phase>
      <repetition>
        <minimum>0</minimum>
        <maximum>0</maximum>
        <center>0</center>
      </repetition>
      <set>
        <minimum>0</minimum>
        <maximum>0</maximum>
        <center>0</center>
      </set>
      <segment>
        <minimum>0</minimum>
        <maximum>0</maximum>
        <center>0</center>
      </segment>
    </encodingLimits>
    <trajectory>cartesian</trajectory>
    <parallelImaging>
      <accelerationFactor>
        <kspace_encoding_step_1>1</kspace_encoding_step_1>
        <kspace_encoding_step_2>1</kspace_encoding_step_2>
      </accelerationFactor>
      <calibrationMode>other</calibrationMode>
    </parallelImaging>
  </encoding>
  <sequenceParameters>
    <TR>50.0</TR>
    <TE>20.0</TE>
    <flipAngle_deg>15.0</flipAngle_deg>
  </sequenceParameters>
  <userParameters>
    <userParameterLong>
      <name>sWipMemBlock.alFree[0]</name>
      <value>2</value>
    </userParameterLong>
    <userParameterLong>
      <name>sWipMemBlock.alFree[1]</name>
      <value>2</value>
    </userParameterLong>
    <userParameterLong>
      <name>sWipMemBlock.alFree[2]</name>
      <value>0</value>
    </userParameterLong>
    <userParameterLong>
      <name>sWipMemBlock.alFree[3]</name>
      <value>2</value>
    </userParameterLong>
    <userParameterLong>
      <name>sWipMemBlock.alFree[4]</name>
      <value>0</value>
    </userParameterLong>
    <userParameterLong>
      <name>sWipMemBlock.alFree[5]</name>
      <value>0</value>
    </userParameterLong>
    <userParameterLong>
      <name>sWipMemBlock.alFree[6]</name>
      <value>0</value>
    </userParameterLong>
    <userParameterLong>
      <name>sWipMemBlock.alFree[7]</name>
      <value>1</value>
    </userParameterLong>
    <userParameterLong>
      <name>sWipMemBlock.alFree[8]</name>
      <value>1</value>
    </userParameterLong>
    <userParameterLong>
      <name>sWipMemBlock.alFree[9]</name>
      <value>0</value>
    </userParameterLong>
    <userParameterLong>
      <name>sWipMemBlock.alFree[10]</name>
      <value>0</value>
    </userParameterLong>
    <userParameterLong>
      <name>sWipMemBlock.alFree[11]</name>
      <value>0</value>
    </userParameterLong>
    <userParameterLong>
      <name>sWipMemBlock.alFree[12]</name>
      <value>0</value>
    </userParameterLong>
    <userParameterLong>
      <name>sWipMemBlock.alFree[13]</name>
      <value>0</value>
    </userParameterLong>
    <userParameterLong>
      <name>sWipMemBlock.alFree[14]</name>
      <value>0</value>
    </userParameterLong>
    <userParameterLong>
      <name>sWipMemBlock.alFree[15]</name>
      <value>0</value>
    </userParameterLong>
    <userParameterLong>
      <name>sWipMemBlock.alFree[16]</name>
      <value>0</value>
    </userParameterLong>
    <userParameterLong>
      <name>sWipMemBlock.alFree[17]</name>
      <value>0</value>
    </userParameterLong>
    <userParameterLong>
      <name>sWipMemBlock.alFree[18]</name>
      <value>0</value>
    </userParameterLong>
    <userParameterLong>
      <name>sWipMemBlock.alFree[19]</name>
      <value>0</value>
    </userParameterLong>
    <userParameterLong>
      <name>sWipMemBlock.alFree[20]</name>
      <value>0</value>
    </userParameterLong>
    <userParameterLong>
      <name>sWipMemBlock.alFree[21]</name>
      <value>0</value>
    </userParameterLong>
    <userParameterLong>
      <name>sWipMemBlock.alFree[22]</name>
      <value>0</value>
    </userParameterLong>
    <userParameterLong>
      <name>sWipMemBlock.alFree[23]</name>
      <value>0</value>
    </userParameterLong>
    <userParameterLong>
      <name>sWipMemBlock.alFree[24]</name>
      <value>0</value>
    </userParameterLong>
    <userParameterLong>
      <name>sWipMemBlock.alFree[25]</name>
      <value>0</value>
    </userParameterLong>
    <userParameterLong>
      <name>sWipMemBlock.alFree[26]</name>
      <value>0</value>
    </userParameterLong>
    <userParameterLong>
      <name>sWipMemBlock.alFree[27]</name>
      <value>0</value>
    </userParameterLong>
    <userParameterLong>
      <name>sWipMemBlock.alFree[28]</name>
      <value>0</value>
    </userParameterLong>
    <userParameterLong>
      <name>sWipMemBlock.alFree[29]</name>
      <value>0</value>
    </userParameterLong>
    <userParameterLong>
      <name>sWipMemBlock.alFree[30]</name>
      <value>0</value>
    </userParameterLong>
    <userParameterLong>
      <name>sWipMemBlock.alFree[31]</name>
      <value>0</value>
    </userParameterLong>
    <userParameterLong>
      <name>sWipMemBlock.alFree[32]</name>
      <value>0</value>
    </userParameterLong>
    <userParameterLong>
      <name>sWipMemBlock.alFree[33]</name>
      <value>0</value>
    </userParameterLong>
    <userParameterLong>
      <name>sWipMemBlock.alFree[34]</name>
      <value>0</value>
    </userParameterLong>
    <userParameterLong>
      <name>sWipMemBlock.alFree[35]</name>
      <value>0</value>
    </userParameterLong>
    <userParameterLong>
      <name>sWipMemBlock.alFree[36]</name>
      <value>0</value>
    </userParameterLong>
    <userParameterLong>
      <name>sWipMemBlock.alFree[37]</name>
      <value>0</value>
    </userParameterLong>
    <userParameterLong>
      <name>sWipMemBlock.alFree[38]</name>
      <value>0</value>
    </userParameterLong>
    <userParameterLong>
      <name>sWipMemBlock.alFree[39]</name>
      <value>0</value>
    </userParameterLong>
    <userParameterLong>
      <name>sWipMemBlock.alFree[40]</name>
      <value>0</value>
    </userParameterLong>
    <userParameterLong>
      <name>sWipMemBlock.alFree[41]</name>
      <value>0</value>
    </userParameterLong>
    <userParameterLong>
      <name>sWipMemBlock.alFree[42]</name>
      <value>0</value>
    </userParameterLong>
    <userParameterLong>
      <name>sWipMemBlock.alFree[43]</name>
      <value>0</value>
    </userParameterLong>
    <userParameterLong>
      <name>sWipMemBlock.alFree[44]</name>
      <value>0</value>
    </userParameterLong>
    <userParameterLong>
      <name>sWipMemBlock.alFree[45]</name>
      <value>0</value>
    </userParameterLong>
    <userParameterLong>
      <name>sWipMemBlock.alFree[46]</name>
      <value>0</value>
    </userParameterLong>
    <userParameterLong>
      <name>sWipMemBlock.alFree[47]</name>
      <value>0</value>
    </userParameterLong>
    <userParameterLong>
      <name>sWipMemBlock.alFree[48]</name>
      <value>0</value>
    </userParameterLong>
    <userParameterLong>
      <name>sWipMemBlock.alFree[49]</name>
      <value>0</value>
    </userParameterLong>
    <userParameterLong>
      <name>sWipMemBlock.alFree[50]</name>
      <value>0</value>
    </userParameterLong>
    <userParameterLong>
      <name>sWipMemBlock.alFree[51]</name>
      <value>0</value>
    </userParameterLong>
    <userParameterLong>
      <name>sWipMemBlock.alFree[52]</name>
      <value>0</value>
    </userParameterLong>
    <userParameterLong>
      <name>sWipMemBlock.alFree[53]</name>
      <value>0</value>
    </userParameterLong>
    <userParameterLong>
      <name>sWipMemBlock.alFree[54]</name>
      <value>0</value>
    </userParameterLong>
    <userParameterLong>
      <name>sWipMemBlock.alFree[55]</name>
      <value>0</value>
    </userParameterLong>
    <userParameterLong>
      <name>sWipMemBlock.alFree[56]</name>
      <value>0</value>
    </userParameterLong>
    <userParameterLong>
      <name>sWipMemBlock.alFree[57]</name>
      <value>0</value>
    </userParameterLong>
    <userParameterLong>
      <name>sWipMemBlock.alFree[58]</name>
      <value>0</value>
    </userParameterLong>
    <userParameterLong>
      <name>sWipMemBlock.alFree[59]</name>
      <value>0</value>
    </userParameterLong>
    <userParameterLong>
      <name>sWipMemBlock.alFree[60]</name>
      <value>0</value>
    </userParameterLong>
    <userParameterLong>
      <name>sWipMemBlock.alFree[61]</name>
      <value>0</value>
    </userParameterLong>
    <userParameterLong>
      <name>sWipMemBlock.alFree[62]</name>
      <value>0</value>
    </userParameterLong>
    <userParameterLong>
      <name>sWipMemBlock.alFree[63]</name>
      <value>0</value>
    </userParameterLong>
    <userParameterDouble>
      <name>dwellTime_us</name>
      <value>0.0</value>
    </userParameterDouble>
    <userParameterDouble>
      <name>traj_delay</name>
      <value>0.0</value>
    </userParameterDouble>
    <userParameterDouble>
      <name>nsegments</name>
      <value>1.0</value>
    </userParameterDouble>
    <userParameterDouble>
      <name>t_min</name>
      <value>0.0</value>
    </userParameterDouble>
    <userParameterDouble>
      <name>os_region</name>
      <value>0.0</value>
    </userParameterDouble>
    <userParameterDouble>
      <name>RefVoltage</name>
      <value>238.917</value>
    </userParameterDouble>
    <userParameterDouble>
      <name>ShimCurrent[0]</name>
      <value>497.0</value>
    </userParameterDouble>
    <userParameterDouble>
      <name>ShimCurrent[1]</name>
      <value>-196.0</value>
    </userParameterDouble>
    <userParameterDouble>
      <name>ShimCurrent[2]</name>
      <value>-77.0</value>
    </userParameterDouble>
    <userParameterDouble>
      <name>ShimCurrent[3]</name>
      <value>413.0</value>
    </userParameterDouble>
    <userParameterDouble>
      <name>ShimCurrent[4]</name>
      <value>-117.0</value>
    </userParameterDouble>
    <userParameterDouble>
      <name>ShimCurrent[5]</name>
      <value>896.0</value>
    </userParameterDouble>
    <userParameterDouble>
      <name>ShimCurrent[6]</name>
      <value>-547.0</value>
    </userParameterDouble>
    <userParameterDouble>
      <name>ShimCurrent[7]</name>
      <value>-849.0</value>
    </userParameterDouble>
    <userParameterDouble>
      <name>ShimCurrent[8]</name>
      <value>1132.0</value>
    </userParameterDouble>
    <userParameterDouble>
      <name>ShimCurrent[9]</name>
      <value>0.0</value>
    </userParameterDouble>
    <userParameterDouble>
      <name>ShimCurrent[10]</name>
      <value>0.0</value>
    </userParameterDouble>
    <userParameterDouble>
      <name>ShimCurrent[11]</name>
      <value>0.0</value>
    </userParameterDouble>
    <userParameterDouble>
      <name>ShimCurrent[12]</name>
      <value>0.0</value>
    </userParameterDouble>
    <userParameterDouble>
      <name>ShimCurrent[13]</name>
      <value>0.0</value>
    </userParameterDouble>
    <userParameterDouble>
      <name>ShimCurrent[14]</name>
      <value>0.0</value>
    </userParameterDouble>
    <userParameterDouble>
      <name>sB0CompensationX_Amp_0</name>
      <value>0.038619</value>
    </userParameterDouble>
    <userParameterDouble>
      <name>sB0CompensationX_Amp_1</name>
      <value>0.084644</value>
    </userParameterDouble>
    <userParameterDouble>
      <name>sB0CompensationX_Amp_2</name>
      <value>0.011392</value>
    </userParameterDouble>
    <userParameterDouble>
      <name>sB0CompensationY_Amp_0</name>
      <value>0.011207</value>
    </userParameterDouble>
    <userParameterDouble>
      <name>sB0CompensationY_Amp_1</name>
      <value>-0.079912</value>
    </userParameterDouble>
    <userParameterDouble>
      <name>sB0CompensationY_Amp_2</name>
      <value>-0.044527</value>
    </userParameterDouble>
    <userParameterDouble>
      <name>sB0CompensationZ_Amp_0</name>
      <value>0.082044</value>
    </userParameterDouble>
    <userParameterDouble>
      <name>sB0CompensationZ_Amp_1</name>
      <value>0.312251</value>
    </userParameterDouble>
    <userParameterDouble>
      <name>sB0CompensationZ_Amp_2</name>
      <value>0.052789</value>
    </userParameterDouble>
    <userParameterDouble>
      <name>sB0CompensationX_Tau_0</name>
      <value>1.46222</value>
    </userParameterDouble>
    <userParameterDouble>
      <name>sB0CompensationX_Tau_1</name>
      <value>0.221393</value>
    </userParameterDouble>
    <userParameterDouble>
      <name>sB0CompensationX_Tau_2</name>
      <value>0.002947</value>
    </userParameterDouble>
    <userParameterDouble>
      <name>sB0CompensationY_Tau_0</name>
      <value>1.99967</value>
    </userParameterDouble>
    <userParameterDouble>
      <name>sB0CompensationY_Tau_1</name>
      <value>0.202127</value>
    </userParameterDouble>
    <userParameterDouble>
      <name>sB0CompensationY_Tau_2</name>
      <value>0.00121</value>
    </userParameterDouble>
    <userParameterDouble>
      <name>sB0CompensationZ_Tau_0</name>
      <value>1.27957</value>
    </userParameterDouble>
    <userParameterDouble>
      <name>sB0CompensationZ_Tau_1</name>
      <value>0.230131</value>
    </userParameterDouble>
    <userParameterDouble>
      <name>sB0CompensationZ_Tau_2</name>
      <value>0.000757</value>
    </userParameterDouble>
    <userParameterDouble>
      <name>sWipMemBlock.adFree[0]</name>
      <value>0.0</value>
    </userParameterDouble>
    <userParameterDouble>
      <name>sWipMemBlock.adFree[1]</name>
      <value>0.0</value>
    </userParameterDouble>
    <userParameterDouble>
      <name>sWipMemBlock.adFree[2]</name>
      <value>0.0</value>
    </userParameterDouble>
    <userParameterDouble>
      <name>sWipMemBlock.adFree[3]</name>
      <value>0.0</value>
    </userParameterDouble>
    <userParameterDouble>
      <name>sWipMemBlock.adFree[4]</name>
      <value>0.0</value>
    </userParameterDouble>
    <userParameterDouble>
      <name>sWipMemBlock.adFree[5]</name>
      <value>0.0</value>
    </userParameterDouble>
    <userParameterDouble>
      <name>sWipMemBlock.adFree[6]</name>
      <value>0.0</value>
    </userParameterDouble>
    <userParameterDouble>
      <name>sWipMemBlock.adFree[7]</name>
      <value>0.0</value>
    </userParameterDouble>
    <userParameterDouble>
      <name>sWipMemBlock.adFree[8]</name>
      <value>0.0</value>
    </userParameterDouble>
    <userParameterDouble>
      <name>sWipMemBlock.adFree[9]</name>
      <value>0.0</value>
    </userParameterDouble>
    <userParameterDouble>
      <name>sWipMemBlock.adFree[10]</name>
      <value>0.0</value>
    </userParameterDouble>
    <userParameterDouble>
      <name>sWipMemBlock.adFree[11]</name>
      <value>0.0</value>
    </userParameterDouble>
    <userParameterDouble>
      <name>sWipMemBlock.adFree[12]</name>
      <value>0.0</value>
    </userParameterDouble>
    <userParameterDouble>
      <name>sWipMemBlock.adFree[13]</name>
      <value>0.0</value>
    </userParameterDouble>
    <userParameterDouble>
      <name>sWipMemBlock.adFree[14]</name>
      <value>0.0</value>
    </userParameterDouble>
    <userParameterDouble>
      <name>sWipMemBlock.adFree[15]</name>
      <value>0.0</value>
    </userParameterDouble>
    <userParameterDouble>
      <name>MaxwellCoefficient_0</name>
      <value>0.0</value>
    </userParameterDouble>
    <userParameterDouble>
      <name>MaxwellCoefficient_1</name>
      <value>0.0</value>
    </userParameterDouble>
    <userParameterDouble>
      <name>MaxwellCoefficient_2</name>
      <value>0.0</value>
    </userParameterDouble>
    <userParameterDouble>
      <name>MaxwellCoefficient_3</name>
      <value>0.0</value>
    </userParameterDouble>
    <userParameterDouble>
      <name>MaxwellCoefficient_4</name>
      <value>0.0</value>
    </userParameterDouble>
    <userParameterDouble>
      <name>MaxwellCoefficient_5</name>
      <value>0.0</value>
    </userParameterDouble>
    <userParameterDouble>
      <name>MaxwellCoefficient_6</name>
      <value>0.0</value>
    </userParameterDouble>
    <userParameterDouble>
      <name>MaxwellCoefficient_7</name>
      <value>0.0</value>
    </userParameterDouble>
    <userParameterDouble>
      <name>MaxwellCoefficient_8</name>
      <value>0.0</value>
    </userParameterDouble>
    <userParameterDouble>
      <name>MaxwellCoefficient_9</name>
      <value>0.0</value>
    </userParameterDouble>
    <userParameterDouble>
      <name>MaxwellCoefficient_10</name>
      <value>0.0</value>
    </userParameterDouble>
    <userParameterDouble>
      <name>MaxwellCoefficient_11</name>
      <value>0.0</value>
    </userParameterDouble>
    <userParameterDouble>
      <name>MaxwellCoefficient_12</name>
      <value>0.0</value>
    </userParameterDouble>
    <userParameterDouble>
      <name>MaxwellCoefficient_13</name>
      <value>0.0</value>
    </userParameterDouble>
    <userParameterDouble>
      <name>MaxwellCoefficient_14</name>
      <value>0.0</value>
    </userParameterDouble>
    <userParameterDouble>
      <name>MaxwellCoefficient_15</name>
      <value>0.0</value>
    </userParameterDouble>
    <userParameterString>
      <name>protfile</name>
      <value>spiralout_gre_fatsat_7T_15f2a.seq</value>
    </userParameterString>
    <userParameterString>
      <name>seq_signature</name>
      <value>15f2a44fbb9e9df61ce17e0746288b22</value>
    </userParameterString>
  </userParameters>
</ismrmrdHeader>

2026-09-22 14:30:42,856 - Data is from a SIEMENS Investigational_Device_7T_Plus at 7.0T
2026-09-22 14:30:42,884 - Starting bart_pulseq processing based on config
2026-09-22 14:30:42,886 - Creating converter from 3 to 5
2026-09-22 14:30:42,894 - Signature check passed with signature 15f2a44fbb9e9df61ce17e0746288b22.
2026-09-22 14:30:42,895 - Starting spiral reconstruction.
2026-09-22 14:30:42,905 - Config: 
bart_pulseq
2026-09-22 14:30:42,905 - Incoming dataset contains 1 encodings
2026-09-22 14:30:42,905 - Trajectory type 'spiral', matrix size (220 x 220 x 1), field of view (220.0 x 220.0 x 1.0)mm^3
2026-09-22 14:30:42,905 - Reading in protocol acquisitions.
2026-09-22 14:30:43,027 - <-- Received MRD_MESSAGE_ISMRMRD_ACQUISITION (1008) (total: 1)
2026-09-22 14:30:43,247 - <-- Received MRD_MESSAGE_ISMRMRD_ACQUISITION (1008) (total: 100)
2026-09-22 14:30:43,363 - nx/ny/nz: 110/110/1; enc1 min/max: 0/109; enc2 min/max:0/0, ncol: 110
2026-09-22 14:30:43,546 - Start sensitivity map calculation.
2026-09-22 14:30:46,984 - BART stdout: 

2026-09-22 14:30:46,984 - BART stderr: 

2026-09-22 14:30:46,984 - Finished sensitivity map calculation after 3.44 s.
2026-09-22 14:30:47,227 - Process slices/constrasts in parallel.
2026-09-22 14:30:47,227 - PICS config: pics -S -e  -l1 -r 0.0005 -i 100 --wavelet cdf44
2026-09-22 14:30:47,431 - Trajectory shape = (3, 6496, 15) , Signal Shape = (1, 6496, 15, 32) 
2026-09-22 14:31:11,201 - BART stdout: 

2026-09-22 14:31:11,201 - BART stderr: 
2 maps.
ESPIRiT reconstruction.
[  1 6496  15  32   1   1   1   1   1   1   1   1   1   1   1   1 ]
[220 220   1  32   1   1   1   1   1   1   1   1   1   1   1   1 ]
l1-wavelet regularization: 0.000500
Regularization terms: 1, Supporting variables: 0
FISTA
Total Time: 23.515710

2026-09-22 14:31:11,202 - Image data is size (220, 220, 1, 2)
2026-09-22 14:31:11,203 - --> Sending MRD_MESSAGE_CLOSE (4)
2026-09-22 14:31:11,203 - cannot reshape array of size 96800 into shape (1,1,220,220)
Traceback (most recent call last):
  File "/opt/code/python-ismrmrd-server/server.py", line 152, in handle
    bart_pulseq.process(connection, config, metadata)
  File "/opt/code/python-ismrmrd-server/bart_pulseq.py", line 54, in process
    bart_pulseq_noncart.process_noncart(connection, config, metadata, prot_file)
  File "/opt/code/python-ismrmrd-server/bart_pulseq_noncart.py", line 275, in process_noncart
    images = process_raw(acqGroup, metadata, cc_cha, dmtx, sensmaps, gpu, parallel=True)
             ^^^^^^^^^^^^^^^^^^^^^^^^^^^^^^^^^^^^^^^^^^^^^^^^^^^^^^^^^^^^^^^^^^^^^^^^^^^
  File "/opt/code/python-ismrmrd-server/bart_pulseq_noncart.py", line 513, in process_raw
    data = data.reshape(newshape)
           ^^^^^^^^^^^^^^^^^^^^^^
ValueError: cannot reshape array of size 96800 into shape (1,1,220,220)
2026-09-22 14:31:11,207 - Socket closed
2026-09-22 14:31:37,400 - Accepting connection from: 172.17.0.1:38108
2026-09-22 14:31:37,413 -     bart_jemris
2026-09-22 14:31:37,423 - XML Metadata: <?xml version="1.0"?>
<ismrmrdHeader xmlns="http://www.ismrm.org/ISMRMRD" xmlns:xsi="http://www.w3.org/2001/XMLSchema-instance" xmlns:xs="http://www.w3.org/2001/XMLSchema" xsi:schemaLocation="http://www.ismrm.org/ISMRMRD ismrmrd.xsd">
	<acquisitionSystemInformation>
		<systemVendor>JEMRIS</systemVendor>
		<systemModel>v2.8.4</systemModel>
		<systemFieldStrength_T>0.000000</systemFieldStrength_T>
	</acquisitionSystemInformation>
	<experimentalConditions>
		<H1resonanceFrequency_Hz>140713325569856</H1resonanceFrequency_Hz>
	</experimentalConditions>
	<encoding>
		<encodedSpace>
			<matrixSize>
				<x>220</x>
				<y>220</y>
				<z>1</z>
			</matrixSize>
			<fieldOfView_mm>
				<x>220.000000</x>
				<y>220.000000</y>
				<z>1.000000</z>
			</fieldOfView_mm>
		</encodedSpace>
		<reconSpace>
			<matrixSize>
				<x>220</x>
				<y>220</y>
				<z>1</z>
			</matrixSize>
			<fieldOfView_mm>
				<x>220.000000</x>
				<y>220.000000</y>
				<z>1.000000</z>
			</fieldOfView_mm>
		</reconSpace>
		<encodingLimits>
			<kspace_encoding_step_1>
				<minimum>0</minimum>
				<maximum>78</maximum>
				<center>39</center>
			</kspace_encoding_step_1>
			<kspace_encoding_step_2>
				<minimum>0</minimum>
				<maximum>0</maximum>
				<center>0</center>
			</kspace_encoding_step_2>
			<average>
				<minimum>0</minimum>
				<maximum>0</maximum>
				<center>0</center>
			</average>
			<slice>
				<minimum>0</minimum>
				<maximum>0</maximum>
				<center>0</center>
			</slice>
			<contrast>
				<minimum>0</minimum>
				<maximum>0</maximum>
				<center>0</center>
			</contrast>
			<set>
				<minimum>0</minimum>
				<maximum>0</maximum>
				<center>0</center>
			</set>
			<segment>
				<minimum>0</minimum>
				<maximum>0</maximum>
				<center>0</center>
			</segment>
		</encodingLimits>
		<trajectory>other</trajectory>
	</encoding>
</ismrmrdHeader>

2026-09-22 14:31:37,433 - Data is from a JEMRIS v2.8.4 at 0.0T
2026-09-22 14:31:37,454 - Starting bart_jemris processing based on config
2026-09-22 14:31:37,454 - Config: 
bart_jemris
2026-09-22 14:31:37,454 - Reconstruction of simulated data.
2026-09-22 14:31:37,454 - Incoming dataset contains 1 encodings
2026-09-22 14:31:37,454 - Trajectory type 'other', matrix size (220 x 220 x 1), field of view (220.0 x 220.0 x 1.0)mm^3
2026-09-22 14:31:37,455 - <-- Received MRD_MESSAGE_ISMRMRD_ACQUISITION (1008) (total: 1)
2026-09-22 14:31:37,610 - Processing a group of k-space data
2026-09-22 14:31:37,624 - Trajectory shape = (3, 4940, 15) , Signal Shape = (1, 4940, 15, 1) 
2026-09-22 14:31:37,624 - Do BART reconstruction.
2026-09-22 14:31:38,052 - Image data is size (1, 4940, 15, 1)
2026-09-22 14:31:38,055 - Sending images to client:
[Image(head=ImageHeader(version: 1, data_type: 5, flags: 0, measurement_uid: 0, matrix_size: (220, 220, 1), field_of_view: (0.0, 0.0, 0.0), channels: 1, position: (0.0, 0.0, 0.0), read_dir: (0.0, 0.0, 0.0), phase_dir: (0.0, 0.0, 0.0), slice_dir: (0.0, 0.0, 0.0), patient_table_position: (0.0, 0.0, 0.0), average: 0, slice: 0, contrast: 0, phase: 0, repetition: 0, set: 0, acquisition_time_stamp: 0, physiology_time_stamp: (0, 0, 0), image_type: 0, image_index: 0, image_series_index: 1, user_int: (0, 0, 0, 0, 0, 0, 0, 0), user_float: (0.0, 0.0, 0.0, 0.0, 0.0, 0.0, 0.0, 0.0), attribute_string_len: 0, ),meta={},data=array([[[[1.5982721e-05, 3.3673448e-05, 6.7658752e-05, ...,
          5.5085537e-05, 8.4387219e-05, 1.7703435e-04],
         [6.4053052e-06, 2.1128315e-05, 4.2226729e-05, ...,
          1.6983162e-04, 1.3276098e-04, 6.5158449e-05],
         [1.2577902e-05, 4.0485626e-05, 2.7088330e-05, ...,
          4.9102884e-05, 1.6546866e-04, 1.2688295e-04],
         ...,
         [7.1041592e-05, 8.0726049e-06, 8.6041924e-05, ...,
          1.2275972e-04, 6.1925908e-05, 5.2008203e-05],
         [6.9411923e-05, 3.3392687e-05, 1.0987675e-04, ...,
          7.8287179e-05, 3.0444689e-05, 1.0095075e-04],
         [1.0965271e-04, 2.9043900e-05, 2.1231861e-05, ...,
          1.1257220e-04, 1.3357404e-04, 3.3354459e-05]]]],
      shape=(1, 1, 220, 220), dtype=float32)), Image(head=ImageHeader(version: 1, data_type: 5, flags: 0, measurement_uid: 0, matrix_size: (220, 220, 1), field_of_view: (0.0, 0.0, 0.0), channels: 1, position: (0.0, 0.0, 0.0), read_dir: (0.0, 0.0, 0.0), phase_dir: (0.0, 0.0, 0.0), slice_dir: (0.0, 0.0, 0.0), patient_table_position: (0.0, 0.0, 0.0), average: 0, slice: 0, contrast: 0, phase: 0, repetition: 0, set: 0, acquisition_time_stamp: 0, physiology_time_stamp: (0, 0, 0), image_type: 0, image_index: 0, image_series_index: 2, user_int: (0, 0, 0, 0, 0, 0, 0, 0), user_float: (0.0, 0.0, 0.0, 0.0, 0.0, 0.0, 0.0, 0.0), attribute_string_len: 0, ),meta={},data=array([[[[-0.0998475 ,  0.7558991 ,  1.0226635 , ..., -0.19992468,
           3.0545554 ,  3.0824404 ],
         [-1.7424753 ,  0.77819157,  2.08074   , ..., -0.04246576,
          -0.05299348,  2.934971  ],
         [-1.1973654 ,  0.38900024,  0.9588102 , ..., -0.4802777 ,
          -0.06206502,  0.014642  ],
         ...,
         [-2.2501676 , -2.117557  , -2.8761005 , ...,  3.1344445 ,
           2.0948308 , -2.3423712 ],
         [-2.8747244 ,  0.16679035,  3.1165662 , ..., -2.9108431 ,
           3.1008732 , -2.6385803 ],
         [-2.6963377 , -2.1740546 , -0.2670313 , ...,  2.657793  ,
           2.6455686 ,  0.06664483]]]],
      shape=(1, 1, 220, 220), dtype=float32)), Image(head=ImageHeader(version: 1, data_type: 5, flags: 0, measurement_uid: 0, matrix_size: (1, 220, 220), field_of_view: (0.0, 0.0, 0.0), channels: 1, position: (0.0, 0.0, 0.0), read_dir: (0.0, 0.0, 0.0), phase_dir: (0.0, 0.0, 0.0), slice_dir: (0.0, 0.0, 0.0), patient_table_position: (0.0, 0.0, 0.0), average: 0, slice: 0, contrast: 0, phase: 0, repetition: 0, set: 0, acquisition_time_stamp: 0, physiology_time_stamp: (0, 0, 0), image_type: 0, image_index: 0, image_series_index: 4, user_int: (0, 0, 0, 0, 0, 0, 0, 0), user_float: (0.0, 0.0, 0.0, 0.0, 0.0, 0.0, 0.0, 0.0), attribute_string_len: 0, ),meta={},data=array([[[[-0.0998475 ],
         [ 0.7558991 ],
         [ 1.0226635 ],
         ...,
         [-0.19992468],
         [ 3.0545554 ],
         [ 3.0824404 ]],

        [[-1.7424753 ],
         [ 0.77819157],
         [ 2.08074   ],
         ...,
         [-0.04246576],
         [-0.05299348],
         [ 2.934971  ]],

        [[-1.1973654 ],
         [ 0.38900024],
         [ 0.9588102 ],
         ...,
         [-0.4802777 ],
         [-0.06206502],
         [ 0.014642  ]],

        ...,

        [[-2.2501676 ],
         [-2.117557  ],
         [-2.8761005 ],
         ...,
         [ 3.1344445 ],
         [ 2.0948308 ],
         [-2.3423712 ]],

        [[-2.8747244 ],
         [ 0.16679035],
         [ 3.1165662 ],
         ...,
         [-2.9108431 ],
         [ 3.1008732 ],
         [-2.6385803 ]],

        [[-2.6963377 ],
         [-2.1740546 ],
         [-0.2670313 ],
         ...,
         [ 2.657793  ],
         [ 2.6455686 ],
         [ 0.06664483]]]], shape=(1, 220, 220, 1), dtype=float32)), Image(head=ImageHeader(version: 1, data_type: 5, flags: 0, measurement_uid: 0, matrix_size: (1, 220, 220), field_of_view: (0.0, 0.0, 0.0), channels: 1, position: (0.0, 0.0, 0.0), read_dir: (0.0, 0.0, 0.0), phase_dir: (0.0, 0.0, 0.0), slice_dir: (0.0, 0.0, 0.0), patient_table_position: (0.0, 0.0, 0.0), average: 0, slice: 0, contrast: 0, phase: 0, repetition: 0, set: 0, acquisition_time_stamp: 0, physiology_time_stamp: (0, 0, 0), image_type: 0, image_index: 0, image_series_index: 3, user_int: (0, 0, 0, 0, 0, 0, 0, 0), user_float: (0.0, 0.0, 0.0, 0.0, 0.0, 0.0, 0.0, 0.0), attribute_string_len: 0, ),meta={},data=array([[[[1.5982721e-05],
         [3.3673448e-05],
         [6.7658752e-05],
         ...,
         [5.5085537e-05],
         [8.4387219e-05],
         [1.7703435e-04]],

        [[6.4053052e-06],
         [2.1128315e-05],
         [4.2226729e-05],
         ...,
         [1.6983162e-04],
         [1.3276098e-04],
         [6.5158449e-05]],

        [[1.2577902e-05],
         [4.0485626e-05],
         [2.7088330e-05],
         ...,
         [4.9102884e-05],
         [1.6546866e-04],
         [1.2688295e-04]],

        ...,

        [[7.1041592e-05],
         [8.0726049e-06],
         [8.6041924e-05],
         ...,
         [1.2275972e-04],
         [6.1925908e-05],
         [5.2008203e-05]],

        [[6.9411923e-05],
         [3.3392687e-05],
         [1.0987675e-04],
         ...,
         [7.8287179e-05],
         [3.0444689e-05],
         [1.0095075e-04]],

        [[1.0965271e-04],
         [2.9043900e-05],
         [2.1231861e-05],
         ...,
         [1.1257220e-04],
         [1.3357404e-04],
         [3.3354459e-05]]]], shape=(1, 220, 220, 1), dtype=float32))]
2026-09-22 14:31:38,059 - --> Sending MRD_MESSAGE_ISMRMRD_IMAGE (1022) (4 images)
2026-09-22 14:31:38,060 - <-- Received MRD_MESSAGE_CLOSE (4)
2026-09-22 14:31:38,060 -     Total received acquisitions:    16
2026-09-22 14:31:38,061 -     Total received images:           0
2026-09-22 14:31:38,061 -     Total received waveforms:        0
2026-09-22 14:31:38,061 - ------------------------------------------
2026-09-22 14:31:38,061 - --> Sending MRD_MESSAGE_CLOSE (4)
2026-09-22 14:31:38,061 - Socket closed
2026-09-22 14:31:43,841 - Accepting connection from: 172.17.0.1:38124
2026-09-22 14:31:43,846 -     bart_pulseq
2026-09-22 14:31:43,849 - XML Metadata: <?xml version="1.0" encoding="ascii"?>
<ismrmrdHeader xmlns="http://www.ismrm.org/ISMRMRD">
  <studyInformation>
    <studyTime>13:08:49</studyTime>
  </studyInformation>
  <measurementInformation>
    <measurementID>18976_72062168_72062173_424</measurementID>
    <patientPosition>HFS</patientPosition>
    <protocolName>pulseq_spiralout_fatsat_pypulseq</protocolName>
    <frameOfReferenceUID>1.3.12.2.1107.5.2.0.18976.1.20211008123859439.0.0.0</frameOfReferenceUID>
  </measurementInformation>
  <acquisitionSystemInformation>
    <systemVendor>SIEMENS</systemVendor>
    <systemModel>Investigational_Device_7T_Plus</systemModel>
    <systemFieldStrength_T>6.98094</systemFieldStrength_T>
    <relativeReceiverNoiseBandwidth>0.793</relativeReceiverNoiseBandwidth>
    <receiverChannels>32</receiverChannels>
    <institutionName>DZNE</institutionName>
  </acquisitionSystemInformation>
  <experimentalConditions>
    <H1resonanceFrequency_Hz>297216994</H1resonanceFrequency_Hz>
  </experimentalConditions>
  <encoding>
    <encodedSpace>
      <matrixSize>
        <x>64</x>
        <y>64</y>
        <z>2</z>
      </matrixSize>
      <fieldOfView_mm>
        <x>220.0</x>
        <y>220.0</y>
        <z>1.0</z>
      </fieldOfView_mm>
    </encodedSpace>
    <reconSpace>
      <matrixSize>
        <x>64</x>
        <y>64</y>
        <z>1</z>
      </matrixSize>
      <fieldOfView_mm>
        <x>220.0</x>
        <y>220.0</y>
        <z>1.0</z>
      </fieldOfView_mm>
    </reconSpace>
    <encodingLimits>
      <kspace_encoding_step_1>
        <minimum>0</minimum>
        <maximum>0</maximum>
        <center>32</center>
      </kspace_encoding_step_1>
      <kspace_encoding_step_2>
        <minimum>0</minimum>
        <maximum>0</maximum>
        <center>0</center>
      </kspace_encoding_step_2>
      <average>
        <minimum>0</minimum>
        <maximum>0</maximum>
        <center>0</center>
      </average>
      <slice>
        <minimum>0</minimum>
        <maximum>0</maximum>
        <center>0</center>
      </slice>
      <contrast>
        <minimum>0</minimum>
        <maximum>0</maximum>
        <center>0</center>
      </contrast>
      <phase>
        <minimum>0</minimum>
        <maximum>0</maximum>
        <center>0</center>
      </phase>
      <repetition>
        <minimum>0</minimum>
        <maximum>0</maximum>
        <center>0</center>
      </repetition>
      <set>
        <minimum>0</minimum>
        <maximum>0</maximum>
        <center>0</center>
      </set>
      <segment>
        <minimum>0</minimum>
        <maximum>0</maximum>
        <center>0</center>
      </segment>
    </encodingLimits>
    <trajectory>cartesian</trajectory>
    <parallelImaging>
      <accelerationFactor>
        <kspace_encoding_step_1>1</kspace_encoding_step_1>
        <kspace_encoding_step_2>1</kspace_encoding_step_2>
      </accelerationFactor>
      <calibrationMode>other</calibrationMode>
    </parallelImaging>
  </encoding>
  <sequenceParameters>
    <TR>50.0</TR>
    <TE>20.0</TE>
    <flipAngle_deg>15.0</flipAngle_deg>
  </sequenceParameters>
  <userParameters>
    <userParameterLong>
      <name>sWipMemBlock.alFree[0]</name>
      <value>2</value>
    </userParameterLong>
    <userParameterLong>
      <name>sWipMemBlock.alFree[1]</name>
      <value>2</value>
    </userParameterLong>
    <userParameterLong>
      <name>sWipMemBlock.alFree[2]</name>
      <value>0</value>
    </userParameterLong>
    <userParameterLong>
      <name>sWipMemBlock.alFree[3]</name>
      <value>2</value>
    </userParameterLong>
    <userParameterLong>
      <name>sWipMemBlock.alFree[4]</name>
      <value>0</value>
    </userParameterLong>
    <userParameterLong>
      <name>sWipMemBlock.alFree[5]</name>
      <value>0</value>
    </userParameterLong>
    <userParameterLong>
      <name>sWipMemBlock.alFree[6]</name>
      <value>0</value>
    </userParameterLong>
    <userParameterLong>
      <name>sWipMemBlock.alFree[7]</name>
      <value>1</value>
    </userParameterLong>
    <userParameterLong>
      <name>sWipMemBlock.alFree[8]</name>
      <value>1</value>
    </userParameterLong>
    <userParameterLong>
      <name>sWipMemBlock.alFree[9]</name>
      <value>0</value>
    </userParameterLong>
    <userParameterLong>
      <name>sWipMemBlock.alFree[10]</name>
      <value>0</value>
    </userParameterLong>
    <userParameterLong>
      <name>sWipMemBlock.alFree[11]</name>
      <value>0</value>
    </userParameterLong>
    <userParameterLong>
      <name>sWipMemBlock.alFree[12]</name>
      <value>0</value>
    </userParameterLong>
    <userParameterLong>
      <name>sWipMemBlock.alFree[13]</name>
      <value>0</value>
    </userParameterLong>
    <userParameterLong>
      <name>sWipMemBlock.alFree[14]</name>
      <value>0</value>
    </userParameterLong>
    <userParameterLong>
      <name>sWipMemBlock.alFree[15]</name>
      <value>0</value>
    </userParameterLong>
    <userParameterLong>
      <name>sWipMemBlock.alFree[16]</name>
      <value>0</value>
    </userParameterLong>
    <userParameterLong>
      <name>sWipMemBlock.alFree[17]</name>
      <value>0</value>
    </userParameterLong>
    <userParameterLong>
      <name>sWipMemBlock.alFree[18]</name>
      <value>0</value>
    </userParameterLong>
    <userParameterLong>
      <name>sWipMemBlock.alFree[19]</name>
      <value>0</value>
    </userParameterLong>
    <userParameterLong>
      <name>sWipMemBlock.alFree[20]</name>
      <value>0</value>
    </userParameterLong>
    <userParameterLong>
      <name>sWipMemBlock.alFree[21]</name>
      <value>0</value>
    </userParameterLong>
    <userParameterLong>
      <name>sWipMemBlock.alFree[22]</name>
      <value>0</value>
    </userParameterLong>
    <userParameterLong>
      <name>sWipMemBlock.alFree[23]</name>
      <value>0</value>
    </userParameterLong>
    <userParameterLong>
      <name>sWipMemBlock.alFree[24]</name>
      <value>0</value>
    </userParameterLong>
    <userParameterLong>
      <name>sWipMemBlock.alFree[25]</name>
      <value>0</value>
    </userParameterLong>
    <userParameterLong>
      <name>sWipMemBlock.alFree[26]</name>
      <value>0</value>
    </userParameterLong>
    <userParameterLong>
      <name>sWipMemBlock.alFree[27]</name>
      <value>0</value>
    </userParameterLong>
    <userParameterLong>
      <name>sWipMemBlock.alFree[28]</name>
      <value>0</value>
    </userParameterLong>
    <userParameterLong>
      <name>sWipMemBlock.alFree[29]</name>
      <value>0</value>
    </userParameterLong>
    <userParameterLong>
      <name>sWipMemBlock.alFree[30]</name>
      <value>0</value>
    </userParameterLong>
    <userParameterLong>
      <name>sWipMemBlock.alFree[31]</name>
      <value>0</value>
    </userParameterLong>
    <userParameterLong>
      <name>sWipMemBlock.alFree[32]</name>
      <value>0</value>
    </userParameterLong>
    <userParameterLong>
      <name>sWipMemBlock.alFree[33]</name>
      <value>0</value>
    </userParameterLong>
    <userParameterLong>
      <name>sWipMemBlock.alFree[34]</name>
      <value>0</value>
    </userParameterLong>
    <userParameterLong>
      <name>sWipMemBlock.alFree[35]</name>
      <value>0</value>
    </userParameterLong>
    <userParameterLong>
      <name>sWipMemBlock.alFree[36]</name>
      <value>0</value>
    </userParameterLong>
    <userParameterLong>
      <name>sWipMemBlock.alFree[37]</name>
      <value>0</value>
    </userParameterLong>
    <userParameterLong>
      <name>sWipMemBlock.alFree[38]</name>
      <value>0</value>
    </userParameterLong>
    <userParameterLong>
      <name>sWipMemBlock.alFree[39]</name>
      <value>0</value>
    </userParameterLong>
    <userParameterLong>
      <name>sWipMemBlock.alFree[40]</name>
      <value>0</value>
    </userParameterLong>
    <userParameterLong>
      <name>sWipMemBlock.alFree[41]</name>
      <value>0</value>
    </userParameterLong>
    <userParameterLong>
      <name>sWipMemBlock.alFree[42]</name>
      <value>0</value>
    </userParameterLong>
    <userParameterLong>
      <name>sWipMemBlock.alFree[43]</name>
      <value>0</value>
    </userParameterLong>
    <userParameterLong>
      <name>sWipMemBlock.alFree[44]</name>
      <value>0</value>
    </userParameterLong>
    <userParameterLong>
      <name>sWipMemBlock.alFree[45]</name>
      <value>0</value>
    </userParameterLong>
    <userParameterLong>
      <name>sWipMemBlock.alFree[46]</name>
      <value>0</value>
    </userParameterLong>
    <userParameterLong>
      <name>sWipMemBlock.alFree[47]</name>
      <value>0</value>
    </userParameterLong>
    <userParameterLong>
      <name>sWipMemBlock.alFree[48]</name>
      <value>0</value>
    </userParameterLong>
    <userParameterLong>
      <name>sWipMemBlock.alFree[49]</name>
      <value>0</value>
    </userParameterLong>
    <userParameterLong>
      <name>sWipMemBlock.alFree[50]</name>
      <value>0</value>
    </userParameterLong>
    <userParameterLong>
      <name>sWipMemBlock.alFree[51]</name>
      <value>0</value>
    </userParameterLong>
    <userParameterLong>
      <name>sWipMemBlock.alFree[52]</name>
      <value>0</value>
    </userParameterLong>
    <userParameterLong>
      <name>sWipMemBlock.alFree[53]</name>
      <value>0</value>
    </userParameterLong>
    <userParameterLong>
      <name>sWipMemBlock.alFree[54]</name>
      <value>0</value>
    </userParameterLong>
    <userParameterLong>
      <name>sWipMemBlock.alFree[55]</name>
      <value>0</value>
    </userParameterLong>
    <userParameterLong>
      <name>sWipMemBlock.alFree[56]</name>
      <value>0</value>
    </userParameterLong>
    <userParameterLong>
      <name>sWipMemBlock.alFree[57]</name>
      <value>0</value>
    </userParameterLong>
    <userParameterLong>
      <name>sWipMemBlock.alFree[58]</name>
      <value>0</value>
    </userParameterLong>
    <userParameterLong>
      <name>sWipMemBlock.alFree[59]</name>
      <value>0</value>
    </userParameterLong>
    <userParameterLong>
      <name>sWipMemBlock.alFree[60]</name>
      <value>0</value>
    </userParameterLong>
    <userParameterLong>
      <name>sWipMemBlock.alFree[61]</name>
      <value>0</value>
    </userParameterLong>
    <userParameterLong>
      <name>sWipMemBlock.alFree[62]</name>
      <value>0</value>
    </userParameterLong>
    <userParameterLong>
      <name>sWipMemBlock.alFree[63]</name>
      <value>0</value>
    </userParameterLong>
    <userParameterDouble>
      <name>dwellTime_us</name>
      <value>0.0</value>
    </userParameterDouble>
    <userParameterDouble>
      <name>traj_delay</name>
      <value>0.0</value>
    </userParameterDouble>
    <userParameterDouble>
      <name>nsegments</name>
      <value>1.0</value>
    </userParameterDouble>
    <userParameterDouble>
      <name>t_min</name>
      <value>0.0</value>
    </userParameterDouble>
    <userParameterDouble>
      <name>os_region</name>
      <value>0.0</value>
    </userParameterDouble>
    <userParameterDouble>
      <name>RefVoltage</name>
      <value>238.917</value>
    </userParameterDouble>
    <userParameterDouble>
      <name>ShimCurrent[0]</name>
      <value>497.0</value>
    </userParameterDouble>
    <userParameterDouble>
      <name>ShimCurrent[1]</name>
      <value>-196.0</value>
    </userParameterDouble>
    <userParameterDouble>
      <name>ShimCurrent[2]</name>
      <value>-77.0</value>
    </userParameterDouble>
    <userParameterDouble>
      <name>ShimCurrent[3]</name>
      <value>413.0</value>
    </userParameterDouble>
    <userParameterDouble>
      <name>ShimCurrent[4]</name>
      <value>-117.0</value>
    </userParameterDouble>
    <userParameterDouble>
      <name>ShimCurrent[5]</name>
      <value>896.0</value>
    </userParameterDouble>
    <userParameterDouble>
      <name>ShimCurrent[6]</name>
      <value>-547.0</value>
    </userParameterDouble>
    <userParameterDouble>
      <name>ShimCurrent[7]</name>
      <value>-849.0</value>
    </userParameterDouble>
    <userParameterDouble>
      <name>ShimCurrent[8]</name>
      <value>1132.0</value>
    </userParameterDouble>
    <userParameterDouble>
      <name>ShimCurrent[9]</name>
      <value>0.0</value>
    </userParameterDouble>
    <userParameterDouble>
      <name>ShimCurrent[10]</name>
      <value>0.0</value>
    </userParameterDouble>
    <userParameterDouble>
      <name>ShimCurrent[11]</name>
      <value>0.0</value>
    </userParameterDouble>
    <userParameterDouble>
      <name>ShimCurrent[12]</name>
      <value>0.0</value>
    </userParameterDouble>
    <userParameterDouble>
      <name>ShimCurrent[13]</name>
      <value>0.0</value>
    </userParameterDouble>
    <userParameterDouble>
      <name>ShimCurrent[14]</name>
      <value>0.0</value>
    </userParameterDouble>
    <userParameterDouble>
      <name>sB0CompensationX_Amp_0</name>
      <value>0.038619</value>
    </userParameterDouble>
    <userParameterDouble>
      <name>sB0CompensationX_Amp_1</name>
      <value>0.084644</value>
    </userParameterDouble>
    <userParameterDouble>
      <name>sB0CompensationX_Amp_2</name>
      <value>0.011392</value>
    </userParameterDouble>
    <userParameterDouble>
      <name>sB0CompensationY_Amp_0</name>
      <value>0.011207</value>
    </userParameterDouble>
    <userParameterDouble>
      <name>sB0CompensationY_Amp_1</name>
      <value>-0.079912</value>
    </userParameterDouble>
    <userParameterDouble>
      <name>sB0CompensationY_Amp_2</name>
      <value>-0.044527</value>
    </userParameterDouble>
    <userParameterDouble>
      <name>sB0CompensationZ_Amp_0</name>
      <value>0.082044</value>
    </userParameterDouble>
    <userParameterDouble>
      <name>sB0CompensationZ_Amp_1</name>
      <value>0.312251</value>
    </userParameterDouble>
    <userParameterDouble>
      <name>sB0CompensationZ_Amp_2</name>
      <value>0.052789</value>
    </userParameterDouble>
    <userParameterDouble>
      <name>sB0CompensationX_Tau_0</name>
      <value>1.46222</value>
    </userParameterDouble>
    <userParameterDouble>
      <name>sB0CompensationX_Tau_1</name>
      <value>0.221393</value>
    </userParameterDouble>
    <userParameterDouble>
      <name>sB0CompensationX_Tau_2</name>
      <value>0.002947</value>
    </userParameterDouble>
    <userParameterDouble>
      <name>sB0CompensationY_Tau_0</name>
      <value>1.99967</value>
    </userParameterDouble>
    <userParameterDouble>
      <name>sB0CompensationY_Tau_1</name>
      <value>0.202127</value>
    </userParameterDouble>
    <userParameterDouble>
      <name>sB0CompensationY_Tau_2</name>
      <value>0.00121</value>
    </userParameterDouble>
    <userParameterDouble>
      <name>sB0CompensationZ_Tau_0</name>
      <value>1.27957</value>
    </userParameterDouble>
    <userParameterDouble>
      <name>sB0CompensationZ_Tau_1</name>
      <value>0.230131</value>
    </userParameterDouble>
    <userParameterDouble>
      <name>sB0CompensationZ_Tau_2</name>
      <value>0.000757</value>
    </userParameterDouble>
    <userParameterDouble>
      <name>sWipMemBlock.adFree[0]</name>
      <value>0.0</value>
    </userParameterDouble>
    <userParameterDouble>
      <name>sWipMemBlock.adFree[1]</name>
      <value>0.0</value>
    </userParameterDouble>
    <userParameterDouble>
      <name>sWipMemBlock.adFree[2]</name>
      <value>0.0</value>
    </userParameterDouble>
    <userParameterDouble>
      <name>sWipMemBlock.adFree[3]</name>
      <value>0.0</value>
    </userParameterDouble>
    <userParameterDouble>
      <name>sWipMemBlock.adFree[4]</name>
      <value>0.0</value>
    </userParameterDouble>
    <userParameterDouble>
      <name>sWipMemBlock.adFree[5]</name>
      <value>0.0</value>
    </userParameterDouble>
    <userParameterDouble>
      <name>sWipMemBlock.adFree[6]</name>
      <value>0.0</value>
    </userParameterDouble>
    <userParameterDouble>
      <name>sWipMemBlock.adFree[7]</name>
      <value>0.0</value>
    </userParameterDouble>
    <userParameterDouble>
      <name>sWipMemBlock.adFree[8]</name>
      <value>0.0</value>
    </userParameterDouble>
    <userParameterDouble>
      <name>sWipMemBlock.adFree[9]</name>
      <value>0.0</value>
    </userParameterDouble>
    <userParameterDouble>
      <name>sWipMemBlock.adFree[10]</name>
      <value>0.0</value>
    </userParameterDouble>
    <userParameterDouble>
      <name>sWipMemBlock.adFree[11]</name>
      <value>0.0</value>
    </userParameterDouble>
    <userParameterDouble>
      <name>sWipMemBlock.adFree[12]</name>
      <value>0.0</value>
    </userParameterDouble>
    <userParameterDouble>
      <name>sWipMemBlock.adFree[13]</name>
      <value>0.0</value>
    </userParameterDouble>
    <userParameterDouble>
      <name>sWipMemBlock.adFree[14]</name>
      <value>0.0</value>
    </userParameterDouble>
    <userParameterDouble>
      <name>sWipMemBlock.adFree[15]</name>
      <value>0.0</value>
    </userParameterDouble>
    <userParameterDouble>
      <name>MaxwellCoefficient_0</name>
      <value>0.0</value>
    </userParameterDouble>
    <userParameterDouble>
      <name>MaxwellCoefficient_1</name>
      <value>0.0</value>
    </userParameterDouble>
    <userParameterDouble>
      <name>MaxwellCoefficient_2</name>
      <value>0.0</value>
    </userParameterDouble>
    <userParameterDouble>
      <name>MaxwellCoefficient_3</name>
      <value>0.0</value>
    </userParameterDouble>
    <userParameterDouble>
      <name>MaxwellCoefficient_4</name>
      <value>0.0</value>
    </userParameterDouble>
    <userParameterDouble>
      <name>MaxwellCoefficient_5</name>
      <value>0.0</value>
    </userParameterDouble>
    <userParameterDouble>
      <name>MaxwellCoefficient_6</name>
      <value>0.0</value>
    </userParameterDouble>
    <userParameterDouble>
      <name>MaxwellCoefficient_7</name>
      <value>0.0</value>
    </userParameterDouble>
    <userParameterDouble>
      <name>MaxwellCoefficient_8</name>
      <value>0.0</value>
    </userParameterDouble>
    <userParameterDouble>
      <name>MaxwellCoefficient_9</name>
      <value>0.0</value>
    </userParameterDouble>
    <userParameterDouble>
      <name>MaxwellCoefficient_10</name>
      <value>0.0</value>
    </userParameterDouble>
    <userParameterDouble>
      <name>MaxwellCoefficient_11</name>
      <value>0.0</value>
    </userParameterDouble>
    <userParameterDouble>
      <name>MaxwellCoefficient_12</name>
      <value>0.0</value>
    </userParameterDouble>
    <userParameterDouble>
      <name>MaxwellCoefficient_13</name>
      <value>0.0</value>
    </userParameterDouble>
    <userParameterDouble>
      <name>MaxwellCoefficient_14</name>
      <value>0.0</value>
    </userParameterDouble>
    <userParameterDouble>
      <name>MaxwellCoefficient_15</name>
      <value>0.0</value>
    </userParameterDouble>
    <userParameterString>
      <name>protfile</name>
      <value>spiralout_gre_fatsat_7T_15f2a.seq</value>
    </userParameterString>
    <userParameterString>
      <name>seq_signature</name>
      <value>15f2a44fbb9e9df61ce17e0746288b22</value>
    </userParameterString>
  </userParameters>
</ismrmrdHeader>

2026-09-22 14:31:43,863 - Data is from a SIEMENS Investigational_Device_7T_Plus at 7.0T
2026-09-22 14:31:43,864 - Starting bart_pulseq processing based on config
2026-09-22 14:31:43,870 - Signature check passed with signature 15f2a44fbb9e9df61ce17e0746288b22.
2026-09-22 14:31:43,883 - Starting spiral reconstruction.
2026-09-22 14:31:43,889 - Config: 
bart_pulseq
2026-09-22 14:31:43,890 - Incoming dataset contains 1 encodings
2026-09-22 14:31:43,890 - Trajectory type 'spiral', matrix size (220 x 220 x 1), field of view (220.0 x 220.0 x 1.0)mm^3
2026-09-22 14:31:43,890 - Reading in protocol acquisitions.
2026-09-22 14:31:44,055 - <-- Received MRD_MESSAGE_ISMRMRD_ACQUISITION (1008) (total: 1)
2026-09-22 14:31:44,362 - <-- Received MRD_MESSAGE_ISMRMRD_ACQUISITION (1008) (total: 100)
2026-09-22 14:31:44,504 - nx/ny/nz: 110/110/1; enc1 min/max: 0/109; enc2 min/max:0/0, ncol: 110
2026-09-22 14:31:44,733 - Start sensitivity map calculation.
2026-09-22 14:31:48,355 - BART stdout: 

2026-09-22 14:31:48,355 - BART stderr: 

2026-09-22 14:31:48,355 - Finished sensitivity map calculation after 3.62 s.
2026-09-22 14:31:48,694 - Process slices/constrasts in parallel.
2026-09-22 14:31:48,694 - PICS config: pics -S -e  -l1 -r 0.0005 -i 100 --wavelet cdf44
2026-09-22 14:31:48,779 - Trajectory shape = (3, 6496, 15) , Signal Shape = (1, 6496, 15, 32) 
2026-09-22 14:32:12,575 - BART stdout: 

2026-09-22 14:32:12,576 - BART stderr: 
2 maps.
ESPIRiT reconstruction.
[  1 6496  15  32   1   1   1   1   1   1   1   1   1   1   1   1 ]
[220 220   1  32   1   1   1   1   1   1   1   1   1   1   1   1 ]
l1-wavelet regularization: 0.000500
Regularization terms: 1, Supporting variables: 0
FISTA
Total Time: 23.664213

2026-09-22 14:32:12,576 - Image data is size (220, 220, 1, 2)
2026-09-22 14:32:12,577 - (2, 220, 220)
2026-09-22 14:32:12,577 - --> Sending MRD_MESSAGE_CLOSE (4)
2026-09-22 14:32:12,577 - cannot reshape array of size 96800 into shape (1,1,220,220)
Traceback (most recent call last):
  File "/opt/code/python-ismrmrd-server/server.py", line 152, in handle
    bart_pulseq.process(connection, config, metadata)
  File "/opt/code/python-ismrmrd-server/bart_pulseq.py", line 54, in process
    bart_pulseq_noncart.process_noncart(connection, config, metadata, prot_file)
  File "/opt/code/python-ismrmrd-server/bart_pulseq_noncart.py", line 275, in process_noncart
    images = process_raw(acqGroup, metadata, cc_cha, dmtx, sensmaps, gpu, parallel=True)
             ^^^^^^^^^^^^^^^^^^^^^^^^^^^^^^^^^^^^^^^^^^^^^^^^^^^^^^^^^^^^^^^^^^^^^^^^^^^
  File "/opt/code/python-ismrmrd-server/bart_pulseq_noncart.py", line 514, in process_raw
    data = data.reshape(newshape)
           ^^^^^^^^^^^^^^^^^^^^^^
ValueError: cannot reshape array of size 96800 into shape (1,1,220,220)
2026-09-22 14:32:12,595 - Socket closed
2026-09-22 14:33:30,976 - Accepting connection from: 172.17.0.1:36646
2026-09-22 14:33:30,984 -     bart_pulseq
2026-09-22 14:33:30,987 - XML Metadata: <?xml version="1.0" encoding="ascii"?>
<ismrmrdHeader xmlns="http://www.ismrm.org/ISMRMRD">
  <studyInformation>
    <studyTime>13:08:49</studyTime>
  </studyInformation>
  <measurementInformation>
    <measurementID>18976_72062168_72062173_424</measurementID>
    <patientPosition>HFS</patientPosition>
    <protocolName>pulseq_spiralout_fatsat_pypulseq</protocolName>
    <frameOfReferenceUID>1.3.12.2.1107.5.2.0.18976.1.20211008123859439.0.0.0</frameOfReferenceUID>
  </measurementInformation>
  <acquisitionSystemInformation>
    <systemVendor>SIEMENS</systemVendor>
    <systemModel>Investigational_Device_7T_Plus</systemModel>
    <systemFieldStrength_T>6.98094</systemFieldStrength_T>
    <relativeReceiverNoiseBandwidth>0.793</relativeReceiverNoiseBandwidth>
    <receiverChannels>32</receiverChannels>
    <institutionName>DZNE</institutionName>
  </acquisitionSystemInformation>
  <experimentalConditions>
    <H1resonanceFrequency_Hz>297216994</H1resonanceFrequency_Hz>
  </experimentalConditions>
  <encoding>
    <encodedSpace>
      <matrixSize>
        <x>64</x>
        <y>64</y>
        <z>2</z>
      </matrixSize>
      <fieldOfView_mm>
        <x>220.0</x>
        <y>220.0</y>
        <z>1.0</z>
      </fieldOfView_mm>
    </encodedSpace>
    <reconSpace>
      <matrixSize>
        <x>64</x>
        <y>64</y>
        <z>1</z>
      </matrixSize>
      <fieldOfView_mm>
        <x>220.0</x>
        <y>220.0</y>
        <z>1.0</z>
      </fieldOfView_mm>
    </reconSpace>
    <encodingLimits>
      <kspace_encoding_step_1>
        <minimum>0</minimum>
        <maximum>0</maximum>
        <center>32</center>
      </kspace_encoding_step_1>
      <kspace_encoding_step_2>
        <minimum>0</minimum>
        <maximum>0</maximum>
        <center>0</center>
      </kspace_encoding_step_2>
      <average>
        <minimum>0</minimum>
        <maximum>0</maximum>
        <center>0</center>
      </average>
      <slice>
        <minimum>0</minimum>
        <maximum>0</maximum>
        <center>0</center>
      </slice>
      <contrast>
        <minimum>0</minimum>
        <maximum>0</maximum>
        <center>0</center>
      </contrast>
      <phase>
        <minimum>0</minimum>
        <maximum>0</maximum>
        <center>0</center>
      </phase>
      <repetition>
        <minimum>0</minimum>
        <maximum>0</maximum>
        <center>0</center>
      </repetition>
      <set>
        <minimum>0</minimum>
        <maximum>0</maximum>
        <center>0</center>
      </set>
      <segment>
        <minimum>0</minimum>
        <maximum>0</maximum>
        <center>0</center>
      </segment>
    </encodingLimits>
    <trajectory>cartesian</trajectory>
    <parallelImaging>
      <accelerationFactor>
        <kspace_encoding_step_1>1</kspace_encoding_step_1>
        <kspace_encoding_step_2>1</kspace_encoding_step_2>
      </accelerationFactor>
      <calibrationMode>other</calibrationMode>
    </parallelImaging>
  </encoding>
  <sequenceParameters>
    <TR>50.0</TR>
    <TE>20.0</TE>
    <flipAngle_deg>15.0</flipAngle_deg>
  </sequenceParameters>
  <userParameters>
    <userParameterLong>
      <name>sWipMemBlock.alFree[0]</name>
      <value>2</value>
    </userParameterLong>
    <userParameterLong>
      <name>sWipMemBlock.alFree[1]</name>
      <value>2</value>
    </userParameterLong>
    <userParameterLong>
      <name>sWipMemBlock.alFree[2]</name>
      <value>0</value>
    </userParameterLong>
    <userParameterLong>
      <name>sWipMemBlock.alFree[3]</name>
      <value>2</value>
    </userParameterLong>
    <userParameterLong>
      <name>sWipMemBlock.alFree[4]</name>
      <value>0</value>
    </userParameterLong>
    <userParameterLong>
      <name>sWipMemBlock.alFree[5]</name>
      <value>0</value>
    </userParameterLong>
    <userParameterLong>
      <name>sWipMemBlock.alFree[6]</name>
      <value>0</value>
    </userParameterLong>
    <userParameterLong>
      <name>sWipMemBlock.alFree[7]</name>
      <value>1</value>
    </userParameterLong>
    <userParameterLong>
      <name>sWipMemBlock.alFree[8]</name>
      <value>1</value>
    </userParameterLong>
    <userParameterLong>
      <name>sWipMemBlock.alFree[9]</name>
      <value>0</value>
    </userParameterLong>
    <userParameterLong>
      <name>sWipMemBlock.alFree[10]</name>
      <value>0</value>
    </userParameterLong>
    <userParameterLong>
      <name>sWipMemBlock.alFree[11]</name>
      <value>0</value>
    </userParameterLong>
    <userParameterLong>
      <name>sWipMemBlock.alFree[12]</name>
      <value>0</value>
    </userParameterLong>
    <userParameterLong>
      <name>sWipMemBlock.alFree[13]</name>
      <value>0</value>
    </userParameterLong>
    <userParameterLong>
      <name>sWipMemBlock.alFree[14]</name>
      <value>0</value>
    </userParameterLong>
    <userParameterLong>
      <name>sWipMemBlock.alFree[15]</name>
      <value>0</value>
    </userParameterLong>
    <userParameterLong>
      <name>sWipMemBlock.alFree[16]</name>
      <value>0</value>
    </userParameterLong>
    <userParameterLong>
      <name>sWipMemBlock.alFree[17]</name>
      <value>0</value>
    </userParameterLong>
    <userParameterLong>
      <name>sWipMemBlock.alFree[18]</name>
      <value>0</value>
    </userParameterLong>
    <userParameterLong>
      <name>sWipMemBlock.alFree[19]</name>
      <value>0</value>
    </userParameterLong>
    <userParameterLong>
      <name>sWipMemBlock.alFree[20]</name>
      <value>0</value>
    </userParameterLong>
    <userParameterLong>
      <name>sWipMemBlock.alFree[21]</name>
      <value>0</value>
    </userParameterLong>
    <userParameterLong>
      <name>sWipMemBlock.alFree[22]</name>
      <value>0</value>
    </userParameterLong>
    <userParameterLong>
      <name>sWipMemBlock.alFree[23]</name>
      <value>0</value>
    </userParameterLong>
    <userParameterLong>
      <name>sWipMemBlock.alFree[24]</name>
      <value>0</value>
    </userParameterLong>
    <userParameterLong>
      <name>sWipMemBlock.alFree[25]</name>
      <value>0</value>
    </userParameterLong>
    <userParameterLong>
      <name>sWipMemBlock.alFree[26]</name>
      <value>0</value>
    </userParameterLong>
    <userParameterLong>
      <name>sWipMemBlock.alFree[27]</name>
      <value>0</value>
    </userParameterLong>
    <userParameterLong>
      <name>sWipMemBlock.alFree[28]</name>
      <value>0</value>
    </userParameterLong>
    <userParameterLong>
      <name>sWipMemBlock.alFree[29]</name>
      <value>0</value>
    </userParameterLong>
    <userParameterLong>
      <name>sWipMemBlock.alFree[30]</name>
      <value>0</value>
    </userParameterLong>
    <userParameterLong>
      <name>sWipMemBlock.alFree[31]</name>
      <value>0</value>
    </userParameterLong>
    <userParameterLong>
      <name>sWipMemBlock.alFree[32]</name>
      <value>0</value>
    </userParameterLong>
    <userParameterLong>
      <name>sWipMemBlock.alFree[33]</name>
      <value>0</value>
    </userParameterLong>
    <userParameterLong>
      <name>sWipMemBlock.alFree[34]</name>
      <value>0</value>
    </userParameterLong>
    <userParameterLong>
      <name>sWipMemBlock.alFree[35]</name>
      <value>0</value>
    </userParameterLong>
    <userParameterLong>
      <name>sWipMemBlock.alFree[36]</name>
      <value>0</value>
    </userParameterLong>
    <userParameterLong>
      <name>sWipMemBlock.alFree[37]</name>
      <value>0</value>
    </userParameterLong>
    <userParameterLong>
      <name>sWipMemBlock.alFree[38]</name>
      <value>0</value>
    </userParameterLong>
    <userParameterLong>
      <name>sWipMemBlock.alFree[39]</name>
      <value>0</value>
    </userParameterLong>
    <userParameterLong>
      <name>sWipMemBlock.alFree[40]</name>
      <value>0</value>
    </userParameterLong>
    <userParameterLong>
      <name>sWipMemBlock.alFree[41]</name>
      <value>0</value>
    </userParameterLong>
    <userParameterLong>
      <name>sWipMemBlock.alFree[42]</name>
      <value>0</value>
    </userParameterLong>
    <userParameterLong>
      <name>sWipMemBlock.alFree[43]</name>
      <value>0</value>
    </userParameterLong>
    <userParameterLong>
      <name>sWipMemBlock.alFree[44]</name>
      <value>0</value>
    </userParameterLong>
    <userParameterLong>
      <name>sWipMemBlock.alFree[45]</name>
      <value>0</value>
    </userParameterLong>
    <userParameterLong>
      <name>sWipMemBlock.alFree[46]</name>
      <value>0</value>
    </userParameterLong>
    <userParameterLong>
      <name>sWipMemBlock.alFree[47]</name>
      <value>0</value>
    </userParameterLong>
    <userParameterLong>
      <name>sWipMemBlock.alFree[48]</name>
      <value>0</value>
    </userParameterLong>
    <userParameterLong>
      <name>sWipMemBlock.alFree[49]</name>
      <value>0</value>
    </userParameterLong>
    <userParameterLong>
      <name>sWipMemBlock.alFree[50]</name>
      <value>0</value>
    </userParameterLong>
    <userParameterLong>
      <name>sWipMemBlock.alFree[51]</name>
      <value>0</value>
    </userParameterLong>
    <userParameterLong>
      <name>sWipMemBlock.alFree[52]</name>
      <value>0</value>
    </userParameterLong>
    <userParameterLong>
      <name>sWipMemBlock.alFree[53]</name>
      <value>0</value>
    </userParameterLong>
    <userParameterLong>
      <name>sWipMemBlock.alFree[54]</name>
      <value>0</value>
    </userParameterLong>
    <userParameterLong>
      <name>sWipMemBlock.alFree[55]</name>
      <value>0</value>
    </userParameterLong>
    <userParameterLong>
      <name>sWipMemBlock.alFree[56]</name>
      <value>0</value>
    </userParameterLong>
    <userParameterLong>
      <name>sWipMemBlock.alFree[57]</name>
      <value>0</value>
    </userParameterLong>
    <userParameterLong>
      <name>sWipMemBlock.alFree[58]</name>
      <value>0</value>
    </userParameterLong>
    <userParameterLong>
      <name>sWipMemBlock.alFree[59]</name>
      <value>0</value>
    </userParameterLong>
    <userParameterLong>
      <name>sWipMemBlock.alFree[60]</name>
      <value>0</value>
    </userParameterLong>
    <userParameterLong>
      <name>sWipMemBlock.alFree[61]</name>
      <value>0</value>
    </userParameterLong>
    <userParameterLong>
      <name>sWipMemBlock.alFree[62]</name>
      <value>0</value>
    </userParameterLong>
    <userParameterLong>
      <name>sWipMemBlock.alFree[63]</name>
      <value>0</value>
    </userParameterLong>
    <userParameterDouble>
      <name>dwellTime_us</name>
      <value>0.0</value>
    </userParameterDouble>
    <userParameterDouble>
      <name>traj_delay</name>
      <value>0.0</value>
    </userParameterDouble>
    <userParameterDouble>
      <name>nsegments</name>
      <value>1.0</value>
    </userParameterDouble>
    <userParameterDouble>
      <name>t_min</name>
      <value>0.0</value>
    </userParameterDouble>
    <userParameterDouble>
      <name>os_region</name>
      <value>0.0</value>
    </userParameterDouble>
    <userParameterDouble>
      <name>RefVoltage</name>
      <value>238.917</value>
    </userParameterDouble>
    <userParameterDouble>
      <name>ShimCurrent[0]</name>
      <value>497.0</value>
    </userParameterDouble>
    <userParameterDouble>
      <name>ShimCurrent[1]</name>
      <value>-196.0</value>
    </userParameterDouble>
    <userParameterDouble>
      <name>ShimCurrent[2]</name>
      <value>-77.0</value>
    </userParameterDouble>
    <userParameterDouble>
      <name>ShimCurrent[3]</name>
      <value>413.0</value>
    </userParameterDouble>
    <userParameterDouble>
      <name>ShimCurrent[4]</name>
      <value>-117.0</value>
    </userParameterDouble>
    <userParameterDouble>
      <name>ShimCurrent[5]</name>
      <value>896.0</value>
    </userParameterDouble>
    <userParameterDouble>
      <name>ShimCurrent[6]</name>
      <value>-547.0</value>
    </userParameterDouble>
    <userParameterDouble>
      <name>ShimCurrent[7]</name>
      <value>-849.0</value>
    </userParameterDouble>
    <userParameterDouble>
      <name>ShimCurrent[8]</name>
      <value>1132.0</value>
    </userParameterDouble>
    <userParameterDouble>
      <name>ShimCurrent[9]</name>
      <value>0.0</value>
    </userParameterDouble>
    <userParameterDouble>
      <name>ShimCurrent[10]</name>
      <value>0.0</value>
    </userParameterDouble>
    <userParameterDouble>
      <name>ShimCurrent[11]</name>
      <value>0.0</value>
    </userParameterDouble>
    <userParameterDouble>
      <name>ShimCurrent[12]</name>
      <value>0.0</value>
    </userParameterDouble>
    <userParameterDouble>
      <name>ShimCurrent[13]</name>
      <value>0.0</value>
    </userParameterDouble>
    <userParameterDouble>
      <name>ShimCurrent[14]</name>
      <value>0.0</value>
    </userParameterDouble>
    <userParameterDouble>
      <name>sB0CompensationX_Amp_0</name>
      <value>0.038619</value>
    </userParameterDouble>
    <userParameterDouble>
      <name>sB0CompensationX_Amp_1</name>
      <value>0.084644</value>
    </userParameterDouble>
    <userParameterDouble>
      <name>sB0CompensationX_Amp_2</name>
      <value>0.011392</value>
    </userParameterDouble>
    <userParameterDouble>
      <name>sB0CompensationY_Amp_0</name>
      <value>0.011207</value>
    </userParameterDouble>
    <userParameterDouble>
      <name>sB0CompensationY_Amp_1</name>
      <value>-0.079912</value>
    </userParameterDouble>
    <userParameterDouble>
      <name>sB0CompensationY_Amp_2</name>
      <value>-0.044527</value>
    </userParameterDouble>
    <userParameterDouble>
      <name>sB0CompensationZ_Amp_0</name>
      <value>0.082044</value>
    </userParameterDouble>
    <userParameterDouble>
      <name>sB0CompensationZ_Amp_1</name>
      <value>0.312251</value>
    </userParameterDouble>
    <userParameterDouble>
      <name>sB0CompensationZ_Amp_2</name>
      <value>0.052789</value>
    </userParameterDouble>
    <userParameterDouble>
      <name>sB0CompensationX_Tau_0</name>
      <value>1.46222</value>
    </userParameterDouble>
    <userParameterDouble>
      <name>sB0CompensationX_Tau_1</name>
      <value>0.221393</value>
    </userParameterDouble>
    <userParameterDouble>
      <name>sB0CompensationX_Tau_2</name>
      <value>0.002947</value>
    </userParameterDouble>
    <userParameterDouble>
      <name>sB0CompensationY_Tau_0</name>
      <value>1.99967</value>
    </userParameterDouble>
    <userParameterDouble>
      <name>sB0CompensationY_Tau_1</name>
      <value>0.202127</value>
    </userParameterDouble>
    <userParameterDouble>
      <name>sB0CompensationY_Tau_2</name>
      <value>0.00121</value>
    </userParameterDouble>
    <userParameterDouble>
      <name>sB0CompensationZ_Tau_0</name>
      <value>1.27957</value>
    </userParameterDouble>
    <userParameterDouble>
      <name>sB0CompensationZ_Tau_1</name>
      <value>0.230131</value>
    </userParameterDouble>
    <userParameterDouble>
      <name>sB0CompensationZ_Tau_2</name>
      <value>0.000757</value>
    </userParameterDouble>
    <userParameterDouble>
      <name>sWipMemBlock.adFree[0]</name>
      <value>0.0</value>
    </userParameterDouble>
    <userParameterDouble>
      <name>sWipMemBlock.adFree[1]</name>
      <value>0.0</value>
    </userParameterDouble>
    <userParameterDouble>
      <name>sWipMemBlock.adFree[2]</name>
      <value>0.0</value>
    </userParameterDouble>
    <userParameterDouble>
      <name>sWipMemBlock.adFree[3]</name>
      <value>0.0</value>
    </userParameterDouble>
    <userParameterDouble>
      <name>sWipMemBlock.adFree[4]</name>
      <value>0.0</value>
    </userParameterDouble>
    <userParameterDouble>
      <name>sWipMemBlock.adFree[5]</name>
      <value>0.0</value>
    </userParameterDouble>
    <userParameterDouble>
      <name>sWipMemBlock.adFree[6]</name>
      <value>0.0</value>
    </userParameterDouble>
    <userParameterDouble>
      <name>sWipMemBlock.adFree[7]</name>
      <value>0.0</value>
    </userParameterDouble>
    <userParameterDouble>
      <name>sWipMemBlock.adFree[8]</name>
      <value>0.0</value>
    </userParameterDouble>
    <userParameterDouble>
      <name>sWipMemBlock.adFree[9]</name>
      <value>0.0</value>
    </userParameterDouble>
    <userParameterDouble>
      <name>sWipMemBlock.adFree[10]</name>
      <value>0.0</value>
    </userParameterDouble>
    <userParameterDouble>
      <name>sWipMemBlock.adFree[11]</name>
      <value>0.0</value>
    </userParameterDouble>
    <userParameterDouble>
      <name>sWipMemBlock.adFree[12]</name>
      <value>0.0</value>
    </userParameterDouble>
    <userParameterDouble>
      <name>sWipMemBlock.adFree[13]</name>
      <value>0.0</value>
    </userParameterDouble>
    <userParameterDouble>
      <name>sWipMemBlock.adFree[14]</name>
      <value>0.0</value>
    </userParameterDouble>
    <userParameterDouble>
      <name>sWipMemBlock.adFree[15]</name>
      <value>0.0</value>
    </userParameterDouble>
    <userParameterDouble>
      <name>MaxwellCoefficient_0</name>
      <value>0.0</value>
    </userParameterDouble>
    <userParameterDouble>
      <name>MaxwellCoefficient_1</name>
      <value>0.0</value>
    </userParameterDouble>
    <userParameterDouble>
      <name>MaxwellCoefficient_2</name>
      <value>0.0</value>
    </userParameterDouble>
    <userParameterDouble>
      <name>MaxwellCoefficient_3</name>
      <value>0.0</value>
    </userParameterDouble>
    <userParameterDouble>
      <name>MaxwellCoefficient_4</name>
      <value>0.0</value>
    </userParameterDouble>
    <userParameterDouble>
      <name>MaxwellCoefficient_5</name>
      <value>0.0</value>
    </userParameterDouble>
    <userParameterDouble>
      <name>MaxwellCoefficient_6</name>
      <value>0.0</value>
    </userParameterDouble>
    <userParameterDouble>
      <name>MaxwellCoefficient_7</name>
      <value>0.0</value>
    </userParameterDouble>
    <userParameterDouble>
      <name>MaxwellCoefficient_8</name>
      <value>0.0</value>
    </userParameterDouble>
    <userParameterDouble>
      <name>MaxwellCoefficient_9</name>
      <value>0.0</value>
    </userParameterDouble>
    <userParameterDouble>
      <name>MaxwellCoefficient_10</name>
      <value>0.0</value>
    </userParameterDouble>
    <userParameterDouble>
      <name>MaxwellCoefficient_11</name>
      <value>0.0</value>
    </userParameterDouble>
    <userParameterDouble>
      <name>MaxwellCoefficient_12</name>
      <value>0.0</value>
    </userParameterDouble>
    <userParameterDouble>
      <name>MaxwellCoefficient_13</name>
      <value>0.0</value>
    </userParameterDouble>
    <userParameterDouble>
      <name>MaxwellCoefficient_14</name>
      <value>0.0</value>
    </userParameterDouble>
    <userParameterDouble>
      <name>MaxwellCoefficient_15</name>
      <value>0.0</value>
    </userParameterDouble>
    <userParameterString>
      <name>protfile</name>
      <value>spiralout_gre_fatsat_7T_15f2a.seq</value>
    </userParameterString>
    <userParameterString>
      <name>seq_signature</name>
      <value>15f2a44fbb9e9df61ce17e0746288b22</value>
    </userParameterString>
  </userParameters>
</ismrmrdHeader>

2026-09-22 14:33:31,004 - Data is from a SIEMENS Investigational_Device_7T_Plus at 7.0T
2026-09-22 14:33:31,009 - Starting bart_pulseq processing based on config
2026-09-22 14:33:31,018 - Signature check passed with signature 15f2a44fbb9e9df61ce17e0746288b22.
2026-09-22 14:33:31,029 - Starting spiral reconstruction.
2026-09-22 14:33:31,040 - Config: 
bart_pulseq
2026-09-22 14:33:31,041 - Incoming dataset contains 1 encodings
2026-09-22 14:33:31,041 - Trajectory type 'spiral', matrix size (220 x 220 x 1), field of view (220.0 x 220.0 x 1.0)mm^3
2026-09-22 14:33:31,041 - Reading in protocol acquisitions.
2026-09-22 14:33:31,171 - <-- Received MRD_MESSAGE_ISMRMRD_ACQUISITION (1008) (total: 1)
2026-09-22 14:33:31,444 - <-- Received MRD_MESSAGE_ISMRMRD_ACQUISITION (1008) (total: 100)
2026-09-22 14:33:31,588 - nx/ny/nz: 110/110/1; enc1 min/max: 0/109; enc2 min/max:0/0, ncol: 110
2026-09-22 14:33:31,792 - Start sensitivity map calculation.
2026-09-22 14:33:35,225 - BART stdout: 

2026-09-22 14:33:35,225 - BART stderr: 

2026-09-22 14:33:35,225 - Finished sensitivity map calculation after 3.43 s.
2026-09-22 14:33:35,403 - Process slices/constrasts in parallel.
2026-09-22 14:33:35,403 - PICS config: pics -S -e  -l1 -r 0.0005 -i 100 --wavelet cdf44
2026-09-22 14:33:35,442 - Trajectory shape = (3, 6496, 15) , Signal Shape = (1, 6496, 15, 32) 
2026-09-22 14:33:57,758 - BART stdout: 

2026-09-22 14:33:57,758 - BART stderr: 
2 maps.
ESPIRiT reconstruction.
[  1 6496  15  32   1   1   1   1   1   1   1   1   1   1   1   1 ]
[220 220   1  32   1   1   1   1   1   1   1   1   1   1   1   1 ]
l1-wavelet regularization: 0.000500
Regularization terms: 1, Supporting variables: 0
FISTA
Total Time: 22.114350

2026-09-22 14:33:57,758 - (220, 220, 1, 1, 2)
2026-09-22 14:33:57,759 - Image data is size (220, 220, 1, 2)
2026-09-22 14:33:57,760 - --> Sending MRD_MESSAGE_CLOSE (4)
2026-09-22 14:33:57,760 - cannot reshape array of size 96800 into shape (1,1,220,220)
Traceback (most recent call last):
  File "/opt/code/python-ismrmrd-server/server.py", line 152, in handle
    bart_pulseq.process(connection, config, metadata)
  File "/opt/code/python-ismrmrd-server/bart_pulseq.py", line 54, in process
    bart_pulseq_noncart.process_noncart(connection, config, metadata, prot_file)
  File "/opt/code/python-ismrmrd-server/bart_pulseq_noncart.py", line 275, in process_noncart
    images = process_raw(acqGroup, metadata, cc_cha, dmtx, sensmaps, gpu, parallel=True)
             ^^^^^^^^^^^^^^^^^^^^^^^^^^^^^^^^^^^^^^^^^^^^^^^^^^^^^^^^^^^^^^^^^^^^^^^^^^^
  File "/opt/code/python-ismrmrd-server/bart_pulseq_noncart.py", line 514, in process_raw
    data = data.reshape(newshape)
           ^^^^^^^^^^^^^^^^^^^^^^
ValueError: cannot reshape array of size 96800 into shape (1,1,220,220)
2026-09-22 14:33:57,768 - Socket closed
2026-09-22 14:40:58,472 - Accepting connection from: 172.17.0.1:52868
2026-09-22 14:40:58,478 -     bart_pulseq
2026-09-22 14:40:58,482 - XML Metadata: <?xml version="1.0" encoding="ascii"?>
<ismrmrdHeader xmlns="http://www.ismrm.org/ISMRMRD">
  <studyInformation>
    <studyTime>13:08:49</studyTime>
  </studyInformation>
  <measurementInformation>
    <measurementID>18976_72062168_72062173_424</measurementID>
    <patientPosition>HFS</patientPosition>
    <protocolName>pulseq_spiralout_fatsat_pypulseq</protocolName>
    <frameOfReferenceUID>1.3.12.2.1107.5.2.0.18976.1.20211008123859439.0.0.0</frameOfReferenceUID>
  </measurementInformation>
  <acquisitionSystemInformation>
    <systemVendor>SIEMENS</systemVendor>
    <systemModel>Investigational_Device_7T_Plus</systemModel>
    <systemFieldStrength_T>6.98094</systemFieldStrength_T>
    <relativeReceiverNoiseBandwidth>0.793</relativeReceiverNoiseBandwidth>
    <receiverChannels>32</receiverChannels>
    <institutionName>DZNE</institutionName>
  </acquisitionSystemInformation>
  <experimentalConditions>
    <H1resonanceFrequency_Hz>297216994</H1resonanceFrequency_Hz>
  </experimentalConditions>
  <encoding>
    <encodedSpace>
      <matrixSize>
        <x>64</x>
        <y>64</y>
        <z>2</z>
      </matrixSize>
      <fieldOfView_mm>
        <x>220.0</x>
        <y>220.0</y>
        <z>1.0</z>
      </fieldOfView_mm>
    </encodedSpace>
    <reconSpace>
      <matrixSize>
        <x>64</x>
        <y>64</y>
        <z>1</z>
      </matrixSize>
      <fieldOfView_mm>
        <x>220.0</x>
        <y>220.0</y>
        <z>1.0</z>
      </fieldOfView_mm>
    </reconSpace>
    <encodingLimits>
      <kspace_encoding_step_1>
        <minimum>0</minimum>
        <maximum>0</maximum>
        <center>32</center>
      </kspace_encoding_step_1>
      <kspace_encoding_step_2>
        <minimum>0</minimum>
        <maximum>0</maximum>
        <center>0</center>
      </kspace_encoding_step_2>
      <average>
        <minimum>0</minimum>
        <maximum>0</maximum>
        <center>0</center>
      </average>
      <slice>
        <minimum>0</minimum>
        <maximum>0</maximum>
        <center>0</center>
      </slice>
      <contrast>
        <minimum>0</minimum>
        <maximum>0</maximum>
        <center>0</center>
      </contrast>
      <phase>
        <minimum>0</minimum>
        <maximum>0</maximum>
        <center>0</center>
      </phase>
      <repetition>
        <minimum>0</minimum>
        <maximum>0</maximum>
        <center>0</center>
      </repetition>
      <set>
        <minimum>0</minimum>
        <maximum>0</maximum>
        <center>0</center>
      </set>
      <segment>
        <minimum>0</minimum>
        <maximum>0</maximum>
        <center>0</center>
      </segment>
    </encodingLimits>
    <trajectory>cartesian</trajectory>
    <parallelImaging>
      <accelerationFactor>
        <kspace_encoding_step_1>1</kspace_encoding_step_1>
        <kspace_encoding_step_2>1</kspace_encoding_step_2>
      </accelerationFactor>
      <calibrationMode>other</calibrationMode>
    </parallelImaging>
  </encoding>
  <sequenceParameters>
    <TR>50.0</TR>
    <TE>20.0</TE>
    <flipAngle_deg>15.0</flipAngle_deg>
  </sequenceParameters>
  <userParameters>
    <userParameterLong>
      <name>sWipMemBlock.alFree[0]</name>
      <value>2</value>
    </userParameterLong>
    <userParameterLong>
      <name>sWipMemBlock.alFree[1]</name>
      <value>2</value>
    </userParameterLong>
    <userParameterLong>
      <name>sWipMemBlock.alFree[2]</name>
      <value>0</value>
    </userParameterLong>
    <userParameterLong>
      <name>sWipMemBlock.alFree[3]</name>
      <value>2</value>
    </userParameterLong>
    <userParameterLong>
      <name>sWipMemBlock.alFree[4]</name>
      <value>0</value>
    </userParameterLong>
    <userParameterLong>
      <name>sWipMemBlock.alFree[5]</name>
      <value>0</value>
    </userParameterLong>
    <userParameterLong>
      <name>sWipMemBlock.alFree[6]</name>
      <value>0</value>
    </userParameterLong>
    <userParameterLong>
      <name>sWipMemBlock.alFree[7]</name>
      <value>1</value>
    </userParameterLong>
    <userParameterLong>
      <name>sWipMemBlock.alFree[8]</name>
      <value>1</value>
    </userParameterLong>
    <userParameterLong>
      <name>sWipMemBlock.alFree[9]</name>
      <value>0</value>
    </userParameterLong>
    <userParameterLong>
      <name>sWipMemBlock.alFree[10]</name>
      <value>0</value>
    </userParameterLong>
    <userParameterLong>
      <name>sWipMemBlock.alFree[11]</name>
      <value>0</value>
    </userParameterLong>
    <userParameterLong>
      <name>sWipMemBlock.alFree[12]</name>
      <value>0</value>
    </userParameterLong>
    <userParameterLong>
      <name>sWipMemBlock.alFree[13]</name>
      <value>0</value>
    </userParameterLong>
    <userParameterLong>
      <name>sWipMemBlock.alFree[14]</name>
      <value>0</value>
    </userParameterLong>
    <userParameterLong>
      <name>sWipMemBlock.alFree[15]</name>
      <value>0</value>
    </userParameterLong>
    <userParameterLong>
      <name>sWipMemBlock.alFree[16]</name>
      <value>0</value>
    </userParameterLong>
    <userParameterLong>
      <name>sWipMemBlock.alFree[17]</name>
      <value>0</value>
    </userParameterLong>
    <userParameterLong>
      <name>sWipMemBlock.alFree[18]</name>
      <value>0</value>
    </userParameterLong>
    <userParameterLong>
      <name>sWipMemBlock.alFree[19]</name>
      <value>0</value>
    </userParameterLong>
    <userParameterLong>
      <name>sWipMemBlock.alFree[20]</name>
      <value>0</value>
    </userParameterLong>
    <userParameterLong>
      <name>sWipMemBlock.alFree[21]</name>
      <value>0</value>
    </userParameterLong>
    <userParameterLong>
      <name>sWipMemBlock.alFree[22]</name>
      <value>0</value>
    </userParameterLong>
    <userParameterLong>
      <name>sWipMemBlock.alFree[23]</name>
      <value>0</value>
    </userParameterLong>
    <userParameterLong>
      <name>sWipMemBlock.alFree[24]</name>
      <value>0</value>
    </userParameterLong>
    <userParameterLong>
      <name>sWipMemBlock.alFree[25]</name>
      <value>0</value>
    </userParameterLong>
    <userParameterLong>
      <name>sWipMemBlock.alFree[26]</name>
      <value>0</value>
    </userParameterLong>
    <userParameterLong>
      <name>sWipMemBlock.alFree[27]</name>
      <value>0</value>
    </userParameterLong>
    <userParameterLong>
      <name>sWipMemBlock.alFree[28]</name>
      <value>0</value>
    </userParameterLong>
    <userParameterLong>
      <name>sWipMemBlock.alFree[29]</name>
      <value>0</value>
    </userParameterLong>
    <userParameterLong>
      <name>sWipMemBlock.alFree[30]</name>
      <value>0</value>
    </userParameterLong>
    <userParameterLong>
      <name>sWipMemBlock.alFree[31]</name>
      <value>0</value>
    </userParameterLong>
    <userParameterLong>
      <name>sWipMemBlock.alFree[32]</name>
      <value>0</value>
    </userParameterLong>
    <userParameterLong>
      <name>sWipMemBlock.alFree[33]</name>
      <value>0</value>
    </userParameterLong>
    <userParameterLong>
      <name>sWipMemBlock.alFree[34]</name>
      <value>0</value>
    </userParameterLong>
    <userParameterLong>
      <name>sWipMemBlock.alFree[35]</name>
      <value>0</value>
    </userParameterLong>
    <userParameterLong>
      <name>sWipMemBlock.alFree[36]</name>
      <value>0</value>
    </userParameterLong>
    <userParameterLong>
      <name>sWipMemBlock.alFree[37]</name>
      <value>0</value>
    </userParameterLong>
    <userParameterLong>
      <name>sWipMemBlock.alFree[38]</name>
      <value>0</value>
    </userParameterLong>
    <userParameterLong>
      <name>sWipMemBlock.alFree[39]</name>
      <value>0</value>
    </userParameterLong>
    <userParameterLong>
      <name>sWipMemBlock.alFree[40]</name>
      <value>0</value>
    </userParameterLong>
    <userParameterLong>
      <name>sWipMemBlock.alFree[41]</name>
      <value>0</value>
    </userParameterLong>
    <userParameterLong>
      <name>sWipMemBlock.alFree[42]</name>
      <value>0</value>
    </userParameterLong>
    <userParameterLong>
      <name>sWipMemBlock.alFree[43]</name>
      <value>0</value>
    </userParameterLong>
    <userParameterLong>
      <name>sWipMemBlock.alFree[44]</name>
      <value>0</value>
    </userParameterLong>
    <userParameterLong>
      <name>sWipMemBlock.alFree[45]</name>
      <value>0</value>
    </userParameterLong>
    <userParameterLong>
      <name>sWipMemBlock.alFree[46]</name>
      <value>0</value>
    </userParameterLong>
    <userParameterLong>
      <name>sWipMemBlock.alFree[47]</name>
      <value>0</value>
    </userParameterLong>
    <userParameterLong>
      <name>sWipMemBlock.alFree[48]</name>
      <value>0</value>
    </userParameterLong>
    <userParameterLong>
      <name>sWipMemBlock.alFree[49]</name>
      <value>0</value>
    </userParameterLong>
    <userParameterLong>
      <name>sWipMemBlock.alFree[50]</name>
      <value>0</value>
    </userParameterLong>
    <userParameterLong>
      <name>sWipMemBlock.alFree[51]</name>
      <value>0</value>
    </userParameterLong>
    <userParameterLong>
      <name>sWipMemBlock.alFree[52]</name>
      <value>0</value>
    </userParameterLong>
    <userParameterLong>
      <name>sWipMemBlock.alFree[53]</name>
      <value>0</value>
    </userParameterLong>
    <userParameterLong>
      <name>sWipMemBlock.alFree[54]</name>
      <value>0</value>
    </userParameterLong>
    <userParameterLong>
      <name>sWipMemBlock.alFree[55]</name>
      <value>0</value>
    </userParameterLong>
    <userParameterLong>
      <name>sWipMemBlock.alFree[56]</name>
      <value>0</value>
    </userParameterLong>
    <userParameterLong>
      <name>sWipMemBlock.alFree[57]</name>
      <value>0</value>
    </userParameterLong>
    <userParameterLong>
      <name>sWipMemBlock.alFree[58]</name>
      <value>0</value>
    </userParameterLong>
    <userParameterLong>
      <name>sWipMemBlock.alFree[59]</name>
      <value>0</value>
    </userParameterLong>
    <userParameterLong>
      <name>sWipMemBlock.alFree[60]</name>
      <value>0</value>
    </userParameterLong>
    <userParameterLong>
      <name>sWipMemBlock.alFree[61]</name>
      <value>0</value>
    </userParameterLong>
    <userParameterLong>
      <name>sWipMemBlock.alFree[62]</name>
      <value>0</value>
    </userParameterLong>
    <userParameterLong>
      <name>sWipMemBlock.alFree[63]</name>
      <value>0</value>
    </userParameterLong>
    <userParameterDouble>
      <name>dwellTime_us</name>
      <value>0.0</value>
    </userParameterDouble>
    <userParameterDouble>
      <name>traj_delay</name>
      <value>0.0</value>
    </userParameterDouble>
    <userParameterDouble>
      <name>nsegments</name>
      <value>1.0</value>
    </userParameterDouble>
    <userParameterDouble>
      <name>t_min</name>
      <value>0.0</value>
    </userParameterDouble>
    <userParameterDouble>
      <name>os_region</name>
      <value>0.0</value>
    </userParameterDouble>
    <userParameterDouble>
      <name>RefVoltage</name>
      <value>238.917</value>
    </userParameterDouble>
    <userParameterDouble>
      <name>ShimCurrent[0]</name>
      <value>497.0</value>
    </userParameterDouble>
    <userParameterDouble>
      <name>ShimCurrent[1]</name>
      <value>-196.0</value>
    </userParameterDouble>
    <userParameterDouble>
      <name>ShimCurrent[2]</name>
      <value>-77.0</value>
    </userParameterDouble>
    <userParameterDouble>
      <name>ShimCurrent[3]</name>
      <value>413.0</value>
    </userParameterDouble>
    <userParameterDouble>
      <name>ShimCurrent[4]</name>
      <value>-117.0</value>
    </userParameterDouble>
    <userParameterDouble>
      <name>ShimCurrent[5]</name>
      <value>896.0</value>
    </userParameterDouble>
    <userParameterDouble>
      <name>ShimCurrent[6]</name>
      <value>-547.0</value>
    </userParameterDouble>
    <userParameterDouble>
      <name>ShimCurrent[7]</name>
      <value>-849.0</value>
    </userParameterDouble>
    <userParameterDouble>
      <name>ShimCurrent[8]</name>
      <value>1132.0</value>
    </userParameterDouble>
    <userParameterDouble>
      <name>ShimCurrent[9]</name>
      <value>0.0</value>
    </userParameterDouble>
    <userParameterDouble>
      <name>ShimCurrent[10]</name>
      <value>0.0</value>
    </userParameterDouble>
    <userParameterDouble>
      <name>ShimCurrent[11]</name>
      <value>0.0</value>
    </userParameterDouble>
    <userParameterDouble>
      <name>ShimCurrent[12]</name>
      <value>0.0</value>
    </userParameterDouble>
    <userParameterDouble>
      <name>ShimCurrent[13]</name>
      <value>0.0</value>
    </userParameterDouble>
    <userParameterDouble>
      <name>ShimCurrent[14]</name>
      <value>0.0</value>
    </userParameterDouble>
    <userParameterDouble>
      <name>sB0CompensationX_Amp_0</name>
      <value>0.038619</value>
    </userParameterDouble>
    <userParameterDouble>
      <name>sB0CompensationX_Amp_1</name>
      <value>0.084644</value>
    </userParameterDouble>
    <userParameterDouble>
      <name>sB0CompensationX_Amp_2</name>
      <value>0.011392</value>
    </userParameterDouble>
    <userParameterDouble>
      <name>sB0CompensationY_Amp_0</name>
      <value>0.011207</value>
    </userParameterDouble>
    <userParameterDouble>
      <name>sB0CompensationY_Amp_1</name>
      <value>-0.079912</value>
    </userParameterDouble>
    <userParameterDouble>
      <name>sB0CompensationY_Amp_2</name>
      <value>-0.044527</value>
    </userParameterDouble>
    <userParameterDouble>
      <name>sB0CompensationZ_Amp_0</name>
      <value>0.082044</value>
    </userParameterDouble>
    <userParameterDouble>
      <name>sB0CompensationZ_Amp_1</name>
      <value>0.312251</value>
    </userParameterDouble>
    <userParameterDouble>
      <name>sB0CompensationZ_Amp_2</name>
      <value>0.052789</value>
    </userParameterDouble>
    <userParameterDouble>
      <name>sB0CompensationX_Tau_0</name>
      <value>1.46222</value>
    </userParameterDouble>
    <userParameterDouble>
      <name>sB0CompensationX_Tau_1</name>
      <value>0.221393</value>
    </userParameterDouble>
    <userParameterDouble>
      <name>sB0CompensationX_Tau_2</name>
      <value>0.002947</value>
    </userParameterDouble>
    <userParameterDouble>
      <name>sB0CompensationY_Tau_0</name>
      <value>1.99967</value>
    </userParameterDouble>
    <userParameterDouble>
      <name>sB0CompensationY_Tau_1</name>
      <value>0.202127</value>
    </userParameterDouble>
    <userParameterDouble>
      <name>sB0CompensationY_Tau_2</name>
      <value>0.00121</value>
    </userParameterDouble>
    <userParameterDouble>
      <name>sB0CompensationZ_Tau_0</name>
      <value>1.27957</value>
    </userParameterDouble>
    <userParameterDouble>
      <name>sB0CompensationZ_Tau_1</name>
      <value>0.230131</value>
    </userParameterDouble>
    <userParameterDouble>
      <name>sB0CompensationZ_Tau_2</name>
      <value>0.000757</value>
    </userParameterDouble>
    <userParameterDouble>
      <name>sWipMemBlock.adFree[0]</name>
      <value>0.0</value>
    </userParameterDouble>
    <userParameterDouble>
      <name>sWipMemBlock.adFree[1]</name>
      <value>0.0</value>
    </userParameterDouble>
    <userParameterDouble>
      <name>sWipMemBlock.adFree[2]</name>
      <value>0.0</value>
    </userParameterDouble>
    <userParameterDouble>
      <name>sWipMemBlock.adFree[3]</name>
      <value>0.0</value>
    </userParameterDouble>
    <userParameterDouble>
      <name>sWipMemBlock.adFree[4]</name>
      <value>0.0</value>
    </userParameterDouble>
    <userParameterDouble>
      <name>sWipMemBlock.adFree[5]</name>
      <value>0.0</value>
    </userParameterDouble>
    <userParameterDouble>
      <name>sWipMemBlock.adFree[6]</name>
      <value>0.0</value>
    </userParameterDouble>
    <userParameterDouble>
      <name>sWipMemBlock.adFree[7]</name>
      <value>0.0</value>
    </userParameterDouble>
    <userParameterDouble>
      <name>sWipMemBlock.adFree[8]</name>
      <value>0.0</value>
    </userParameterDouble>
    <userParameterDouble>
      <name>sWipMemBlock.adFree[9]</name>
      <value>0.0</value>
    </userParameterDouble>
    <userParameterDouble>
      <name>sWipMemBlock.adFree[10]</name>
      <value>0.0</value>
    </userParameterDouble>
    <userParameterDouble>
      <name>sWipMemBlock.adFree[11]</name>
      <value>0.0</value>
    </userParameterDouble>
    <userParameterDouble>
      <name>sWipMemBlock.adFree[12]</name>
      <value>0.0</value>
    </userParameterDouble>
    <userParameterDouble>
      <name>sWipMemBlock.adFree[13]</name>
      <value>0.0</value>
    </userParameterDouble>
    <userParameterDouble>
      <name>sWipMemBlock.adFree[14]</name>
      <value>0.0</value>
    </userParameterDouble>
    <userParameterDouble>
      <name>sWipMemBlock.adFree[15]</name>
      <value>0.0</value>
    </userParameterDouble>
    <userParameterDouble>
      <name>MaxwellCoefficient_0</name>
      <value>0.0</value>
    </userParameterDouble>
    <userParameterDouble>
      <name>MaxwellCoefficient_1</name>
      <value>0.0</value>
    </userParameterDouble>
    <userParameterDouble>
      <name>MaxwellCoefficient_2</name>
      <value>0.0</value>
    </userParameterDouble>
    <userParameterDouble>
      <name>MaxwellCoefficient_3</name>
      <value>0.0</value>
    </userParameterDouble>
    <userParameterDouble>
      <name>MaxwellCoefficient_4</name>
      <value>0.0</value>
    </userParameterDouble>
    <userParameterDouble>
      <name>MaxwellCoefficient_5</name>
      <value>0.0</value>
    </userParameterDouble>
    <userParameterDouble>
      <name>MaxwellCoefficient_6</name>
      <value>0.0</value>
    </userParameterDouble>
    <userParameterDouble>
      <name>MaxwellCoefficient_7</name>
      <value>0.0</value>
    </userParameterDouble>
    <userParameterDouble>
      <name>MaxwellCoefficient_8</name>
      <value>0.0</value>
    </userParameterDouble>
    <userParameterDouble>
      <name>MaxwellCoefficient_9</name>
      <value>0.0</value>
    </userParameterDouble>
    <userParameterDouble>
      <name>MaxwellCoefficient_10</name>
      <value>0.0</value>
    </userParameterDouble>
    <userParameterDouble>
      <name>MaxwellCoefficient_11</name>
      <value>0.0</value>
    </userParameterDouble>
    <userParameterDouble>
      <name>MaxwellCoefficient_12</name>
      <value>0.0</value>
    </userParameterDouble>
    <userParameterDouble>
      <name>MaxwellCoefficient_13</name>
      <value>0.0</value>
    </userParameterDouble>
    <userParameterDouble>
      <name>MaxwellCoefficient_14</name>
      <value>0.0</value>
    </userParameterDouble>
    <userParameterDouble>
      <name>MaxwellCoefficient_15</name>
      <value>0.0</value>
    </userParameterDouble>
    <userParameterString>
      <name>protfile</name>
      <value>spiralout_gre_fatsat_7T_15f2a.seq</value>
    </userParameterString>
    <userParameterString>
      <name>seq_signature</name>
      <value>15f2a44fbb9e9df61ce17e0746288b22</value>
    </userParameterString>
  </userParameters>
</ismrmrdHeader>

2026-09-22 14:40:58,498 - Data is from a SIEMENS Investigational_Device_7T_Plus at 7.0T
2026-09-22 14:40:58,503 - Starting bart_pulseq processing based on config
2026-09-22 14:40:58,509 - Signature check passed with signature 15f2a44fbb9e9df61ce17e0746288b22.
2026-09-22 14:40:58,522 - Starting spiral reconstruction.
2026-09-22 14:40:58,531 - Config: 
bart_pulseq
2026-09-22 14:40:58,531 - Incoming dataset contains 1 encodings
2026-09-22 14:40:58,531 - Trajectory type 'spiral', matrix size (220 x 220 x 1), field of view (220.0 x 220.0 x 1.0)mm^3
2026-09-22 14:40:58,531 - Reading in protocol acquisitions.
2026-09-22 14:40:58,682 - <-- Received MRD_MESSAGE_ISMRMRD_ACQUISITION (1008) (total: 1)
2026-09-22 14:40:59,039 - <-- Received MRD_MESSAGE_ISMRMRD_ACQUISITION (1008) (total: 100)
2026-09-22 14:40:59,183 - nx/ny/nz: 110/110/1; enc1 min/max: 0/109; enc2 min/max:0/0, ncol: 110
2026-09-22 14:40:59,397 - Start sensitivity map calculation.
2026-09-22 14:41:02,341 - BART stdout: 

2026-09-22 14:41:02,341 - BART stderr: 

2026-09-22 14:41:02,341 - Finished sensitivity map calculation after 2.94 s.
2026-09-22 14:41:02,515 - Process slices/constrasts in parallel.
2026-09-22 14:41:02,516 - PICS config: pics -S -e  -l1 -r 0.0005 -i 100 --wavelet cdf44
2026-09-22 14:41:02,565 - Trajectory shape = (3, 6496, 15) , Signal Shape = (1, 6496, 15, 32) 
2026-09-22 14:41:23,686 - BART stdout: 

2026-09-22 14:41:23,686 - BART stderr: 
2 maps.
ESPIRiT reconstruction.
[  1 6496  15  32   1   1   1   1   1   1   1   1   1   1   1   1 ]
[220 220   1  32   1   1   1   1   1   1   1   1   1   1   1   1 ]
l1-wavelet regularization: 0.000500
Regularization terms: 1, Supporting variables: 0
FISTA
Total Time: 20.890197

2026-09-22 14:41:23,686 - Image data is size (220, 220, 1, 1, 1)
2026-09-22 14:41:23,691 - --> Sending MRD_MESSAGE_ISMRMRD_IMAGE (1022) (2 images)
2026-09-22 14:41:23,692 - <-- Received MRD_MESSAGE_CLOSE (4)
2026-09-22 14:41:23,692 -     Total received acquisitions:   141
2026-09-22 14:41:23,693 -     Total received images:           0
2026-09-22 14:41:23,693 -     Total received waveforms:        0
2026-09-22 14:41:23,693 - ------------------------------------------
2026-09-22 14:41:23,693 - --> Sending MRD_MESSAGE_CLOSE (4)
2026-09-22 14:41:23,693 - Socket closed
2026-09-22 14:41:35,197 - Accepting connection from: 172.17.0.1:59090
2026-09-22 14:41:35,202 -     bart_jemris
2026-09-22 14:41:35,205 - XML Metadata: <?xml version="1.0"?>
<ismrmrdHeader xmlns="http://www.ismrm.org/ISMRMRD" xmlns:xsi="http://www.w3.org/2001/XMLSchema-instance" xmlns:xs="http://www.w3.org/2001/XMLSchema" xsi:schemaLocation="http://www.ismrm.org/ISMRMRD ismrmrd.xsd">
	<acquisitionSystemInformation>
		<systemVendor>JEMRIS</systemVendor>
		<systemModel>v2.8.4</systemModel>
		<systemFieldStrength_T>0.000000</systemFieldStrength_T>
	</acquisitionSystemInformation>
	<experimentalConditions>
		<H1resonanceFrequency_Hz>140713325569856</H1resonanceFrequency_Hz>
	</experimentalConditions>
	<encoding>
		<encodedSpace>
			<matrixSize>
				<x>220</x>
				<y>220</y>
				<z>1</z>
			</matrixSize>
			<fieldOfView_mm>
				<x>220.000000</x>
				<y>220.000000</y>
				<z>1.000000</z>
			</fieldOfView_mm>
		</encodedSpace>
		<reconSpace>
			<matrixSize>
				<x>220</x>
				<y>220</y>
				<z>1</z>
			</matrixSize>
			<fieldOfView_mm>
				<x>220.000000</x>
				<y>220.000000</y>
				<z>1.000000</z>
			</fieldOfView_mm>
		</reconSpace>
		<encodingLimits>
			<kspace_encoding_step_1>
				<minimum>0</minimum>
				<maximum>78</maximum>
				<center>39</center>
			</kspace_encoding_step_1>
			<kspace_encoding_step_2>
				<minimum>0</minimum>
				<maximum>0</maximum>
				<center>0</center>
			</kspace_encoding_step_2>
			<average>
				<minimum>0</minimum>
				<maximum>0</maximum>
				<center>0</center>
			</average>
			<slice>
				<minimum>0</minimum>
				<maximum>0</maximum>
				<center>0</center>
			</slice>
			<contrast>
				<minimum>0</minimum>
				<maximum>0</maximum>
				<center>0</center>
			</contrast>
			<set>
				<minimum>0</minimum>
				<maximum>0</maximum>
				<center>0</center>
			</set>
			<segment>
				<minimum>0</minimum>
				<maximum>0</maximum>
				<center>0</center>
			</segment>
		</encodingLimits>
		<trajectory>other</trajectory>
	</encoding>
</ismrmrdHeader>

2026-09-22 14:41:35,209 - Data is from a JEMRIS v2.8.4 at 0.0T
2026-09-22 14:41:35,221 - Starting bart_jemris processing based on config
2026-09-22 14:41:35,221 - Config: 
bart_jemris
2026-09-22 14:41:35,221 - Reconstruction of simulated data.
2026-09-22 14:41:35,221 - Incoming dataset contains 1 encodings
2026-09-22 14:41:35,221 - Trajectory type 'other', matrix size (220 x 220 x 1), field of view (220.0 x 220.0 x 1.0)mm^3
2026-09-22 14:41:35,221 - <-- Received MRD_MESSAGE_ISMRMRD_ACQUISITION (1008) (total: 1)
2026-09-22 14:41:35,308 - Processing a group of k-space data
2026-09-22 14:41:35,319 - Trajectory shape = (3, 4940, 15) , Signal Shape = (1, 4940, 15, 1) 
2026-09-22 14:41:35,320 - Do BART reconstruction.
2026-09-22 14:41:35,614 - Image data is size (1, 4940, 15, 1)
2026-09-22 14:41:35,616 - Sending images to client:
[Image(head=ImageHeader(version: 1, data_type: 5, flags: 0, measurement_uid: 0, matrix_size: (220, 220, 1), field_of_view: (0.0, 0.0, 0.0), channels: 1, position: (0.0, 0.0, 0.0), read_dir: (0.0, 0.0, 0.0), phase_dir: (0.0, 0.0, 0.0), slice_dir: (0.0, 0.0, 0.0), patient_table_position: (0.0, 0.0, 0.0), average: 0, slice: 0, contrast: 0, phase: 0, repetition: 0, set: 0, acquisition_time_stamp: 0, physiology_time_stamp: (0, 0, 0), image_type: 0, image_index: 0, image_series_index: 1, user_int: (0, 0, 0, 0, 0, 0, 0, 0), user_float: (0.0, 0.0, 0.0, 0.0, 0.0, 0.0, 0.0, 0.0), attribute_string_len: 0, ),meta={},data=array([[[[1.59829997e-05, 3.36839621e-05, 6.76419586e-05, ...,
          5.50875702e-05, 8.44032838e-05, 1.77048001e-04],
         [6.40946837e-06, 2.10959006e-05, 4.22273988e-05, ...,
          1.69837294e-04, 1.32765723e-04, 6.51698647e-05],
         [1.25939387e-05, 4.04805432e-05, 2.70889759e-05, ...,
          4.90813982e-05, 1.65469231e-04, 1.26884974e-04],
         ...,
         [7.10162494e-05, 8.05801210e-06, 8.60452274e-05, ...,
          1.22760714e-04, 6.19411294e-05, 5.20083777e-05],
         [6.94016271e-05, 3.33993776e-05, 1.09879104e-04, ...,
          7.82883726e-05, 3.04360274e-05, 1.00941201e-04],
         [1.09638844e-04, 2.90206790e-05, 2.12301984e-05, ...,
          1.12565715e-04, 1.33561029e-04, 3.33617136e-05]]]],
      shape=(1, 1, 220, 220), dtype=float32)), Image(head=ImageHeader(version: 1, data_type: 5, flags: 0, measurement_uid: 0, matrix_size: (220, 220, 1), field_of_view: (0.0, 0.0, 0.0), channels: 1, position: (0.0, 0.0, 0.0), read_dir: (0.0, 0.0, 0.0), phase_dir: (0.0, 0.0, 0.0), slice_dir: (0.0, 0.0, 0.0), patient_table_position: (0.0, 0.0, 0.0), average: 0, slice: 0, contrast: 0, phase: 0, repetition: 0, set: 0, acquisition_time_stamp: 0, physiology_time_stamp: (0, 0, 0), image_type: 0, image_index: 0, image_series_index: 2, user_int: (0, 0, 0, 0, 0, 0, 0, 0), user_float: (0.0, 0.0, 0.0, 0.0, 0.0, 0.0, 0.0, 0.0), attribute_string_len: 0, ),meta={},data=array([[[[-0.09999885,  0.7561736 ,  1.022517  , ..., -0.19946612,
           3.0544715 ,  3.0823026 ],
         [-1.743089  ,  0.77718884,  2.0811057 , ..., -0.0424316 ,
          -0.05301526,  2.9348311 ],
         [-1.1981548 ,  0.38921377,  0.9589955 , ..., -0.47969043,
          -0.06190004,  0.01487766],
         ...,
         [-2.2504542 , -2.1198092 , -2.8761857 , ...,  3.1343622 ,
           2.0948234 , -2.342538  ],
         [-2.8749208 ,  0.16690743,  3.1164842 , ..., -2.910525  ,
           3.1008098 , -2.6383705 ],
         [-2.6964154 , -2.1746929 , -0.26540104, ...,  2.6577609 ,
           2.6457214 ,  0.06621733]]]],
      shape=(1, 1, 220, 220), dtype=float32)), Image(head=ImageHeader(version: 1, data_type: 5, flags: 0, measurement_uid: 0, matrix_size: (1, 220, 220), field_of_view: (0.0, 0.0, 0.0), channels: 1, position: (0.0, 0.0, 0.0), read_dir: (0.0, 0.0, 0.0), phase_dir: (0.0, 0.0, 0.0), slice_dir: (0.0, 0.0, 0.0), patient_table_position: (0.0, 0.0, 0.0), average: 0, slice: 0, contrast: 0, phase: 0, repetition: 0, set: 0, acquisition_time_stamp: 0, physiology_time_stamp: (0, 0, 0), image_type: 0, image_index: 0, image_series_index: 4, user_int: (0, 0, 0, 0, 0, 0, 0, 0), user_float: (0.0, 0.0, 0.0, 0.0, 0.0, 0.0, 0.0, 0.0), attribute_string_len: 0, ),meta={},data=array([[[[-0.09999885],
         [ 0.7561736 ],
         [ 1.022517  ],
         ...,
         [-0.19946612],
         [ 3.0544715 ],
         [ 3.0823026 ]],

        [[-1.743089  ],
         [ 0.77718884],
         [ 2.0811057 ],
         ...,
         [-0.0424316 ],
         [-0.05301526],
         [ 2.9348311 ]],

        [[-1.1981548 ],
         [ 0.38921377],
         [ 0.9589955 ],
         ...,
         [-0.47969043],
         [-0.06190004],
         [ 0.01487766]],

        ...,

        [[-2.2504542 ],
         [-2.1198092 ],
         [-2.8761857 ],
         ...,
         [ 3.1343622 ],
         [ 2.0948234 ],
         [-2.342538  ]],

        [[-2.8749208 ],
         [ 0.16690743],
         [ 3.1164842 ],
         ...,
         [-2.910525  ],
         [ 3.1008098 ],
         [-2.6383705 ]],

        [[-2.6964154 ],
         [-2.1746929 ],
         [-0.26540104],
         ...,
         [ 2.6577609 ],
         [ 2.6457214 ],
         [ 0.06621733]]]], shape=(1, 220, 220, 1), dtype=float32)), Image(head=ImageHeader(version: 1, data_type: 5, flags: 0, measurement_uid: 0, matrix_size: (1, 220, 220), field_of_view: (0.0, 0.0, 0.0), channels: 1, position: (0.0, 0.0, 0.0), read_dir: (0.0, 0.0, 0.0), phase_dir: (0.0, 0.0, 0.0), slice_dir: (0.0, 0.0, 0.0), patient_table_position: (0.0, 0.0, 0.0), average: 0, slice: 0, contrast: 0, phase: 0, repetition: 0, set: 0, acquisition_time_stamp: 0, physiology_time_stamp: (0, 0, 0), image_type: 0, image_index: 0, image_series_index: 3, user_int: (0, 0, 0, 0, 0, 0, 0, 0), user_float: (0.0, 0.0, 0.0, 0.0, 0.0, 0.0, 0.0, 0.0), attribute_string_len: 0, ),meta={},data=array([[[[1.59829997e-05],
         [3.36839621e-05],
         [6.76419586e-05],
         ...,
         [5.50875702e-05],
         [8.44032838e-05],
         [1.77048001e-04]],

        [[6.40946837e-06],
         [2.10959006e-05],
         [4.22273988e-05],
         ...,
         [1.69837294e-04],
         [1.32765723e-04],
         [6.51698647e-05]],

        [[1.25939387e-05],
         [4.04805432e-05],
         [2.70889759e-05],
         ...,
         [4.90813982e-05],
         [1.65469231e-04],
         [1.26884974e-04]],

        ...,

        [[7.10162494e-05],
         [8.05801210e-06],
         [8.60452274e-05],
         ...,
         [1.22760714e-04],
         [6.19411294e-05],
         [5.20083777e-05]],

        [[6.94016271e-05],
         [3.33993776e-05],
         [1.09879104e-04],
         ...,
         [7.82883726e-05],
         [3.04360274e-05],
         [1.00941201e-04]],

        [[1.09638844e-04],
         [2.90206790e-05],
         [2.12301984e-05],
         ...,
         [1.12565715e-04],
         [1.33561029e-04],
         [3.33617136e-05]]]], shape=(1, 220, 220, 1), dtype=float32))]
2026-09-22 14:41:35,619 - --> Sending MRD_MESSAGE_ISMRMRD_IMAGE (1022) (4 images)
2026-09-22 14:41:35,620 - <-- Received MRD_MESSAGE_CLOSE (4)
2026-09-22 14:41:35,621 -     Total received acquisitions:    16
2026-09-22 14:41:35,621 -     Total received images:           0
2026-09-22 14:41:35,621 -     Total received waveforms:        0
2026-09-22 14:41:35,621 - ------------------------------------------
2026-09-22 14:41:35,621 - --> Sending MRD_MESSAGE_CLOSE (4)
2026-09-22 14:41:35,621 - Socket closed
2026-09-22 14:44:02,311 - Accepting connection from: 172.17.0.1:39028
2026-09-22 14:44:02,315 -     bart_jemris
2026-09-22 14:44:02,317 - XML Metadata: <?xml version="1.0"?>
<ismrmrdHeader xmlns="http://www.ismrm.org/ISMRMRD" xmlns:xsi="http://www.w3.org/2001/XMLSchema-instance" xmlns:xs="http://www.w3.org/2001/XMLSchema" xsi:schemaLocation="http://www.ismrm.org/ISMRMRD ismrmrd.xsd">
	<acquisitionSystemInformation>
		<systemVendor>JEMRIS</systemVendor>
		<systemModel>v2.8.4</systemModel>
		<systemFieldStrength_T>0.000000</systemFieldStrength_T>
	</acquisitionSystemInformation>
	<experimentalConditions>
		<H1resonanceFrequency_Hz>140713325569856</H1resonanceFrequency_Hz>
	</experimentalConditions>
	<encoding>
		<encodedSpace>
			<matrixSize>
				<x>220</x>
				<y>220</y>
				<z>1</z>
			</matrixSize>
			<fieldOfView_mm>
				<x>220.000000</x>
				<y>220.000000</y>
				<z>1.000000</z>
			</fieldOfView_mm>
		</encodedSpace>
		<reconSpace>
			<matrixSize>
				<x>220</x>
				<y>220</y>
				<z>1</z>
			</matrixSize>
			<fieldOfView_mm>
				<x>220.000000</x>
				<y>220.000000</y>
				<z>1.000000</z>
			</fieldOfView_mm>
		</reconSpace>
		<encodingLimits>
			<kspace_encoding_step_1>
				<minimum>0</minimum>
				<maximum>78</maximum>
				<center>39</center>
			</kspace_encoding_step_1>
			<kspace_encoding_step_2>
				<minimum>0</minimum>
				<maximum>0</maximum>
				<center>0</center>
			</kspace_encoding_step_2>
			<average>
				<minimum>0</minimum>
				<maximum>0</maximum>
				<center>0</center>
			</average>
			<slice>
				<minimum>0</minimum>
				<maximum>0</maximum>
				<center>0</center>
			</slice>
			<contrast>
				<minimum>0</minimum>
				<maximum>0</maximum>
				<center>0</center>
			</contrast>
			<set>
				<minimum>0</minimum>
				<maximum>0</maximum>
				<center>0</center>
			</set>
			<segment>
				<minimum>0</minimum>
				<maximum>0</maximum>
				<center>0</center>
			</segment>
		</encodingLimits>
		<trajectory>other</trajectory>
	</encoding>
</ismrmrdHeader>

2026-09-22 14:44:02,324 - Data is from a JEMRIS v2.8.4 at 0.0T
2026-09-22 14:44:02,336 - Starting bart_jemris processing based on config
2026-09-22 14:44:02,337 - Config: 
bart_jemris
2026-09-22 14:44:02,337 - Reconstruction of simulated data.
2026-09-22 14:44:02,337 - Incoming dataset contains 1 encodings
2026-09-22 14:44:02,337 - Trajectory type 'other', matrix size (220 x 220 x 1), field of view (220.0 x 220.0 x 1.0)mm^3
2026-09-22 14:44:02,337 - <-- Received MRD_MESSAGE_ISMRMRD_ACQUISITION (1008) (total: 1)
2026-09-22 14:44:02,425 - Processing a group of k-space data
2026-09-22 14:44:02,434 - Trajectory shape = (3, 4940, 15) , Signal Shape = (1, 4940, 15, 1) 
2026-09-22 14:44:02,434 - Do BART reconstruction.
2026-09-22 14:44:02,705 - Image data is size (1, 4940, 15, 1)
2026-09-22 14:44:02,706 - [(220, 220, 1), (220, 220, 1), (220, 220, 1, 1), (220, 220, 1, 1)]
2026-09-22 14:44:02,706 - Sending images to client:
[Image(head=ImageHeader(version: 1, data_type: 5, flags: 0, measurement_uid: 0, matrix_size: (220, 220, 1), field_of_view: (0.0, 0.0, 0.0), channels: 1, position: (0.0, 0.0, 0.0), read_dir: (0.0, 0.0, 0.0), phase_dir: (0.0, 0.0, 0.0), slice_dir: (0.0, 0.0, 0.0), patient_table_position: (0.0, 0.0, 0.0), average: 0, slice: 0, contrast: 0, phase: 0, repetition: 0, set: 0, acquisition_time_stamp: 0, physiology_time_stamp: (0, 0, 0), image_type: 0, image_index: 0, image_series_index: 1, user_int: (0, 0, 0, 0, 0, 0, 0, 0), user_float: (0.0, 0.0, 0.0, 0.0, 0.0, 0.0, 0.0, 0.0), attribute_string_len: 0, ),meta={},data=array([[[[1.59807751e-05, 3.36653393e-05, 6.76600102e-05, ...,
          5.50771801e-05, 8.43938105e-05, 1.77038688e-04],
         [6.41189172e-06, 2.11062761e-05, 4.22075718e-05, ...,
          1.69833511e-04, 1.32756875e-04, 6.51648807e-05],
         [1.26072455e-05, 4.04809070e-05, 2.70956916e-05, ...,
          4.90936873e-05, 1.65477773e-04, 1.26887506e-04],
         ...,
         [7.10030436e-05, 8.06254775e-06, 8.60297296e-05, ...,
          1.22747588e-04, 6.19384809e-05, 5.19891219e-05],
         [6.94085757e-05, 3.33901262e-05, 1.09871602e-04, ...,
          7.82986535e-05, 3.04363293e-05, 1.00965932e-04],
         [1.09647997e-04, 2.90299977e-05, 2.12356535e-05, ...,
          1.12550719e-04, 1.33563954e-04, 3.33575481e-05]]]],
      shape=(1, 1, 220, 220), dtype=float32)), Image(head=ImageHeader(version: 1, data_type: 5, flags: 0, measurement_uid: 0, matrix_size: (220, 220, 1), field_of_view: (0.0, 0.0, 0.0), channels: 1, position: (0.0, 0.0, 0.0), read_dir: (0.0, 0.0, 0.0), phase_dir: (0.0, 0.0, 0.0), slice_dir: (0.0, 0.0, 0.0), patient_table_position: (0.0, 0.0, 0.0), average: 0, slice: 0, contrast: 0, phase: 0, repetition: 0, set: 0, acquisition_time_stamp: 0, physiology_time_stamp: (0, 0, 0), image_type: 0, image_index: 0, image_series_index: 2, user_int: (0, 0, 0, 0, 0, 0, 0, 0), user_float: (0.0, 0.0, 0.0, 0.0, 0.0, 0.0, 0.0, 0.0), attribute_string_len: 0, ),meta={},data=array([[[[-0.10038974,  0.7558943 ,  1.0227127 , ..., -0.19997394,
           3.0543609 ,  3.0823753 ],
         [-1.7428992 ,  0.7778324 ,  2.0813293 , ..., -0.04242631,
          -0.05299992,  2.9346747 ],
         [-1.1981518 ,  0.38928095,  0.9584253 , ..., -0.4801671 ,
          -0.06188389,  0.01477735],
         ...,
         [-2.250258  , -2.1166568 , -2.8761706 , ...,  3.134425  ,
           2.094727  , -2.3426828 ],
         [-2.8748856 ,  0.16705729,  3.1165006 , ..., -2.910739  ,
           3.101247  , -2.6383178 ],
         [-2.6962292 , -2.1740553 , -0.2665667 , ...,  2.6580622 ,
           2.6458244 ,  0.06582286]]]],
      shape=(1, 1, 220, 220), dtype=float32)), Image(head=ImageHeader(version: 1, data_type: 5, flags: 0, measurement_uid: 0, matrix_size: (1, 220, 220), field_of_view: (0.0, 0.0, 0.0), channels: 1, position: (0.0, 0.0, 0.0), read_dir: (0.0, 0.0, 0.0), phase_dir: (0.0, 0.0, 0.0), slice_dir: (0.0, 0.0, 0.0), patient_table_position: (0.0, 0.0, 0.0), average: 0, slice: 0, contrast: 0, phase: 0, repetition: 0, set: 0, acquisition_time_stamp: 0, physiology_time_stamp: (0, 0, 0), image_type: 0, image_index: 0, image_series_index: 4, user_int: (0, 0, 0, 0, 0, 0, 0, 0), user_float: (0.0, 0.0, 0.0, 0.0, 0.0, 0.0, 0.0, 0.0), attribute_string_len: 0, ),meta={},data=array([[[[-0.10038974],
         [ 0.7558943 ],
         [ 1.0227127 ],
         ...,
         [-0.19997394],
         [ 3.0543609 ],
         [ 3.0823753 ]],

        [[-1.7428992 ],
         [ 0.7778324 ],
         [ 2.0813293 ],
         ...,
         [-0.04242631],
         [-0.05299992],
         [ 2.9346747 ]],

        [[-1.1981518 ],
         [ 0.38928095],
         [ 0.9584253 ],
         ...,
         [-0.4801671 ],
         [-0.06188389],
         [ 0.01477735]],

        ...,

        [[-2.250258  ],
         [-2.1166568 ],
         [-2.8761706 ],
         ...,
         [ 3.134425  ],
         [ 2.094727  ],
         [-2.3426828 ]],

        [[-2.8748856 ],
         [ 0.16705729],
         [ 3.1165006 ],
         ...,
         [-2.910739  ],
         [ 3.101247  ],
         [-2.6383178 ]],

        [[-2.6962292 ],
         [-2.1740553 ],
         [-0.2665667 ],
         ...,
         [ 2.6580622 ],
         [ 2.6458244 ],
         [ 0.06582286]]]], shape=(1, 220, 220, 1), dtype=float32)), Image(head=ImageHeader(version: 1, data_type: 5, flags: 0, measurement_uid: 0, matrix_size: (1, 220, 220), field_of_view: (0.0, 0.0, 0.0), channels: 1, position: (0.0, 0.0, 0.0), read_dir: (0.0, 0.0, 0.0), phase_dir: (0.0, 0.0, 0.0), slice_dir: (0.0, 0.0, 0.0), patient_table_position: (0.0, 0.0, 0.0), average: 0, slice: 0, contrast: 0, phase: 0, repetition: 0, set: 0, acquisition_time_stamp: 0, physiology_time_stamp: (0, 0, 0), image_type: 0, image_index: 0, image_series_index: 3, user_int: (0, 0, 0, 0, 0, 0, 0, 0), user_float: (0.0, 0.0, 0.0, 0.0, 0.0, 0.0, 0.0, 0.0), attribute_string_len: 0, ),meta={},data=array([[[[1.59807751e-05],
         [3.36653393e-05],
         [6.76600102e-05],
         ...,
         [5.50771801e-05],
         [8.43938105e-05],
         [1.77038688e-04]],

        [[6.41189172e-06],
         [2.11062761e-05],
         [4.22075718e-05],
         ...,
         [1.69833511e-04],
         [1.32756875e-04],
         [6.51648807e-05]],

        [[1.26072455e-05],
         [4.04809070e-05],
         [2.70956916e-05],
         ...,
         [4.90936873e-05],
         [1.65477773e-04],
         [1.26887506e-04]],

        ...,

        [[7.10030436e-05],
         [8.06254775e-06],
         [8.60297296e-05],
         ...,
         [1.22747588e-04],
         [6.19384809e-05],
         [5.19891219e-05]],

        [[6.94085757e-05],
         [3.33901262e-05],
         [1.09871602e-04],
         ...,
         [7.82986535e-05],
         [3.04363293e-05],
         [1.00965932e-04]],

        [[1.09647997e-04],
         [2.90299977e-05],
         [2.12356535e-05],
         ...,
         [1.12550719e-04],
         [1.33563954e-04],
         [3.33575481e-05]]]], shape=(1, 220, 220, 1), dtype=float32))]
2026-09-22 14:44:02,710 - --> Sending MRD_MESSAGE_ISMRMRD_IMAGE (1022) (4 images)
2026-09-22 14:44:02,711 - <-- Received MRD_MESSAGE_CLOSE (4)
2026-09-22 14:44:02,711 -     Total received acquisitions:    16
2026-09-22 14:44:02,711 -     Total received images:           0
2026-09-22 14:44:02,711 -     Total received waveforms:        0
2026-09-22 14:44:02,711 - ------------------------------------------
2026-09-22 14:44:02,711 - --> Sending MRD_MESSAGE_CLOSE (4)
2026-09-22 14:44:02,711 - Socket closed
2026-09-22 14:44:17,444 - Accepting connection from: 172.17.0.1:36290
2026-09-22 14:44:17,450 -     bart_jemris
2026-09-22 14:44:17,453 - XML Metadata: <?xml version="1.0"?>
<ismrmrdHeader xmlns="http://www.ismrm.org/ISMRMRD" xmlns:xsi="http://www.w3.org/2001/XMLSchema-instance" xmlns:xs="http://www.w3.org/2001/XMLSchema" xsi:schemaLocation="http://www.ismrm.org/ISMRMRD ismrmrd.xsd">
	<acquisitionSystemInformation>
		<systemVendor>JEMRIS</systemVendor>
		<systemModel>v2.8.4</systemModel>
		<systemFieldStrength_T>0.000000</systemFieldStrength_T>
	</acquisitionSystemInformation>
	<experimentalConditions>
		<H1resonanceFrequency_Hz>140713325569856</H1resonanceFrequency_Hz>
	</experimentalConditions>
	<encoding>
		<encodedSpace>
			<matrixSize>
				<x>220</x>
				<y>220</y>
				<z>1</z>
			</matrixSize>
			<fieldOfView_mm>
				<x>220.000000</x>
				<y>220.000000</y>
				<z>1.000000</z>
			</fieldOfView_mm>
		</encodedSpace>
		<reconSpace>
			<matrixSize>
				<x>220</x>
				<y>220</y>
				<z>1</z>
			</matrixSize>
			<fieldOfView_mm>
				<x>220.000000</x>
				<y>220.000000</y>
				<z>1.000000</z>
			</fieldOfView_mm>
		</reconSpace>
		<encodingLimits>
			<kspace_encoding_step_1>
				<minimum>0</minimum>
				<maximum>78</maximum>
				<center>39</center>
			</kspace_encoding_step_1>
			<kspace_encoding_step_2>
				<minimum>0</minimum>
				<maximum>0</maximum>
				<center>0</center>
			</kspace_encoding_step_2>
			<average>
				<minimum>0</minimum>
				<maximum>0</maximum>
				<center>0</center>
			</average>
			<slice>
				<minimum>0</minimum>
				<maximum>0</maximum>
				<center>0</center>
			</slice>
			<contrast>
				<minimum>0</minimum>
				<maximum>0</maximum>
				<center>0</center>
			</contrast>
			<set>
				<minimum>0</minimum>
				<maximum>0</maximum>
				<center>0</center>
			</set>
			<segment>
				<minimum>0</minimum>
				<maximum>0</maximum>
				<center>0</center>
			</segment>
		</encodingLimits>
		<trajectory>other</trajectory>
	</encoding>
</ismrmrdHeader>

2026-09-22 14:44:17,457 - Data is from a JEMRIS v2.8.4 at 0.0T
2026-09-22 14:44:17,460 - Starting bart_jemris processing based on config
2026-09-22 14:44:17,461 - Config: 
bart_jemris
2026-09-22 14:44:17,461 - Reconstruction of simulated data.
2026-09-22 14:44:17,461 - Incoming dataset contains 1 encodings
2026-09-22 14:44:17,461 - Trajectory type 'other', matrix size (220 x 220 x 1), field of view (220.0 x 220.0 x 1.0)mm^3
2026-09-22 14:44:17,461 - <-- Received MRD_MESSAGE_ISMRMRD_ACQUISITION (1008) (total: 1)
2026-09-22 14:44:17,561 - Processing a group of k-space data
2026-09-22 14:44:17,570 - Trajectory shape = (3, 4940, 15) , Signal Shape = (1, 4940, 15, 1) 
2026-09-22 14:44:17,570 - Do BART reconstruction.
2026-09-22 14:44:17,812 - Image data is size (1, 4940, 15, 1)
2026-09-22 14:44:17,813 - [(220, 220, 1), (220, 220, 1), (220, 220, 1, 1), (220, 220, 1, 1)]
2026-09-22 14:44:17,813 - Sending images to client:
[Image(head=ImageHeader(version: 1, data_type: 5, flags: 0, measurement_uid: 0, matrix_size: (220, 220, 1), field_of_view: (0.0, 0.0, 0.0), channels: 1, position: (0.0, 0.0, 0.0), read_dir: (0.0, 0.0, 0.0), phase_dir: (0.0, 0.0, 0.0), slice_dir: (0.0, 0.0, 0.0), patient_table_position: (0.0, 0.0, 0.0), average: 0, slice: 0, contrast: 0, phase: 0, repetition: 0, set: 0, acquisition_time_stamp: 0, physiology_time_stamp: (0, 0, 0), image_type: 0, image_index: 0, image_series_index: 1, user_int: (0, 0, 0, 0, 0, 0, 0, 0), user_float: (0.0, 0.0, 0.0, 0.0, 0.0, 0.0, 0.0, 0.0), attribute_string_len: 0, ),meta={},data=array([[[[1.59787542e-05, 3.36681951e-05, 6.76689669e-05, ...,
          5.50783443e-05, 8.43899033e-05, 1.77040260e-04],
         [6.41063843e-06, 2.11087481e-05, 4.22135090e-05, ...,
          1.69836334e-04, 1.32763133e-04, 6.51595692e-05],
         [1.26092464e-05, 4.04830098e-05, 2.70919336e-05, ...,
          4.90927559e-05, 1.65479069e-04, 1.26890154e-04],
         ...,
         [7.10062377e-05, 8.06237585e-06, 8.60274085e-05, ...,
          1.22746918e-04, 6.19521015e-05, 5.19865716e-05],
         [6.94077607e-05, 3.33905045e-05, 1.09873225e-04, ...,
          7.82911593e-05, 3.04333644e-05, 1.00961632e-04],
         [1.09648478e-04, 2.90264870e-05, 2.12334871e-05, ...,
          1.12556947e-04, 1.33558162e-04, 3.33596108e-05]]]],
      shape=(1, 1, 220, 220), dtype=float32)), Image(head=ImageHeader(version: 1, data_type: 5, flags: 0, measurement_uid: 0, matrix_size: (220, 220, 1), field_of_view: (0.0, 0.0, 0.0), channels: 1, position: (0.0, 0.0, 0.0), read_dir: (0.0, 0.0, 0.0), phase_dir: (0.0, 0.0, 0.0), slice_dir: (0.0, 0.0, 0.0), patient_table_position: (0.0, 0.0, 0.0), average: 0, slice: 0, contrast: 0, phase: 0, repetition: 0, set: 0, acquisition_time_stamp: 0, physiology_time_stamp: (0, 0, 0), image_type: 0, image_index: 0, image_series_index: 2, user_int: (0, 0, 0, 0, 0, 0, 0, 0), user_float: (0.0, 0.0, 0.0, 0.0, 0.0, 0.0, 0.0, 0.0), attribute_string_len: 0, ),meta={},data=array([[[[-0.10025242,  0.7558037 ,  1.0226998 , ..., -0.19979519,
           3.054327  ,  3.0822935 ],
         [-1.7431753 ,  0.7777079 ,  2.0812676 , ..., -0.04245241,
          -0.05290323,  2.9347262 ],
         [-1.1983008 ,  0.38924056,  0.958301  , ..., -0.4801941 ,
          -0.06192471,  0.01478586],
         ...,
         [-2.250296  , -2.1167722 , -2.8761578 , ...,  3.1344419 ,
           2.094488  , -2.3426533 ],
         [-2.8750398 ,  0.16712357,  3.1164906 , ..., -2.9108024 ,
           3.1012015 , -2.638306  ],
         [-2.6962452 , -2.1743584 , -0.2663844 , ...,  2.6579893 ,
           2.6457968 ,  0.06592333]]]],
      shape=(1, 1, 220, 220), dtype=float32)), Image(head=ImageHeader(version: 1, data_type: 5, flags: 0, measurement_uid: 0, matrix_size: (1, 220, 220), field_of_view: (0.0, 0.0, 0.0), channels: 1, position: (0.0, 0.0, 0.0), read_dir: (0.0, 0.0, 0.0), phase_dir: (0.0, 0.0, 0.0), slice_dir: (0.0, 0.0, 0.0), patient_table_position: (0.0, 0.0, 0.0), average: 0, slice: 0, contrast: 0, phase: 0, repetition: 0, set: 0, acquisition_time_stamp: 0, physiology_time_stamp: (0, 0, 0), image_type: 0, image_index: 0, image_series_index: 4, user_int: (0, 0, 0, 0, 0, 0, 0, 0), user_float: (0.0, 0.0, 0.0, 0.0, 0.0, 0.0, 0.0, 0.0), attribute_string_len: 0, ),meta={},data=array([[[[-0.10025242],
         [ 0.7558037 ],
         [ 1.0226998 ],
         ...,
         [-0.19979519],
         [ 3.054327  ],
         [ 3.0822935 ]],

        [[-1.7431753 ],
         [ 0.7777079 ],
         [ 2.0812676 ],
         ...,
         [-0.04245241],
         [-0.05290323],
         [ 2.9347262 ]],

        [[-1.1983008 ],
         [ 0.38924056],
         [ 0.958301  ],
         ...,
         [-0.4801941 ],
         [-0.06192471],
         [ 0.01478586]],

        ...,

        [[-2.250296  ],
         [-2.1167722 ],
         [-2.8761578 ],
         ...,
         [ 3.1344419 ],
         [ 2.094488  ],
         [-2.3426533 ]],

        [[-2.8750398 ],
         [ 0.16712357],
         [ 3.1164906 ],
         ...,
         [-2.9108024 ],
         [ 3.1012015 ],
         [-2.638306  ]],

        [[-2.6962452 ],
         [-2.1743584 ],
         [-0.2663844 ],
         ...,
         [ 2.6579893 ],
         [ 2.6457968 ],
         [ 0.06592333]]]], shape=(1, 220, 220, 1), dtype=float32)), Image(head=ImageHeader(version: 1, data_type: 5, flags: 0, measurement_uid: 0, matrix_size: (1, 220, 220), field_of_view: (0.0, 0.0, 0.0), channels: 1, position: (0.0, 0.0, 0.0), read_dir: (0.0, 0.0, 0.0), phase_dir: (0.0, 0.0, 0.0), slice_dir: (0.0, 0.0, 0.0), patient_table_position: (0.0, 0.0, 0.0), average: 0, slice: 0, contrast: 0, phase: 0, repetition: 0, set: 0, acquisition_time_stamp: 0, physiology_time_stamp: (0, 0, 0), image_type: 0, image_index: 0, image_series_index: 3, user_int: (0, 0, 0, 0, 0, 0, 0, 0), user_float: (0.0, 0.0, 0.0, 0.0, 0.0, 0.0, 0.0, 0.0), attribute_string_len: 0, ),meta={},data=array([[[[1.59787542e-05],
         [3.36681951e-05],
         [6.76689669e-05],
         ...,
         [5.50783443e-05],
         [8.43899033e-05],
         [1.77040260e-04]],

        [[6.41063843e-06],
         [2.11087481e-05],
         [4.22135090e-05],
         ...,
         [1.69836334e-04],
         [1.32763133e-04],
         [6.51595692e-05]],

        [[1.26092464e-05],
         [4.04830098e-05],
         [2.70919336e-05],
         ...,
         [4.90927559e-05],
         [1.65479069e-04],
         [1.26890154e-04]],

        ...,

        [[7.10062377e-05],
         [8.06237585e-06],
         [8.60274085e-05],
         ...,
         [1.22746918e-04],
         [6.19521015e-05],
         [5.19865716e-05]],

        [[6.94077607e-05],
         [3.33905045e-05],
         [1.09873225e-04],
         ...,
         [7.82911593e-05],
         [3.04333644e-05],
         [1.00961632e-04]],

        [[1.09648478e-04],
         [2.90264870e-05],
         [2.12334871e-05],
         ...,
         [1.12556947e-04],
         [1.33558162e-04],
         [3.33596108e-05]]]], shape=(1, 220, 220, 1), dtype=float32))]
2026-09-22 14:44:17,816 - --> Sending MRD_MESSAGE_ISMRMRD_IMAGE (1022) (4 images)
2026-09-22 14:44:17,817 - <-- Received MRD_MESSAGE_CLOSE (4)
2026-09-22 14:44:17,817 -     Total received acquisitions:    16
2026-09-22 14:44:17,817 -     Total received images:           0
2026-09-22 14:44:17,817 -     Total received waveforms:        0
2026-09-22 14:44:17,817 - ------------------------------------------
2026-09-22 14:44:17,817 - --> Sending MRD_MESSAGE_CLOSE (4)
2026-09-22 14:44:17,817 - Socket closed
2026-09-22 14:44:26,521 - Accepting connection from: 172.17.0.1:47130
2026-09-22 14:44:26,526 -     bart_jemris
2026-09-22 14:44:26,529 - XML Metadata: <?xml version="1.0"?>
<ismrmrdHeader xmlns="http://www.ismrm.org/ISMRMRD" xmlns:xsi="http://www.w3.org/2001/XMLSchema-instance" xmlns:xs="http://www.w3.org/2001/XMLSchema" xsi:schemaLocation="http://www.ismrm.org/ISMRMRD ismrmrd.xsd">
	<acquisitionSystemInformation>
		<systemVendor>JEMRIS</systemVendor>
		<systemModel>v2.8.4</systemModel>
		<systemFieldStrength_T>0.000000</systemFieldStrength_T>
	</acquisitionSystemInformation>
	<experimentalConditions>
		<H1resonanceFrequency_Hz>140713325569856</H1resonanceFrequency_Hz>
	</experimentalConditions>
	<encoding>
		<encodedSpace>
			<matrixSize>
				<x>220</x>
				<y>220</y>
				<z>1</z>
			</matrixSize>
			<fieldOfView_mm>
				<x>220.000000</x>
				<y>220.000000</y>
				<z>1.000000</z>
			</fieldOfView_mm>
		</encodedSpace>
		<reconSpace>
			<matrixSize>
				<x>220</x>
				<y>220</y>
				<z>1</z>
			</matrixSize>
			<fieldOfView_mm>
				<x>220.000000</x>
				<y>220.000000</y>
				<z>1.000000</z>
			</fieldOfView_mm>
		</reconSpace>
		<encodingLimits>
			<kspace_encoding_step_1>
				<minimum>0</minimum>
				<maximum>78</maximum>
				<center>39</center>
			</kspace_encoding_step_1>
			<kspace_encoding_step_2>
				<minimum>0</minimum>
				<maximum>0</maximum>
				<center>0</center>
			</kspace_encoding_step_2>
			<average>
				<minimum>0</minimum>
				<maximum>0</maximum>
				<center>0</center>
			</average>
			<slice>
				<minimum>0</minimum>
				<maximum>0</maximum>
				<center>0</center>
			</slice>
			<contrast>
				<minimum>0</minimum>
				<maximum>0</maximum>
				<center>0</center>
			</contrast>
			<set>
				<minimum>0</minimum>
				<maximum>0</maximum>
				<center>0</center>
			</set>
			<segment>
				<minimum>0</minimum>
				<maximum>0</maximum>
				<center>0</center>
			</segment>
		</encodingLimits>
		<trajectory>other</trajectory>
	</encoding>
</ismrmrdHeader>

2026-09-22 14:44:26,533 - Data is from a JEMRIS v2.8.4 at 0.0T
2026-09-22 14:44:26,536 - Starting bart_jemris processing based on config
2026-09-22 14:44:26,536 - Config: 
bart_jemris
2026-09-22 14:44:26,536 - Reconstruction of simulated data.
2026-09-22 14:44:26,536 - Incoming dataset contains 1 encodings
2026-09-22 14:44:26,537 - Trajectory type 'other', matrix size (220 x 220 x 1), field of view (220.0 x 220.0 x 1.0)mm^3
2026-09-22 14:44:26,537 - <-- Received MRD_MESSAGE_ISMRMRD_ACQUISITION (1008) (total: 1)
2026-09-22 14:44:26,633 - Processing a group of k-space data
2026-09-22 14:44:26,644 - Trajectory shape = (3, 4940, 15) , Signal Shape = (1, 4940, 15, 1) 
2026-09-22 14:44:26,644 - Do BART reconstruction.
2026-09-22 14:44:26,913 - Image data is size (1, 4940, 15, 1)
2026-09-22 14:44:26,914 - [(220, 220, 1), (220, 220, 1), (220, 220, 1, 1), (220, 220, 1, 1)]
2026-09-22 14:44:26,914 - Sending images to client:
[Image(head=ImageHeader(version: 1, data_type: 5, flags: 0, measurement_uid: 0, matrix_size: (220, 220, 1), field_of_view: (0.0, 0.0, 0.0), channels: 1, position: (0.0, 0.0, 0.0), read_dir: (0.0, 0.0, 0.0), phase_dir: (0.0, 0.0, 0.0), slice_dir: (0.0, 0.0, 0.0), patient_table_position: (0.0, 0.0, 0.0), average: 0, slice: 0, contrast: 0, phase: 0, repetition: 0, set: 0, acquisition_time_stamp: 0, physiology_time_stamp: (0, 0, 0), image_type: 0, image_index: 0, image_series_index: 1, user_int: (0, 0, 0, 0, 0, 0, 0, 0), user_float: (0.0, 0.0, 0.0, 0.0, 0.0, 0.0, 0.0, 0.0), attribute_string_len: 0, ),meta={},data=array([[[[1.59756619e-05, 3.36743433e-05, 6.76502459e-05, ...,
          5.50656514e-05, 8.44016831e-05, 1.77045338e-04],
         [6.41192946e-06, 2.11059596e-05, 4.22206213e-05, ...,
          1.69849751e-04, 1.32744914e-04, 6.51635855e-05],
         [1.25938259e-05, 4.04806779e-05, 2.70905166e-05, ...,
          4.90877683e-05, 1.65474572e-04, 1.26871761e-04],
         ...,
         [7.10039094e-05, 8.06404660e-06, 8.60292930e-05, ...,
          1.22751619e-04, 6.19364873e-05, 5.20063004e-05],
         [6.93831680e-05, 3.34122269e-05, 1.09860950e-04, ...,
          7.82797360e-05, 3.04346595e-05, 1.00928046e-04],
         [1.09655455e-04, 2.90191147e-05, 2.12407958e-05, ...,
          1.12565060e-04, 1.33543421e-04, 3.33662501e-05]]]],
      shape=(1, 1, 220, 220), dtype=float32)), Image(head=ImageHeader(version: 1, data_type: 5, flags: 0, measurement_uid: 0, matrix_size: (220, 220, 1), field_of_view: (0.0, 0.0, 0.0), channels: 1, position: (0.0, 0.0, 0.0), read_dir: (0.0, 0.0, 0.0), phase_dir: (0.0, 0.0, 0.0), slice_dir: (0.0, 0.0, 0.0), patient_table_position: (0.0, 0.0, 0.0), average: 0, slice: 0, contrast: 0, phase: 0, repetition: 0, set: 0, acquisition_time_stamp: 0, physiology_time_stamp: (0, 0, 0), image_type: 0, image_index: 0, image_series_index: 2, user_int: (0, 0, 0, 0, 0, 0, 0, 0), user_float: (0.0, 0.0, 0.0, 0.0, 0.0, 0.0, 0.0, 0.0), attribute_string_len: 0, ),meta={},data=array([[[[-0.10053204,  0.7560911 ,  1.0228385 , ..., -0.1998372 ,
           3.0543275 ,  3.0822861 ],
         [-1.7432623 ,  0.77768123,  2.081449  , ..., -0.04249566,
          -0.05301395,  2.9349842 ],
         [-1.1981734 ,  0.38897967,  0.95937836, ..., -0.48028946,
          -0.06186664,  0.01481404],
         ...,
         [-2.250272  , -2.1175041 , -2.876301  , ...,  3.134459  ,
           2.0947146 , -2.34229   ],
         [-2.8750541 ,  0.16720979,  3.116382  , ..., -2.9108598 ,
           3.1010802 , -2.638423  ],
         [-2.6961834 , -2.1738055 , -0.266874  , ...,  2.6579754 ,
           2.6458526 ,  0.06566051]]]],
      shape=(1, 1, 220, 220), dtype=float32)), Image(head=ImageHeader(version: 1, data_type: 5, flags: 0, measurement_uid: 0, matrix_size: (1, 220, 220), field_of_view: (0.0, 0.0, 0.0), channels: 1, position: (0.0, 0.0, 0.0), read_dir: (0.0, 0.0, 0.0), phase_dir: (0.0, 0.0, 0.0), slice_dir: (0.0, 0.0, 0.0), patient_table_position: (0.0, 0.0, 0.0), average: 0, slice: 0, contrast: 0, phase: 0, repetition: 0, set: 0, acquisition_time_stamp: 0, physiology_time_stamp: (0, 0, 0), image_type: 0, image_index: 0, image_series_index: 4, user_int: (0, 0, 0, 0, 0, 0, 0, 0), user_float: (0.0, 0.0, 0.0, 0.0, 0.0, 0.0, 0.0, 0.0), attribute_string_len: 0, ),meta={},data=array([[[[-0.10053204],
         [ 0.7560911 ],
         [ 1.0228385 ],
         ...,
         [-0.1998372 ],
         [ 3.0543275 ],
         [ 3.0822861 ]],

        [[-1.7432623 ],
         [ 0.77768123],
         [ 2.081449  ],
         ...,
         [-0.04249566],
         [-0.05301395],
         [ 2.9349842 ]],

        [[-1.1981734 ],
         [ 0.38897967],
         [ 0.95937836],
         ...,
         [-0.48028946],
         [-0.06186664],
         [ 0.01481404]],

        ...,

        [[-2.250272  ],
         [-2.1175041 ],
         [-2.876301  ],
         ...,
         [ 3.134459  ],
         [ 2.0947146 ],
         [-2.34229   ]],

        [[-2.8750541 ],
         [ 0.16720979],
         [ 3.116382  ],
         ...,
         [-2.9108598 ],
         [ 3.1010802 ],
         [-2.638423  ]],

        [[-2.6961834 ],
         [-2.1738055 ],
         [-0.266874  ],
         ...,
         [ 2.6579754 ],
         [ 2.6458526 ],
         [ 0.06566051]]]], shape=(1, 220, 220, 1), dtype=float32)), Image(head=ImageHeader(version: 1, data_type: 5, flags: 0, measurement_uid: 0, matrix_size: (1, 220, 220), field_of_view: (0.0, 0.0, 0.0), channels: 1, position: (0.0, 0.0, 0.0), read_dir: (0.0, 0.0, 0.0), phase_dir: (0.0, 0.0, 0.0), slice_dir: (0.0, 0.0, 0.0), patient_table_position: (0.0, 0.0, 0.0), average: 0, slice: 0, contrast: 0, phase: 0, repetition: 0, set: 0, acquisition_time_stamp: 0, physiology_time_stamp: (0, 0, 0), image_type: 0, image_index: 0, image_series_index: 3, user_int: (0, 0, 0, 0, 0, 0, 0, 0), user_float: (0.0, 0.0, 0.0, 0.0, 0.0, 0.0, 0.0, 0.0), attribute_string_len: 0, ),meta={},data=array([[[[1.59756619e-05],
         [3.36743433e-05],
         [6.76502459e-05],
         ...,
         [5.50656514e-05],
         [8.44016831e-05],
         [1.77045338e-04]],

        [[6.41192946e-06],
         [2.11059596e-05],
         [4.22206213e-05],
         ...,
         [1.69849751e-04],
         [1.32744914e-04],
         [6.51635855e-05]],

        [[1.25938259e-05],
         [4.04806779e-05],
         [2.70905166e-05],
         ...,
         [4.90877683e-05],
         [1.65474572e-04],
         [1.26871761e-04]],

        ...,

        [[7.10039094e-05],
         [8.06404660e-06],
         [8.60292930e-05],
         ...,
         [1.22751619e-04],
         [6.19364873e-05],
         [5.20063004e-05]],

        [[6.93831680e-05],
         [3.34122269e-05],
         [1.09860950e-04],
         ...,
         [7.82797360e-05],
         [3.04346595e-05],
         [1.00928046e-04]],

        [[1.09655455e-04],
         [2.90191147e-05],
         [2.12407958e-05],
         ...,
         [1.12565060e-04],
         [1.33543421e-04],
         [3.33662501e-05]]]], shape=(1, 220, 220, 1), dtype=float32))]
2026-09-22 14:44:26,917 - --> Sending MRD_MESSAGE_ISMRMRD_IMAGE (1022) (4 images)
2026-09-22 14:44:26,918 - <-- Received MRD_MESSAGE_CLOSE (4)
2026-09-22 14:44:26,918 -     Total received acquisitions:    16
2026-09-22 14:44:26,918 -     Total received images:           0
2026-09-22 14:44:26,918 -     Total received waveforms:        0
2026-09-22 14:44:26,918 - ------------------------------------------
2026-09-22 14:44:26,918 - --> Sending MRD_MESSAGE_CLOSE (4)
2026-09-22 14:44:26,918 - Socket closed
2026-09-22 17:11:40,866 - Starting server and listening for data at 0.0.0.0:9002
2026-09-22 17:11:40,869 - Default config is invertcontrast
2026-09-22 17:11:40,869 - Serving... 
2026-09-22 17:11:50,697 - Accepting connection from: 172.17.0.1:53834
2026-09-22 17:11:50,701 -     bart_jemris
2026-09-22 17:11:50,705 - XML Metadata: <?xml version="1.0"?>
<ismrmrdHeader xmlns="http://www.ismrm.org/ISMRMRD" xmlns:xsi="http://www.w3.org/2001/XMLSchema-instance" xmlns:xs="http://www.w3.org/2001/XMLSchema" xsi:schemaLocation="http://www.ismrm.org/ISMRMRD ismrmrd.xsd">
	<acquisitionSystemInformation>
		<systemVendor>JEMRIS</systemVendor>
		<systemModel>v2.8.4</systemModel>
		<systemFieldStrength_T>0.000000</systemFieldStrength_T>
	</acquisitionSystemInformation>
	<experimentalConditions>
		<H1resonanceFrequency_Hz>140713325569856</H1resonanceFrequency_Hz>
	</experimentalConditions>
	<encoding>
		<encodedSpace>
			<matrixSize>
				<x>220</x>
				<y>220</y>
				<z>1</z>
			</matrixSize>
			<fieldOfView_mm>
				<x>220.000000</x>
				<y>220.000000</y>
				<z>1.000000</z>
			</fieldOfView_mm>
		</encodedSpace>
		<reconSpace>
			<matrixSize>
				<x>220</x>
				<y>220</y>
				<z>1</z>
			</matrixSize>
			<fieldOfView_mm>
				<x>220.000000</x>
				<y>220.000000</y>
				<z>1.000000</z>
			</fieldOfView_mm>
		</reconSpace>
		<encodingLimits>
			<kspace_encoding_step_1>
				<minimum>0</minimum>
				<maximum>78</maximum>
				<center>39</center>
			</kspace_encoding_step_1>
			<kspace_encoding_step_2>
				<minimum>0</minimum>
				<maximum>0</maximum>
				<center>0</center>
			</kspace_encoding_step_2>
			<average>
				<minimum>0</minimum>
				<maximum>0</maximum>
				<center>0</center>
			</average>
			<slice>
				<minimum>0</minimum>
				<maximum>0</maximum>
				<center>0</center>
			</slice>
			<contrast>
				<minimum>0</minimum>
				<maximum>0</maximum>
				<center>0</center>
			</contrast>
			<set>
				<minimum>0</minimum>
				<maximum>0</maximum>
				<center>0</center>
			</set>
			<segment>
				<minimum>0</minimum>
				<maximum>0</maximum>
				<center>0</center>
			</segment>
		</encodingLimits>
		<trajectory>other</trajectory>
	</encoding>
</ismrmrdHeader>

2026-09-22 17:11:50,710 - Data is from a JEMRIS v2.8.4 at 0.0T
2026-09-22 17:11:50,727 - Starting bart_jemris processing based on config
2026-09-22 17:11:50,727 - Config: 
bart_jemris
2026-09-22 17:11:50,727 - Reconstruction of simulated data.
2026-09-22 17:11:50,727 - Incoming dataset contains 1 encodings
2026-09-22 17:11:50,727 - Trajectory type 'other', matrix size (220 x 220 x 1), field of view (220.0 x 220.0 x 1.0)mm^3
2026-09-22 17:11:50,727 - <-- Received MRD_MESSAGE_ISMRMRD_ACQUISITION (1008) (total: 1)
2026-09-22 17:11:50,805 - Processing a group of k-space data
2026-09-22 17:11:50,821 - Trajectory shape = (3, 4940, 15) , Signal Shape = (1, 4940, 15, 1) 
2026-09-22 17:11:50,821 - Do BART reconstruction.
2026-09-22 17:11:51,208 - Image data is size (1, 4940, 15, 1)
2026-09-22 17:11:51,211 - Sending images to client:
[Image(head=ImageHeader(version: 1, data_type: 5, flags: 0, measurement_uid: 0, matrix_size: (220, 220, 1), field_of_view: (0.0, 0.0, 0.0), channels: 1, position: (0.0, 0.0, 0.0), read_dir: (0.0, 0.0, 0.0), phase_dir: (0.0, 0.0, 0.0), slice_dir: (0.0, 0.0, 0.0), patient_table_position: (0.0, 0.0, 0.0), average: 0, slice: 0, contrast: 0, phase: 0, repetition: 0, set: 0, acquisition_time_stamp: 0, physiology_time_stamp: (0, 0, 0), image_type: 0, image_index: 0, image_series_index: 1, user_int: (0, 0, 0, 0, 0, 0, 0, 0), user_float: (0.0, 0.0, 0.0, 0.0, 0.0, 0.0, 0.0, 0.0), attribute_string_len: 0, ),meta={},data=array([[[[1.59914398e-05, 3.36770609e-05, 6.76568525e-05, ...,
          5.50827754e-05, 8.44051756e-05, 1.77045265e-04],
         [6.41165434e-06, 2.11015249e-05, 4.22126213e-05, ...,
          1.69849882e-04, 1.32761139e-04, 6.51579685e-05],
         [1.25820661e-05, 4.04877283e-05, 2.71164863e-05, ...,
          4.90772109e-05, 1.65464982e-04, 1.26883198e-04],
         ...,
         [7.10016102e-05, 8.07389461e-06, 8.60403161e-05, ...,
          1.22750687e-04, 6.19498242e-05, 5.19949317e-05],
         [6.93983166e-05, 3.34036158e-05, 1.09872242e-04, ...,
          7.82865172e-05, 3.04447894e-05, 1.00948426e-04],
         [1.09646600e-04, 2.90398493e-05, 2.12358973e-05, ...,
          1.12576148e-04, 1.33565118e-04, 3.33683929e-05]]]],
      shape=(1, 1, 220, 220), dtype=float32)), Image(head=ImageHeader(version: 1, data_type: 5, flags: 0, measurement_uid: 0, matrix_size: (220, 220, 1), field_of_view: (0.0, 0.0, 0.0), channels: 1, position: (0.0, 0.0, 0.0), read_dir: (0.0, 0.0, 0.0), phase_dir: (0.0, 0.0, 0.0), slice_dir: (0.0, 0.0, 0.0), patient_table_position: (0.0, 0.0, 0.0), average: 0, slice: 0, contrast: 0, phase: 0, repetition: 0, set: 0, acquisition_time_stamp: 0, physiology_time_stamp: (0, 0, 0), image_type: 0, image_index: 0, image_series_index: 2, user_int: (0, 0, 0, 0, 0, 0, 0, 0), user_float: (0.0, 0.0, 0.0, 0.0, 0.0, 0.0, 0.0, 0.0), attribute_string_len: 0, ),meta={},data=array([[[[-0.10003976,  0.7561566 ,  1.0224957 , ..., -0.19982515,
           3.0546598 ,  3.0823188 ],
         [-1.7430682 ,  0.77765745,  2.0811558 , ..., -0.04246854,
          -0.05303803,  2.9352295 ],
         [-1.1976441 ,  0.38948405,  0.9592769 , ..., -0.47978193,
          -0.06186346,  0.01484738],
         ...,
         [-2.2504184 , -2.117815  , -2.8760877 , ...,  3.134454  ,
           2.0947132 , -2.342701  ],
         [-2.8749802 ,  0.16727675,  3.1164124 , ..., -2.9107256 ,
           3.1007254 , -2.6383178 ],
         [-2.6963482 , -2.17406   , -0.2661483 , ...,  2.657885  ,
           2.6457808 ,  0.06605791]]]],
      shape=(1, 1, 220, 220), dtype=float32)), Image(head=ImageHeader(version: 1, data_type: 5, flags: 0, measurement_uid: 0, matrix_size: (1, 220, 220), field_of_view: (0.0, 0.0, 0.0), channels: 1, position: (0.0, 0.0, 0.0), read_dir: (0.0, 0.0, 0.0), phase_dir: (0.0, 0.0, 0.0), slice_dir: (0.0, 0.0, 0.0), patient_table_position: (0.0, 0.0, 0.0), average: 0, slice: 0, contrast: 0, phase: 0, repetition: 0, set: 0, acquisition_time_stamp: 0, physiology_time_stamp: (0, 0, 0), image_type: 0, image_index: 0, image_series_index: 4, user_int: (0, 0, 0, 0, 0, 0, 0, 0), user_float: (0.0, 0.0, 0.0, 0.0, 0.0, 0.0, 0.0, 0.0), attribute_string_len: 0, ),meta={},data=array([[[[-0.10003976],
         [ 0.7561566 ],
         [ 1.0224957 ],
         ...,
         [-0.19982515],
         [ 3.0546598 ],
         [ 3.0823188 ]],

        [[-1.7430682 ],
         [ 0.77765745],
         [ 2.0811558 ],
         ...,
         [-0.04246854],
         [-0.05303803],
         [ 2.9352295 ]],

        [[-1.1976441 ],
         [ 0.38948405],
         [ 0.9592769 ],
         ...,
         [-0.47978193],
         [-0.06186346],
         [ 0.01484738]],

        ...,

        [[-2.2504184 ],
         [-2.117815  ],
         [-2.8760877 ],
         ...,
         [ 3.134454  ],
         [ 2.0947132 ],
         [-2.342701  ]],

        [[-2.8749802 ],
         [ 0.16727675],
         [ 3.1164124 ],
         ...,
         [-2.9107256 ],
         [ 3.1007254 ],
         [-2.6383178 ]],

        [[-2.6963482 ],
         [-2.17406   ],
         [-0.2661483 ],
         ...,
         [ 2.657885  ],
         [ 2.6457808 ],
         [ 0.06605791]]]], shape=(1, 220, 220, 1), dtype=float32)), Image(head=ImageHeader(version: 1, data_type: 5, flags: 0, measurement_uid: 0, matrix_size: (1, 220, 220), field_of_view: (0.0, 0.0, 0.0), channels: 1, position: (0.0, 0.0, 0.0), read_dir: (0.0, 0.0, 0.0), phase_dir: (0.0, 0.0, 0.0), slice_dir: (0.0, 0.0, 0.0), patient_table_position: (0.0, 0.0, 0.0), average: 0, slice: 0, contrast: 0, phase: 0, repetition: 0, set: 0, acquisition_time_stamp: 0, physiology_time_stamp: (0, 0, 0), image_type: 0, image_index: 0, image_series_index: 3, user_int: (0, 0, 0, 0, 0, 0, 0, 0), user_float: (0.0, 0.0, 0.0, 0.0, 0.0, 0.0, 0.0, 0.0), attribute_string_len: 0, ),meta={},data=array([[[[1.59914398e-05],
         [3.36770609e-05],
         [6.76568525e-05],
         ...,
         [5.50827754e-05],
         [8.44051756e-05],
         [1.77045265e-04]],

        [[6.41165434e-06],
         [2.11015249e-05],
         [4.22126213e-05],
         ...,
         [1.69849882e-04],
         [1.32761139e-04],
         [6.51579685e-05]],

        [[1.25820661e-05],
         [4.04877283e-05],
         [2.71164863e-05],
         ...,
         [4.90772109e-05],
         [1.65464982e-04],
         [1.26883198e-04]],

        ...,

        [[7.10016102e-05],
         [8.07389461e-06],
         [8.60403161e-05],
         ...,
         [1.22750687e-04],
         [6.19498242e-05],
         [5.19949317e-05]],

        [[6.93983166e-05],
         [3.34036158e-05],
         [1.09872242e-04],
         ...,
         [7.82865172e-05],
         [3.04447894e-05],
         [1.00948426e-04]],

        [[1.09646600e-04],
         [2.90398493e-05],
         [2.12358973e-05],
         ...,
         [1.12576148e-04],
         [1.33565118e-04],
         [3.33683929e-05]]]], shape=(1, 220, 220, 1), dtype=float32))]
2026-09-22 17:11:51,214 - --> Sending MRD_MESSAGE_ISMRMRD_IMAGE (1022) (4 images)
2026-09-22 17:11:51,214 - <-- Received MRD_MESSAGE_CLOSE (4)
2026-09-22 17:11:51,214 -     Total received acquisitions:    16
2026-09-22 17:11:51,214 -     Total received images:           0
2026-09-22 17:11:51,214 -     Total received waveforms:        0
2026-09-22 17:11:51,214 - ------------------------------------------
2026-09-22 17:11:51,215 - --> Sending MRD_MESSAGE_CLOSE (4)
2026-09-22 17:11:51,215 - Socket closed
2026-09-22 17:13:11,573 - Starting server and listening for data at 0.0.0.0:9002
2026-09-22 17:13:11,573 - Default config is invertcontrast
2026-09-22 17:13:11,574 - Serving... 
2026-09-22 17:13:18,315 - Accepting connection from: 172.17.0.1:57744
2026-09-22 17:13:18,320 -     bart_jemris
2026-09-22 17:13:18,323 - XML Metadata: <?xml version="1.0"?>
<ismrmrdHeader xmlns="http://www.ismrm.org/ISMRMRD" xmlns:xsi="http://www.w3.org/2001/XMLSchema-instance" xmlns:xs="http://www.w3.org/2001/XMLSchema" xsi:schemaLocation="http://www.ismrm.org/ISMRMRD ismrmrd.xsd">
	<acquisitionSystemInformation>
		<systemVendor>JEMRIS</systemVendor>
		<systemModel>v2.8.4</systemModel>
		<systemFieldStrength_T>0.000000</systemFieldStrength_T>
	</acquisitionSystemInformation>
	<experimentalConditions>
		<H1resonanceFrequency_Hz>140713325569856</H1resonanceFrequency_Hz>
	</experimentalConditions>
	<encoding>
		<encodedSpace>
			<matrixSize>
				<x>220</x>
				<y>220</y>
				<z>1</z>
			</matrixSize>
			<fieldOfView_mm>
				<x>220.000000</x>
				<y>220.000000</y>
				<z>1.000000</z>
			</fieldOfView_mm>
		</encodedSpace>
		<reconSpace>
			<matrixSize>
				<x>220</x>
				<y>220</y>
				<z>1</z>
			</matrixSize>
			<fieldOfView_mm>
				<x>220.000000</x>
				<y>220.000000</y>
				<z>1.000000</z>
			</fieldOfView_mm>
		</reconSpace>
		<encodingLimits>
			<kspace_encoding_step_1>
				<minimum>0</minimum>
				<maximum>78</maximum>
				<center>39</center>
			</kspace_encoding_step_1>
			<kspace_encoding_step_2>
				<minimum>0</minimum>
				<maximum>0</maximum>
				<center>0</center>
			</kspace_encoding_step_2>
			<average>
				<minimum>0</minimum>
				<maximum>0</maximum>
				<center>0</center>
			</average>
			<slice>
				<minimum>0</minimum>
				<maximum>0</maximum>
				<center>0</center>
			</slice>
			<contrast>
				<minimum>0</minimum>
				<maximum>0</maximum>
				<center>0</center>
			</contrast>
			<set>
				<minimum>0</minimum>
				<maximum>0</maximum>
				<center>0</center>
			</set>
			<segment>
				<minimum>0</minimum>
				<maximum>0</maximum>
				<center>0</center>
			</segment>
		</encodingLimits>
		<trajectory>other</trajectory>
	</encoding>
</ismrmrdHeader>

2026-09-22 17:13:18,330 - Data is from a JEMRIS v2.8.4 at 0.0T
2026-09-22 17:13:18,332 - Starting bart_jemris processing based on config
2026-09-22 17:13:18,332 - Config: 
bart_jemris
2026-09-22 17:13:18,333 - Reconstruction of simulated data.
2026-09-22 17:13:18,333 - Incoming dataset contains 1 encodings
2026-09-22 17:13:18,333 - Trajectory type 'other', matrix size (220 x 220 x 1), field of view (220.0 x 220.0 x 1.0)mm^3
2026-09-22 17:13:18,333 - <-- Received MRD_MESSAGE_ISMRMRD_ACQUISITION (1008) (total: 1)
2026-09-22 17:13:18,427 - Processing a group of k-space data
2026-09-22 17:13:18,438 - Trajectory shape = (3, 4940, 15) , Signal Shape = (1, 4940, 15, 1) 
2026-09-22 17:13:18,438 - Do BART reconstruction.
2026-09-22 17:13:18,640 - Image data is size (1, 4940, 15, 1)
2026-09-22 17:13:18,642 - Sending images to client:
[Image(head=ImageHeader(version: 1, data_type: 5, flags: 0, measurement_uid: 0, matrix_size: (220, 220, 1), field_of_view: (0.0, 0.0, 0.0), channels: 1, position: (0.0, 0.0, 0.0), read_dir: (0.0, 0.0, 0.0), phase_dir: (0.0, 0.0, 0.0), slice_dir: (0.0, 0.0, 0.0), patient_table_position: (0.0, 0.0, 0.0), average: 0, slice: 0, contrast: 0, phase: 0, repetition: 0, set: 0, acquisition_time_stamp: 0, physiology_time_stamp: (0, 0, 0), image_type: 0, image_index: 0, image_series_index: 1, user_int: (0, 0, 0, 0, 0, 0, 0, 0), user_float: (0.0, 0.0, 0.0, 0.0, 0.0, 0.0, 0.0, 0.0), attribute_string_len: 0, ),meta={},data=array([[[[1.59900719e-05, 3.36729863e-05, 6.76595009e-05, ...,
          5.50782934e-05, 8.43940797e-05, 1.77045440e-04],
         [6.41149063e-06, 2.11063125e-05, 4.22133198e-05, ...,
          1.69848165e-04, 1.32758258e-04, 6.51579612e-05],
         [1.25684437e-05, 4.04866078e-05, 2.71103745e-05, ...,
          4.90947423e-05, 1.65473044e-04, 1.26882951e-04],
         ...,
         [7.10061868e-05, 8.07521974e-06, 8.60405999e-05, ...,
          1.22751502e-04, 6.19684870e-05, 5.20136055e-05],
         [6.93850161e-05, 3.34083452e-05, 1.09869965e-04, ...,
          7.82865536e-05, 3.04404657e-05, 1.00924983e-04],
         [1.09645960e-04, 2.90429216e-05, 2.12268078e-05, ...,
          1.12569563e-04, 1.33560839e-04, 3.33610042e-05]]]],
      shape=(1, 1, 220, 220), dtype=float32)), Image(head=ImageHeader(version: 1, data_type: 5, flags: 0, measurement_uid: 0, matrix_size: (220, 220, 1), field_of_view: (0.0, 0.0, 0.0), channels: 1, position: (0.0, 0.0, 0.0), read_dir: (0.0, 0.0, 0.0), phase_dir: (0.0, 0.0, 0.0), slice_dir: (0.0, 0.0, 0.0), patient_table_position: (0.0, 0.0, 0.0), average: 0, slice: 0, contrast: 0, phase: 0, repetition: 0, set: 0, acquisition_time_stamp: 0, physiology_time_stamp: (0, 0, 0), image_type: 0, image_index: 0, image_series_index: 2, user_int: (0, 0, 0, 0, 0, 0, 0, 0), user_float: (0.0, 0.0, 0.0, 0.0, 0.0, 0.0, 0.0, 0.0), attribute_string_len: 0, ),meta={},data=array([[[[-0.09981292,  0.75600904,  1.0227747 , ..., -0.19987191,
           3.0543203 ,  3.0823543 ],
         [-1.7448258 ,  0.778516  ,  2.0811977 , ..., -0.04239035,
          -0.05300224,  2.9346886 ],
         [-1.1981969 ,  0.3893727 ,  0.95957565, ..., -0.47976884,
          -0.06180575,  0.01497967],
         ...,
         [-2.2504547 , -2.1179106 , -2.8762302 , ...,  3.1344686 ,
           2.0946531 , -2.342175  ],
         [-2.8747716 ,  0.16718976,  3.1163278 , ..., -2.9108593 ,
           3.10155   , -2.6384578 ],
         [-2.6964405 , -2.1737952 , -0.2664834 , ...,  2.6578934 ,
           2.6457987 ,  0.06606267]]]],
      shape=(1, 1, 220, 220), dtype=float32)), Image(head=ImageHeader(version: 1, data_type: 5, flags: 0, measurement_uid: 0, matrix_size: (1, 220, 220), field_of_view: (0.0, 0.0, 0.0), channels: 1, position: (0.0, 0.0, 0.0), read_dir: (0.0, 0.0, 0.0), phase_dir: (0.0, 0.0, 0.0), slice_dir: (0.0, 0.0, 0.0), patient_table_position: (0.0, 0.0, 0.0), average: 0, slice: 0, contrast: 0, phase: 0, repetition: 0, set: 0, acquisition_time_stamp: 0, physiology_time_stamp: (0, 0, 0), image_type: 0, image_index: 0, image_series_index: 4, user_int: (0, 0, 0, 0, 0, 0, 0, 0), user_float: (0.0, 0.0, 0.0, 0.0, 0.0, 0.0, 0.0, 0.0), attribute_string_len: 0, ),meta={},data=array([[[[-0.09981292],
         [ 0.75600904],
         [ 1.0227747 ],
         ...,
         [-0.19987191],
         [ 3.0543203 ],
         [ 3.0823543 ]],

        [[-1.7448258 ],
         [ 0.778516  ],
         [ 2.0811977 ],
         ...,
         [-0.04239035],
         [-0.05300224],
         [ 2.9346886 ]],

        [[-1.1981969 ],
         [ 0.3893727 ],
         [ 0.95957565],
         ...,
         [-0.47976884],
         [-0.06180575],
         [ 0.01497967]],

        ...,

        [[-2.2504547 ],
         [-2.1179106 ],
         [-2.8762302 ],
         ...,
         [ 3.1344686 ],
         [ 2.0946531 ],
         [-2.342175  ]],

        [[-2.8747716 ],
         [ 0.16718976],
         [ 3.1163278 ],
         ...,
         [-2.9108593 ],
         [ 3.10155   ],
         [-2.6384578 ]],

        [[-2.6964405 ],
         [-2.1737952 ],
         [-0.2664834 ],
         ...,
         [ 2.6578934 ],
         [ 2.6457987 ],
         [ 0.06606267]]]], shape=(1, 220, 220, 1), dtype=float32)), Image(head=ImageHeader(version: 1, data_type: 5, flags: 0, measurement_uid: 0, matrix_size: (1, 220, 220), field_of_view: (0.0, 0.0, 0.0), channels: 1, position: (0.0, 0.0, 0.0), read_dir: (0.0, 0.0, 0.0), phase_dir: (0.0, 0.0, 0.0), slice_dir: (0.0, 0.0, 0.0), patient_table_position: (0.0, 0.0, 0.0), average: 0, slice: 0, contrast: 0, phase: 0, repetition: 0, set: 0, acquisition_time_stamp: 0, physiology_time_stamp: (0, 0, 0), image_type: 0, image_index: 0, image_series_index: 3, user_int: (0, 0, 0, 0, 0, 0, 0, 0), user_float: (0.0, 0.0, 0.0, 0.0, 0.0, 0.0, 0.0, 0.0), attribute_string_len: 0, ),meta={},data=array([[[[1.59900719e-05],
         [3.36729863e-05],
         [6.76595009e-05],
         ...,
         [5.50782934e-05],
         [8.43940797e-05],
         [1.77045440e-04]],

        [[6.41149063e-06],
         [2.11063125e-05],
         [4.22133198e-05],
         ...,
         [1.69848165e-04],
         [1.32758258e-04],
         [6.51579612e-05]],

        [[1.25684437e-05],
         [4.04866078e-05],
         [2.71103745e-05],
         ...,
         [4.90947423e-05],
         [1.65473044e-04],
         [1.26882951e-04]],

        ...,

        [[7.10061868e-05],
         [8.07521974e-06],
         [8.60405999e-05],
         ...,
         [1.22751502e-04],
         [6.19684870e-05],
         [5.20136055e-05]],

        [[6.93850161e-05],
         [3.34083452e-05],
         [1.09869965e-04],
         ...,
         [7.82865536e-05],
         [3.04404657e-05],
         [1.00924983e-04]],

        [[1.09645960e-04],
         [2.90429216e-05],
         [2.12268078e-05],
         ...,
         [1.12569563e-04],
         [1.33560839e-04],
         [3.33610042e-05]]]], shape=(1, 220, 220, 1), dtype=float32))]
2026-09-22 17:13:18,644 - --> Sending MRD_MESSAGE_ISMRMRD_IMAGE (1022) (4 images)
2026-09-22 17:13:18,645 - <-- Received MRD_MESSAGE_CLOSE (4)
2026-09-22 17:13:18,645 -     Total received acquisitions:    16
2026-09-22 17:13:18,645 -     Total received images:           0
2026-09-22 17:13:18,645 -     Total received waveforms:        0
2026-09-22 17:13:18,645 - ------------------------------------------
2026-09-22 17:13:18,645 - --> Sending MRD_MESSAGE_CLOSE (4)
2026-09-22 17:13:18,646 - Socket closed
2026-09-22 17:14:00,811 - Starting server and listening for data at 0.0.0.0:9002
2026-09-22 17:14:00,811 - Serving... 
2026-09-22 17:14:11,461 - Accepting connection from: 172.17.0.1:41464
2026-09-22 17:14:11,471 -     bart_jemris
2026-09-22 17:14:11,480 - Data is from a JEMRIS v2.8.4 at 0.0T
2026-09-22 17:14:11,506 - Starting bart_jemris processing based on config
2026-09-22 17:14:11,506 - Config: 
bart_jemris
2026-09-22 17:14:11,506 - Reconstruction of simulated data.
2026-09-22 17:14:11,506 - Incoming dataset contains 1 encodings
2026-09-22 17:14:11,506 - Trajectory type 'other', matrix size (220 x 220 x 1), field of view (220.0 x 220.0 x 1.0)mm^3
2026-09-22 17:14:11,506 - <-- Received MRD_MESSAGE_ISMRMRD_ACQUISITION (1008) (total: 1)
2026-09-22 17:14:11,600 - Processing a group of k-space data
2026-09-22 17:14:11,611 - Trajectory shape = (3, 4940, 15) , Signal Shape = (1, 4940, 15, 1) 
2026-09-22 17:14:11,611 - Do BART reconstruction.
2026-09-22 17:14:11,937 - Image data is size (1, 4940, 15, 1)
2026-09-22 17:14:11,940 - Sending images to client:
[Image(head=ImageHeader(version: 1, data_type: 5, flags: 0, measurement_uid: 0, matrix_size: (220, 220, 1), field_of_view: (0.0, 0.0, 0.0), channels: 1, position: (0.0, 0.0, 0.0), read_dir: (0.0, 0.0, 0.0), phase_dir: (0.0, 0.0, 0.0), slice_dir: (0.0, 0.0, 0.0), patient_table_position: (0.0, 0.0, 0.0), average: 0, slice: 0, contrast: 0, phase: 0, repetition: 0, set: 0, acquisition_time_stamp: 0, physiology_time_stamp: (0, 0, 0), image_type: 0, image_index: 0, image_series_index: 1, user_int: (0, 0, 0, 0, 0, 0, 0, 0), user_float: (0.0, 0.0, 0.0, 0.0, 0.0, 0.0, 0.0, 0.0), attribute_string_len: 0, ),meta={},data=array([[[[1.63103923e-05, 8.46497642e-06, 1.46274651e-05, ...,
          7.30363536e-05, 6.99957818e-05, 1.09746281e-04],
         [3.17987688e-05, 1.98677772e-05, 3.96816686e-05, ...,
          1.00509778e-05, 3.31996707e-05, 3.04892710e-05],
         [6.53762763e-05, 4.04321181e-05, 2.56519816e-05, ...,
          8.62717570e-05, 1.09693465e-04, 2.29471570e-05],
         ...,
         [5.44316754e-05, 1.69550840e-04, 4.96788052e-05, ...,
          1.22722529e-04, 7.89220721e-05, 1.11215457e-04],
         [8.52614321e-05, 1.32499787e-04, 1.64962083e-04, ...,
          6.01774263e-05, 3.04718633e-05, 1.32050467e-04],
         [1.77831404e-04, 6.48333080e-05, 1.26167273e-04, ...,
          5.36447624e-05, 1.02146201e-04, 3.33363932e-05]]]],
      dtype=float32)), Image(head=ImageHeader(version: 1, data_type: 5, flags: 0, measurement_uid: 0, matrix_size: (220, 220, 1), field_of_view: (0.0, 0.0, 0.0), channels: 1, position: (0.0, 0.0, 0.0), read_dir: (0.0, 0.0, 0.0), phase_dir: (0.0, 0.0, 0.0), slice_dir: (0.0, 0.0, 0.0), patient_table_position: (0.0, 0.0, 0.0), average: 0, slice: 0, contrast: 0, phase: 0, repetition: 0, set: 0, acquisition_time_stamp: 0, physiology_time_stamp: (0, 0, 0), image_type: 0, image_index: 0, image_series_index: 2, user_int: (0, 0, 0, 0, 0, 0, 0, 0), user_float: (0.0, 0.0, 0.0, 0.0, 0.0, 0.0, 0.0, 0.0), attribute_string_len: 0, ),meta={},data=array([[[[-0.24045683, -1.6626334 , -1.2416518 , ..., -2.2212818 ,
          -2.8379643 , -2.6719794 ],
         [ 0.7065046 ,  0.70704526,  0.34685898, ..., -1.9671159 ,
           0.10109482, -2.1013615 ],
         [ 1.0048257 ,  2.1000147 ,  0.91956854, ..., -2.850595  ,
           3.1358113 , -0.35540348],
         ...,
         [-0.24783127, -0.05543972, -0.5235794 , ..., -3.1339    ,
          -2.887982  ,  2.6778724 ],
         [ 3.083692  , -0.06988219, -0.07658865, ...,  2.1091647 ,
          -3.118541  ,  2.6610792 ],
         [ 3.0964644 ,  2.975746  , -0.00859209, ..., -2.315402  ,
          -2.6221416 , -0.00332774]]]], dtype=float32)), Image(head=ImageHeader(version: 1, data_type: 5, flags: 0, measurement_uid: 0, matrix_size: (220, 220, 1), field_of_view: (0.0, 0.0, 0.0), channels: 1, position: (0.0, 0.0, 0.0), read_dir: (0.0, 0.0, 0.0), phase_dir: (0.0, 0.0, 0.0), slice_dir: (0.0, 0.0, 0.0), patient_table_position: (0.0, 0.0, 0.0), average: 0, slice: 0, contrast: 0, phase: 0, repetition: 0, set: 0, acquisition_time_stamp: 0, physiology_time_stamp: (0, 0, 0), image_type: 0, image_index: 0, image_series_index: 4, user_int: (0, 0, 0, 0, 0, 0, 0, 0), user_float: (0.0, 0.0, 0.0, 0.0, 0.0, 0.0, 0.0, 0.0), attribute_string_len: 0, ),meta={},data=array([[[[-0.24045683, -1.6626334 , -1.2416518 , ..., -2.2212818 ,
          -2.8379643 , -2.6719794 ],
         [ 0.7065046 ,  0.70704526,  0.34685898, ..., -1.9671159 ,
           0.10109482, -2.1013615 ],
         [ 1.0048257 ,  2.1000147 ,  0.91956854, ..., -2.850595  ,
           3.1358113 , -0.35540348],
         ...,
         [-0.24783127, -0.05543972, -0.5235794 , ..., -3.1339    ,
          -2.887982  ,  2.6778724 ],
         [ 3.083692  , -0.06988219, -0.07658865, ...,  2.1091647 ,
          -3.118541  ,  2.6610792 ],
         [ 3.0964644 ,  2.975746  , -0.00859209, ..., -2.315402  ,
          -2.6221416 , -0.00332774]]]], dtype=float32)), Image(head=ImageHeader(version: 1, data_type: 5, flags: 0, measurement_uid: 0, matrix_size: (220, 220, 1), field_of_view: (0.0, 0.0, 0.0), channels: 1, position: (0.0, 0.0, 0.0), read_dir: (0.0, 0.0, 0.0), phase_dir: (0.0, 0.0, 0.0), slice_dir: (0.0, 0.0, 0.0), patient_table_position: (0.0, 0.0, 0.0), average: 0, slice: 0, contrast: 0, phase: 0, repetition: 0, set: 0, acquisition_time_stamp: 0, physiology_time_stamp: (0, 0, 0), image_type: 0, image_index: 0, image_series_index: 3, user_int: (0, 0, 0, 0, 0, 0, 0, 0), user_float: (0.0, 0.0, 0.0, 0.0, 0.0, 0.0, 0.0, 0.0), attribute_string_len: 0, ),meta={},data=array([[[[1.63103923e-05, 8.46497642e-06, 1.46274651e-05, ...,
          7.30363536e-05, 6.99957818e-05, 1.09746281e-04],
         [3.17987688e-05, 1.98677772e-05, 3.96816686e-05, ...,
          1.00509778e-05, 3.31996707e-05, 3.04892710e-05],
         [6.53762763e-05, 4.04321181e-05, 2.56519816e-05, ...,
          8.62717570e-05, 1.09693465e-04, 2.29471570e-05],
         ...,
         [5.44316754e-05, 1.69550840e-04, 4.96788052e-05, ...,
          1.22722529e-04, 7.89220721e-05, 1.11215457e-04],
         [8.52614321e-05, 1.32499787e-04, 1.64962083e-04, ...,
          6.01774263e-05, 3.04718633e-05, 1.32050467e-04],
         [1.77831404e-04, 6.48333080e-05, 1.26167273e-04, ...,
          5.36447624e-05, 1.02146201e-04, 3.33363932e-05]]]],
      dtype=float32))]
2026-09-22 17:14:11,943 - --> Sending MRD_MESSAGE_ISMRMRD_IMAGE (1022) (4 images)
2026-09-22 17:14:11,943 - --> Sending MRD_MESSAGE_CLOSE (4)
2026-09-22 17:14:11,943 - Socket closed
2026-09-22 17:18:52,789 - Starting server and listening for data at 0.0.0.0:9002
2026-09-22 17:18:52,789 - Default config is invertcontrast
2026-09-22 17:18:52,790 - Serving... 
2026-09-22 17:18:57,429 - Accepting connection from: 172.17.0.1:40128
2026-09-22 17:18:57,433 -     bart_jemris
2026-09-22 17:18:57,437 - XML Metadata: <?xml version="1.0"?>
<ismrmrdHeader xmlns="http://www.ismrm.org/ISMRMRD" xmlns:xsi="http://www.w3.org/2001/XMLSchema-instance" xmlns:xs="http://www.w3.org/2001/XMLSchema" xsi:schemaLocation="http://www.ismrm.org/ISMRMRD ismrmrd.xsd">
	<acquisitionSystemInformation>
		<systemVendor>JEMRIS</systemVendor>
		<systemModel>v2.8.4</systemModel>
		<systemFieldStrength_T>0.000000</systemFieldStrength_T>
	</acquisitionSystemInformation>
	<experimentalConditions>
		<H1resonanceFrequency_Hz>140713325569856</H1resonanceFrequency_Hz>
	</experimentalConditions>
	<encoding>
		<encodedSpace>
			<matrixSize>
				<x>220</x>
				<y>220</y>
				<z>1</z>
			</matrixSize>
			<fieldOfView_mm>
				<x>220.000000</x>
				<y>220.000000</y>
				<z>1.000000</z>
			</fieldOfView_mm>
		</encodedSpace>
		<reconSpace>
			<matrixSize>
				<x>220</x>
				<y>220</y>
				<z>1</z>
			</matrixSize>
			<fieldOfView_mm>
				<x>220.000000</x>
				<y>220.000000</y>
				<z>1.000000</z>
			</fieldOfView_mm>
		</reconSpace>
		<encodingLimits>
			<kspace_encoding_step_1>
				<minimum>0</minimum>
				<maximum>78</maximum>
				<center>39</center>
			</kspace_encoding_step_1>
			<kspace_encoding_step_2>
				<minimum>0</minimum>
				<maximum>0</maximum>
				<center>0</center>
			</kspace_encoding_step_2>
			<average>
				<minimum>0</minimum>
				<maximum>0</maximum>
				<center>0</center>
			</average>
			<slice>
				<minimum>0</minimum>
				<maximum>0</maximum>
				<center>0</center>
			</slice>
			<contrast>
				<minimum>0</minimum>
				<maximum>0</maximum>
				<center>0</center>
			</contrast>
			<set>
				<minimum>0</minimum>
				<maximum>0</maximum>
				<center>0</center>
			</set>
			<segment>
				<minimum>0</minimum>
				<maximum>0</maximum>
				<center>0</center>
			</segment>
		</encodingLimits>
		<trajectory>other</trajectory>
	</encoding>
</ismrmrdHeader>

2026-09-22 17:18:57,442 - Data is from a JEMRIS v2.8.4 at 0.0T
2026-09-22 17:18:57,455 - Starting bart_jemris processing based on config
2026-09-22 17:18:57,455 - Config: 
bart_jemris
2026-09-22 17:18:57,456 - Reconstruction of simulated data.
2026-09-22 17:18:57,456 - Incoming dataset contains 1 encodings
2026-09-22 17:18:57,456 - Trajectory type 'other', matrix size (220 x 220 x 1), field of view (220.0 x 220.0 x 1.0)mm^3
2026-09-22 17:18:57,457 - <-- Received MRD_MESSAGE_ISMRMRD_ACQUISITION (1008) (total: 1)
2026-09-22 17:18:57,561 - Processing a group of k-space data
2026-09-22 17:18:57,572 - Trajectory shape = (3, 4940, 15) , Signal Shape = (1, 4940, 15, 1) 
2026-09-22 17:18:57,572 - Do BART reconstruction.
2026-09-22 17:18:57,958 - Image data is size (1, 4940, 15, 1)
2026-09-22 17:18:57,959 - [(220, 220, 1), (220, 220, 1), (220, 220, 1, 1), (220, 220, 1, 1)]
2026-09-22 17:18:57,960 - Sending images to client:
[Image(head=ImageHeader(version: 1, data_type: 5, flags: 0, measurement_uid: 0, matrix_size: (220, 220, 1), field_of_view: (0.0, 0.0, 0.0), channels: 1, position: (0.0, 0.0, 0.0), read_dir: (0.0, 0.0, 0.0), phase_dir: (0.0, 0.0, 0.0), slice_dir: (0.0, 0.0, 0.0), patient_table_position: (0.0, 0.0, 0.0), average: 0, slice: 0, contrast: 0, phase: 0, repetition: 0, set: 0, acquisition_time_stamp: 0, physiology_time_stamp: (0, 0, 0), image_type: 0, image_index: 0, image_series_index: 1, user_int: (0, 0, 0, 0, 0, 0, 0, 0), user_float: (0.0, 0.0, 0.0, 0.0, 0.0, 0.0, 0.0, 0.0), attribute_string_len: 0, ),meta={},data=array([[[[1.59853007e-05, 3.36683988e-05, 6.76602504e-05, ...,
          5.50595287e-05, 8.44116366e-05, 1.77049631e-04],
         [6.41787892e-06, 2.11048555e-05, 4.22025223e-05, ...,
          1.69834180e-04, 1.32744040e-04, 6.51691080e-05],
         [1.25823572e-05, 4.04847233e-05, 2.71118515e-05, ...,
          4.90848543e-05, 1.65450561e-04, 1.26865300e-04],
         ...,
         [7.10304957e-05, 8.10089205e-06, 8.60553337e-05, ...,
          1.22751735e-04, 6.19410348e-05, 5.20096764e-05],
         [6.93938418e-05, 3.33965509e-05, 1.09881752e-04, ...,
          7.82930219e-05, 3.04508230e-05, 1.00939258e-04],
         [1.09646848e-04, 2.90479657e-05, 2.12292562e-05, ...,
          1.12547925e-04, 1.33529451e-04, 3.33784483e-05]]]],
      shape=(1, 1, 220, 220), dtype=float32)), Image(head=ImageHeader(version: 1, data_type: 5, flags: 0, measurement_uid: 0, matrix_size: (220, 220, 1), field_of_view: (0.0, 0.0, 0.0), channels: 1, position: (0.0, 0.0, 0.0), read_dir: (0.0, 0.0, 0.0), phase_dir: (0.0, 0.0, 0.0), slice_dir: (0.0, 0.0, 0.0), patient_table_position: (0.0, 0.0, 0.0), average: 0, slice: 0, contrast: 0, phase: 0, repetition: 0, set: 0, acquisition_time_stamp: 0, physiology_time_stamp: (0, 0, 0), image_type: 0, image_index: 0, image_series_index: 2, user_int: (0, 0, 0, 0, 0, 0, 0, 0), user_float: (0.0, 0.0, 0.0, 0.0, 0.0, 0.0, 0.0, 0.0), attribute_string_len: 0, ),meta={},data=array([[[[-0.10080737,  0.75566596,  1.0226667 , ..., -0.19991118,
           3.0546446 ,  3.0823474 ],
         [-1.7425312 ,  0.7778953 ,  2.08116   , ..., -0.04252768,
          -0.05303679,  2.9352376 ],
         [-1.1974268 ,  0.38878495,  0.9590534 , ..., -0.48000377,
          -0.06200195,  0.01480287],
         ...,
         [-2.2501674 , -2.117014  , -2.8760033 , ...,  3.1347072 ,
           2.0947645 , -2.3423038 ],
         [-2.8748946 ,  0.16703771,  3.1165729 , ..., -2.9112334 ,
           3.101169  , -2.6384897 ],
         [-2.6961443 , -2.1735716 , -0.26701325, ...,  2.6579635 ,
           2.646014  ,  0.06520589]]]],
      shape=(1, 1, 220, 220), dtype=float32)), Image(head=ImageHeader(version: 1, data_type: 5, flags: 0, measurement_uid: 0, matrix_size: (1, 220, 220), field_of_view: (0.0, 0.0, 0.0), channels: 1, position: (0.0, 0.0, 0.0), read_dir: (0.0, 0.0, 0.0), phase_dir: (0.0, 0.0, 0.0), slice_dir: (0.0, 0.0, 0.0), patient_table_position: (0.0, 0.0, 0.0), average: 0, slice: 0, contrast: 0, phase: 0, repetition: 0, set: 0, acquisition_time_stamp: 0, physiology_time_stamp: (0, 0, 0), image_type: 0, image_index: 0, image_series_index: 4, user_int: (0, 0, 0, 0, 0, 0, 0, 0), user_float: (0.0, 0.0, 0.0, 0.0, 0.0, 0.0, 0.0, 0.0), attribute_string_len: 0, ),meta={},data=array([[[[-0.10080737],
         [ 0.75566596],
         [ 1.0226667 ],
         ...,
         [-0.19991118],
         [ 3.0546446 ],
         [ 3.0823474 ]],

        [[-1.7425312 ],
         [ 0.7778953 ],
         [ 2.08116   ],
         ...,
         [-0.04252768],
         [-0.05303679],
         [ 2.9352376 ]],

        [[-1.1974268 ],
         [ 0.38878495],
         [ 0.9590534 ],
         ...,
         [-0.48000377],
         [-0.06200195],
         [ 0.01480287]],

        ...,

        [[-2.2501674 ],
         [-2.117014  ],
         [-2.8760033 ],
         ...,
         [ 3.1347072 ],
         [ 2.0947645 ],
         [-2.3423038 ]],

        [[-2.8748946 ],
         [ 0.16703771],
         [ 3.1165729 ],
         ...,
         [-2.9112334 ],
         [ 3.101169  ],
         [-2.6384897 ]],

        [[-2.6961443 ],
         [-2.1735716 ],
         [-0.26701325],
         ...,
         [ 2.6579635 ],
         [ 2.646014  ],
         [ 0.06520589]]]], shape=(1, 220, 220, 1), dtype=float32)), Image(head=ImageHeader(version: 1, data_type: 5, flags: 0, measurement_uid: 0, matrix_size: (1, 220, 220), field_of_view: (0.0, 0.0, 0.0), channels: 1, position: (0.0, 0.0, 0.0), read_dir: (0.0, 0.0, 0.0), phase_dir: (0.0, 0.0, 0.0), slice_dir: (0.0, 0.0, 0.0), patient_table_position: (0.0, 0.0, 0.0), average: 0, slice: 0, contrast: 0, phase: 0, repetition: 0, set: 0, acquisition_time_stamp: 0, physiology_time_stamp: (0, 0, 0), image_type: 0, image_index: 0, image_series_index: 3, user_int: (0, 0, 0, 0, 0, 0, 0, 0), user_float: (0.0, 0.0, 0.0, 0.0, 0.0, 0.0, 0.0, 0.0), attribute_string_len: 0, ),meta={},data=array([[[[1.59853007e-05],
         [3.36683988e-05],
         [6.76602504e-05],
         ...,
         [5.50595287e-05],
         [8.44116366e-05],
         [1.77049631e-04]],

        [[6.41787892e-06],
         [2.11048555e-05],
         [4.22025223e-05],
         ...,
         [1.69834180e-04],
         [1.32744040e-04],
         [6.51691080e-05]],

        [[1.25823572e-05],
         [4.04847233e-05],
         [2.71118515e-05],
         ...,
         [4.90848543e-05],
         [1.65450561e-04],
         [1.26865300e-04]],

        ...,

        [[7.10304957e-05],
         [8.10089205e-06],
         [8.60553337e-05],
         ...,
         [1.22751735e-04],
         [6.19410348e-05],
         [5.20096764e-05]],

        [[6.93938418e-05],
         [3.33965509e-05],
         [1.09881752e-04],
         ...,
         [7.82930219e-05],
         [3.04508230e-05],
         [1.00939258e-04]],

        [[1.09646848e-04],
         [2.90479657e-05],
         [2.12292562e-05],
         ...,
         [1.12547925e-04],
         [1.33529451e-04],
         [3.33784483e-05]]]], shape=(1, 220, 220, 1), dtype=float32))]
2026-09-22 17:18:57,964 - --> Sending MRD_MESSAGE_ISMRMRD_IMAGE (1022) (4 images)
2026-09-22 17:18:57,965 - <-- Received MRD_MESSAGE_CLOSE (4)
2026-09-22 17:18:57,965 -     Total received acquisitions:    16
2026-09-22 17:18:57,965 -     Total received images:           0
2026-09-22 17:18:57,965 -     Total received waveforms:        0
2026-09-22 17:18:57,965 - ------------------------------------------
2026-09-22 17:18:57,965 - --> Sending MRD_MESSAGE_CLOSE (4)
2026-09-22 17:18:57,965 - Socket closed
2026-09-22 17:29:45,103 - Starting server and listening for data at 0.0.0.0:9002
2026-09-22 17:29:45,105 - Serving... 
2026-09-22 17:30:13,402 - Accepting connection from: 172.17.0.1:44216
2026-09-22 17:30:13,406 -     bart_jemris
2026-09-22 17:30:13,414 - Data is from a JEMRIS v2.8.4 at 0.0T
2026-09-22 17:30:13,441 - Starting bart_jemris processing based on config
2026-09-22 17:30:13,441 - Config: 
bart_jemris
2026-09-22 17:30:13,441 - Reconstruction of simulated data.
2026-09-22 17:30:13,441 - Incoming dataset contains 1 encodings
2026-09-22 17:30:13,442 - Trajectory type 'other', matrix size (220 x 220 x 1), field of view (220.0 x 220.0 x 1.0)mm^3
2026-09-22 17:30:13,442 - <-- Received MRD_MESSAGE_ISMRMRD_ACQUISITION (1008) (total: 1)
2026-09-22 17:30:13,514 - Processing a group of k-space data
2026-09-22 17:30:13,525 - Trajectory shape = (3, 4940, 15) , Signal Shape = (1, 4940, 15, 1) 
2026-09-22 17:30:13,525 - Do BART reconstruction.
2026-09-22 17:30:13,948 - Image data is size (1, 4940, 15, 1)
2026-09-22 17:30:13,949 - [(220, 220, 1), (220, 220, 1), (220, 220, 1, 1), (220, 220, 1, 1)]
2026-09-22 17:30:13,951 - Sending images to client:
[Image(head=ImageHeader(version: 1, data_type: 5, flags: 0, measurement_uid: 0, matrix_size: (220, 220, 1), field_of_view: (0.0, 0.0, 0.0), channels: 1, position: (0.0, 0.0, 0.0), read_dir: (0.0, 0.0, 0.0), phase_dir: (0.0, 0.0, 0.0), slice_dir: (0.0, 0.0, 0.0), patient_table_position: (0.0, 0.0, 0.0), average: 0, slice: 0, contrast: 0, phase: 0, repetition: 0, set: 0, acquisition_time_stamp: 0, physiology_time_stamp: (0, 0, 0), image_type: 0, image_index: 0, image_series_index: 1, user_int: (0, 0, 0, 0, 0, 0, 0, 0), user_float: (0.0, 0.0, 0.0, 0.0, 0.0, 0.0, 0.0, 0.0), attribute_string_len: 0, ),meta={},data=array([[[[1.59723932e-05, 3.36800040e-05, 6.76596101e-05, ...,
          5.50783989e-05, 8.43869493e-05, 1.77044334e-04],
         [6.40023427e-06, 2.11085226e-05, 4.22148805e-05, ...,
          1.69858700e-04, 1.32761823e-04, 6.51370574e-05],
         [1.25420775e-05, 4.04843959e-05, 2.71106874e-05, ...,
          4.90979910e-05, 1.65469741e-04, 1.26883344e-04],
         ...,
         [7.10298482e-05, 8.08827190e-06, 8.60587897e-05, ...,
          1.22738624e-04, 6.19402272e-05, 5.19786736e-05],
         [6.93776019e-05, 3.34107463e-05, 1.09880217e-04, ...,
          7.82945353e-05, 3.04338828e-05, 1.00929705e-04],
         [1.09662964e-04, 2.90371918e-05, 2.12395735e-05, ...,
          1.12560083e-04, 1.33557449e-04, 3.33637036e-05]]]],
      shape=(1, 1, 220, 220), dtype=float32)), Image(head=ImageHeader(version: 1, data_type: 5, flags: 0, measurement_uid: 0, matrix_size: (220, 220, 1), field_of_view: (0.0, 0.0, 0.0), channels: 1, position: (0.0, 0.0, 0.0), read_dir: (0.0, 0.0, 0.0), phase_dir: (0.0, 0.0, 0.0), slice_dir: (0.0, 0.0, 0.0), patient_table_position: (0.0, 0.0, 0.0), average: 0, slice: 0, contrast: 0, phase: 0, repetition: 0, set: 0, acquisition_time_stamp: 0, physiology_time_stamp: (0, 0, 0), image_type: 0, image_index: 0, image_series_index: 2, user_int: (0, 0, 0, 0, 0, 0, 0, 0), user_float: (0.0, 0.0, 0.0, 0.0, 0.0, 0.0, 0.0, 0.0), attribute_string_len: 0, ),meta={},data=array([[[[-0.09858663,  0.7564875 ,  1.0230193 , ..., -0.19981444,
           3.0543478 ,  3.0823607 ],
         [-1.7438054 ,  0.7785042 ,  2.0808134 , ..., -0.04244282,
          -0.05303228,  2.9349356 ],
         [-1.1974355 ,  0.38937244,  0.95983905, ..., -0.480275  ,
          -0.06182079,  0.01485127],
         ...,
         [-2.250293  , -2.1168714 , -2.8760216 , ...,  3.1342053 ,
           2.094614  , -2.3426824 ],
         [-2.8751233 ,  0.16709973,  3.116279  , ..., -2.9109297 ,
           3.1007295 , -2.638415  ],
         [-2.6961749 , -2.1737454 , -0.26673138, ...,  2.6578696 ,
           2.6457808 ,  0.06622471]]]],
      shape=(1, 1, 220, 220), dtype=float32)), Image(head=ImageHeader(version: 1, data_type: 5, flags: 0, measurement_uid: 0, matrix_size: (1, 220, 220), field_of_view: (0.0, 0.0, 0.0), channels: 1, position: (0.0, 0.0, 0.0), read_dir: (0.0, 0.0, 0.0), phase_dir: (0.0, 0.0, 0.0), slice_dir: (0.0, 0.0, 0.0), patient_table_position: (0.0, 0.0, 0.0), average: 0, slice: 0, contrast: 0, phase: 0, repetition: 0, set: 0, acquisition_time_stamp: 0, physiology_time_stamp: (0, 0, 0), image_type: 0, image_index: 0, image_series_index: 4, user_int: (0, 0, 0, 0, 0, 0, 0, 0), user_float: (0.0, 0.0, 0.0, 0.0, 0.0, 0.0, 0.0, 0.0), attribute_string_len: 0, ),meta={},data=array([[[[-0.09858663],
         [ 0.7564875 ],
         [ 1.0230193 ],
         ...,
         [-0.19981444],
         [ 3.0543478 ],
         [ 3.0823607 ]],

        [[-1.7438054 ],
         [ 0.7785042 ],
         [ 2.0808134 ],
         ...,
         [-0.04244282],
         [-0.05303228],
         [ 2.9349356 ]],

        [[-1.1974355 ],
         [ 0.38937244],
         [ 0.95983905],
         ...,
         [-0.480275  ],
         [-0.06182079],
         [ 0.01485127]],

        ...,

        [[-2.250293  ],
         [-2.1168714 ],
         [-2.8760216 ],
         ...,
         [ 3.1342053 ],
         [ 2.094614  ],
         [-2.3426824 ]],

        [[-2.8751233 ],
         [ 0.16709973],
         [ 3.116279  ],
         ...,
         [-2.9109297 ],
         [ 3.1007295 ],
         [-2.638415  ]],

        [[-2.6961749 ],
         [-2.1737454 ],
         [-0.26673138],
         ...,
         [ 2.6578696 ],
         [ 2.6457808 ],
         [ 0.06622471]]]], shape=(1, 220, 220, 1), dtype=float32)), Image(head=ImageHeader(version: 1, data_type: 5, flags: 0, measurement_uid: 0, matrix_size: (1, 220, 220), field_of_view: (0.0, 0.0, 0.0), channels: 1, position: (0.0, 0.0, 0.0), read_dir: (0.0, 0.0, 0.0), phase_dir: (0.0, 0.0, 0.0), slice_dir: (0.0, 0.0, 0.0), patient_table_position: (0.0, 0.0, 0.0), average: 0, slice: 0, contrast: 0, phase: 0, repetition: 0, set: 0, acquisition_time_stamp: 0, physiology_time_stamp: (0, 0, 0), image_type: 0, image_index: 0, image_series_index: 3, user_int: (0, 0, 0, 0, 0, 0, 0, 0), user_float: (0.0, 0.0, 0.0, 0.0, 0.0, 0.0, 0.0, 0.0), attribute_string_len: 0, ),meta={},data=array([[[[1.59723932e-05],
         [3.36800040e-05],
         [6.76596101e-05],
         ...,
         [5.50783989e-05],
         [8.43869493e-05],
         [1.77044334e-04]],

        [[6.40023427e-06],
         [2.11085226e-05],
         [4.22148805e-05],
         ...,
         [1.69858700e-04],
         [1.32761823e-04],
         [6.51370574e-05]],

        [[1.25420775e-05],
         [4.04843959e-05],
         [2.71106874e-05],
         ...,
         [4.90979910e-05],
         [1.65469741e-04],
         [1.26883344e-04]],

        ...,

        [[7.10298482e-05],
         [8.08827190e-06],
         [8.60587897e-05],
         ...,
         [1.22738624e-04],
         [6.19402272e-05],
         [5.19786736e-05]],

        [[6.93776019e-05],
         [3.34107463e-05],
         [1.09880217e-04],
         ...,
         [7.82945353e-05],
         [3.04338828e-05],
         [1.00929705e-04]],

        [[1.09662964e-04],
         [2.90371918e-05],
         [2.12395735e-05],
         ...,
         [1.12560083e-04],
         [1.33557449e-04],
         [3.33637036e-05]]]], shape=(1, 220, 220, 1), dtype=float32))]
2026-09-22 17:30:13,956 - --> Sending MRD_MESSAGE_ISMRMRD_IMAGE (1022) (4 images)
2026-09-22 17:30:13,956 - --> Sending MRD_MESSAGE_CLOSE (4)
2026-09-22 17:30:13,957 - Socket closed
2026-09-22 17:30:57,388 - Accepting connection from: 172.17.0.1:34966
2026-09-22 17:30:57,394 -     bart_jemris
2026-09-22 17:30:57,403 - Data is from a JEMRIS v2.8.4 at 0.0T
2026-09-22 17:30:57,403 - Starting bart_jemris processing based on config
2026-09-22 17:30:57,404 - Config: 
bart_jemris
2026-09-22 17:30:57,404 - Reconstruction of simulated data.
2026-09-22 17:30:57,404 - Incoming dataset contains 1 encodings
2026-09-22 17:30:57,404 - Trajectory type 'other', matrix size (220 x 220 x 1), field of view (220.0 x 220.0 x 1.0)mm^3
2026-09-22 17:30:57,409 - <-- Received MRD_MESSAGE_ISMRMRD_ACQUISITION (1008) (total: 1)
2026-09-22 17:30:57,514 - Processing a group of k-space data
2026-09-22 17:30:57,523 - Trajectory shape = (3, 4940, 15) , Signal Shape = (1, 4940, 15, 1) 
2026-09-22 17:30:57,523 - Do BART reconstruction.
2026-09-22 17:30:57,871 - Image data is size (1, 4940, 15, 1)
2026-09-22 17:30:57,872 - [(220, 220, 1), (220, 220, 1), (220, 220, 1, 1), (220, 220, 1, 1)]
2026-09-22 17:30:57,873 - Sending images to client:
[Image(head=ImageHeader(version: 1, data_type: 5, flags: 0, measurement_uid: 0, matrix_size: (220, 220, 1), field_of_view: (0.0, 0.0, 0.0), channels: 1, position: (0.0, 0.0, 0.0), read_dir: (0.0, 0.0, 0.0), phase_dir: (0.0, 0.0, 0.0), slice_dir: (0.0, 0.0, 0.0), patient_table_position: (0.0, 0.0, 0.0), average: 0, slice: 0, contrast: 0, phase: 0, repetition: 0, set: 0, acquisition_time_stamp: 0, physiology_time_stamp: (0, 0, 0), image_type: 0, image_index: 0, image_series_index: 1, user_int: (0, 0, 0, 0, 0, 0, 0, 0), user_float: (0.0, 0.0, 0.0, 0.0, 0.0, 0.0, 0.0, 0.0), attribute_string_len: 0, ),meta={},data=array([[[[1.59937408e-05, 3.36864650e-05, 6.76569180e-05, ...,
          5.50912955e-05, 8.43963935e-05, 1.77032998e-04],
         [6.39450536e-06, 2.11148963e-05, 4.22154189e-05, ...,
          1.69847728e-04, 1.32763147e-04, 6.51564042e-05],
         [1.25907709e-05, 4.04960956e-05, 2.71012741e-05, ...,
          4.90983221e-05, 1.65478996e-04, 1.26889558e-04],
         ...,
         [7.09997912e-05, 8.07560446e-06, 8.60271903e-05, ...,
          1.22756072e-04, 6.19591592e-05, 5.20031281e-05],
         [6.94028058e-05, 3.33957432e-05, 1.09881330e-04, ...,
          7.82990246e-05, 3.04482783e-05, 1.00947589e-04],
         [1.09654757e-04, 2.90324515e-05, 2.12263149e-05, ...,
          1.12584006e-04, 1.33581038e-04, 3.33591524e-05]]]],
      shape=(1, 1, 220, 220), dtype=float32)), Image(head=ImageHeader(version: 1, data_type: 5, flags: 0, measurement_uid: 0, matrix_size: (220, 220, 1), field_of_view: (0.0, 0.0, 0.0), channels: 1, position: (0.0, 0.0, 0.0), read_dir: (0.0, 0.0, 0.0), phase_dir: (0.0, 0.0, 0.0), slice_dir: (0.0, 0.0, 0.0), patient_table_position: (0.0, 0.0, 0.0), average: 0, slice: 0, contrast: 0, phase: 0, repetition: 0, set: 0, acquisition_time_stamp: 0, physiology_time_stamp: (0, 0, 0), image_type: 0, image_index: 0, image_series_index: 2, user_int: (0, 0, 0, 0, 0, 0, 0, 0), user_float: (0.0, 0.0, 0.0, 0.0, 0.0, 0.0, 0.0, 0.0), attribute_string_len: 0, ),meta={},data=array([[[[-0.10031682,  0.7563102 ,  1.0224637 , ..., -0.19961585,
           3.054219  ,  3.0823345 ],
         [-1.7434578 ,  0.7775978 ,  2.0809107 , ..., -0.04253036,
          -0.05301305,  2.935045  ],
         [-1.197302  ,  0.38936344,  0.95865595, ..., -0.4799805 ,
          -0.06189604,  0.01477077],
         ...,
         [-2.250393  , -2.116405  , -2.8760102 , ...,  3.1343648 ,
           2.0945017 , -2.3425674 ],
         [-2.874967  ,  0.16765061,  3.1165278 , ..., -2.9107835 ,
           3.1020794 , -2.6385167 ],
         [-2.6962955 , -2.1739326 , -0.2665766 , ...,  2.657899  ,
           2.645595  ,  0.06636157]]]],
      shape=(1, 1, 220, 220), dtype=float32)), Image(head=ImageHeader(version: 1, data_type: 5, flags: 0, measurement_uid: 0, matrix_size: (1, 220, 220), field_of_view: (0.0, 0.0, 0.0), channels: 1, position: (0.0, 0.0, 0.0), read_dir: (0.0, 0.0, 0.0), phase_dir: (0.0, 0.0, 0.0), slice_dir: (0.0, 0.0, 0.0), patient_table_position: (0.0, 0.0, 0.0), average: 0, slice: 0, contrast: 0, phase: 0, repetition: 0, set: 0, acquisition_time_stamp: 0, physiology_time_stamp: (0, 0, 0), image_type: 0, image_index: 0, image_series_index: 4, user_int: (0, 0, 0, 0, 0, 0, 0, 0), user_float: (0.0, 0.0, 0.0, 0.0, 0.0, 0.0, 0.0, 0.0), attribute_string_len: 0, ),meta={},data=array([[[[-0.10031682],
         [ 0.7563102 ],
         [ 1.0224637 ],
         ...,
         [-0.19961585],
         [ 3.054219  ],
         [ 3.0823345 ]],

        [[-1.7434578 ],
         [ 0.7775978 ],
         [ 2.0809107 ],
         ...,
         [-0.04253036],
         [-0.05301305],
         [ 2.935045  ]],

        [[-1.197302  ],
         [ 0.38936344],
         [ 0.95865595],
         ...,
         [-0.4799805 ],
         [-0.06189604],
         [ 0.01477077]],

        ...,

        [[-2.250393  ],
         [-2.116405  ],
         [-2.8760102 ],
         ...,
         [ 3.1343648 ],
         [ 2.0945017 ],
         [-2.3425674 ]],

        [[-2.874967  ],
         [ 0.16765061],
         [ 3.1165278 ],
         ...,
         [-2.9107835 ],
         [ 3.1020794 ],
         [-2.6385167 ]],

        [[-2.6962955 ],
         [-2.1739326 ],
         [-0.2665766 ],
         ...,
         [ 2.657899  ],
         [ 2.645595  ],
         [ 0.06636157]]]], shape=(1, 220, 220, 1), dtype=float32)), Image(head=ImageHeader(version: 1, data_type: 5, flags: 0, measurement_uid: 0, matrix_size: (1, 220, 220), field_of_view: (0.0, 0.0, 0.0), channels: 1, position: (0.0, 0.0, 0.0), read_dir: (0.0, 0.0, 0.0), phase_dir: (0.0, 0.0, 0.0), slice_dir: (0.0, 0.0, 0.0), patient_table_position: (0.0, 0.0, 0.0), average: 0, slice: 0, contrast: 0, phase: 0, repetition: 0, set: 0, acquisition_time_stamp: 0, physiology_time_stamp: (0, 0, 0), image_type: 0, image_index: 0, image_series_index: 3, user_int: (0, 0, 0, 0, 0, 0, 0, 0), user_float: (0.0, 0.0, 0.0, 0.0, 0.0, 0.0, 0.0, 0.0), attribute_string_len: 0, ),meta={},data=array([[[[1.59937408e-05],
         [3.36864650e-05],
         [6.76569180e-05],
         ...,
         [5.50912955e-05],
         [8.43963935e-05],
         [1.77032998e-04]],

        [[6.39450536e-06],
         [2.11148963e-05],
         [4.22154189e-05],
         ...,
         [1.69847728e-04],
         [1.32763147e-04],
         [6.51564042e-05]],

        [[1.25907709e-05],
         [4.04960956e-05],
         [2.71012741e-05],
         ...,
         [4.90983221e-05],
         [1.65478996e-04],
         [1.26889558e-04]],

        ...,

        [[7.09997912e-05],
         [8.07560446e-06],
         [8.60271903e-05],
         ...,
         [1.22756072e-04],
         [6.19591592e-05],
         [5.20031281e-05]],

        [[6.94028058e-05],
         [3.33957432e-05],
         [1.09881330e-04],
         ...,
         [7.82990246e-05],
         [3.04482783e-05],
         [1.00947589e-04]],

        [[1.09654757e-04],
         [2.90324515e-05],
         [2.12263149e-05],
         ...,
         [1.12584006e-04],
         [1.33581038e-04],
         [3.33591524e-05]]]], shape=(1, 220, 220, 1), dtype=float32))]
2026-09-22 17:30:57,877 - --> Sending MRD_MESSAGE_ISMRMRD_IMAGE (1022) (4 images)
2026-09-22 17:30:57,877 - --> Sending MRD_MESSAGE_CLOSE (4)
2026-09-22 17:30:57,878 - Socket closed
2026-09-22 17:31:32,686 - Starting server and listening for data at 0.0.0.0:9002
2026-09-22 17:31:32,686 - Serving... 
2026-09-22 17:31:36,107 - Accepting connection from: 172.17.0.1:39280
2026-09-22 17:31:36,111 -     bart_jemris
2026-09-22 17:31:36,119 - Data is from a JEMRIS v2.8.4 at 0.0T
2026-09-22 17:31:36,122 - Starting bart_jemris processing based on config
2026-09-22 17:31:36,122 - Config: 
bart_jemris
2026-09-22 17:31:36,122 - Reconstruction of simulated data.
2026-09-22 17:31:36,122 - Incoming dataset contains 1 encodings
2026-09-22 17:31:36,122 - Trajectory type 'other', matrix size (220 x 220 x 1), field of view (220.0 x 220.0 x 1.0)mm^3
2026-09-22 17:31:36,124 - <-- Received MRD_MESSAGE_ISMRMRD_ACQUISITION (1008) (total: 1)
2026-09-22 17:31:36,228 - Processing a group of k-space data
2026-09-22 17:31:36,238 - Trajectory shape = (3, 4940, 15) , Signal Shape = (1, 4940, 15, 1) 
2026-09-22 17:31:36,238 - Do BART reconstruction.
2026-09-22 17:31:36,505 - Image data is size (1, 4940, 15, 1)
2026-09-22 17:31:36,506 - [(220, 220, 1), (220, 220, 1), (220, 220, 1, 1), (220, 220, 1, 1)]
2026-09-22 17:31:36,507 - Sending images to client:
[Image(head=ImageHeader(version: 1, data_type: 5, flags: 0, measurement_uid: 0, matrix_size: (220, 220, 1), field_of_view: (0.0, 0.0, 0.0), channels: 1, position: (0.0, 0.0, 0.0), read_dir: (0.0, 0.0, 0.0), phase_dir: (0.0, 0.0, 0.0), slice_dir: (0.0, 0.0, 0.0), patient_table_position: (0.0, 0.0, 0.0), average: 0, slice: 0, contrast: 0, phase: 0, repetition: 0, set: 0, acquisition_time_stamp: 0, physiology_time_stamp: (0, 0, 0), image_type: 0, image_index: 0, image_series_index: 1, user_int: (0, 0, 0, 0, 0, 0, 0, 0), user_float: (0.0, 0.0, 0.0, 0.0, 0.0, 0.0, 0.0, 0.0), attribute_string_len: 0, ),meta={},data=array([[[[1.59807878e-05, 3.36618868e-05, 6.76478958e-05, ...,
          5.50542281e-05, 8.44114766e-05, 1.77053516e-04],
         [6.44059537e-06, 2.11077822e-05, 4.22005942e-05, ...,
          1.69849765e-04, 1.32748959e-04, 6.51677328e-05],
         [1.25793104e-05, 4.04725324e-05, 2.70842411e-05, ...,
          4.90764978e-05, 1.65471603e-04, 1.26865489e-04],
         ...,
         [7.10083550e-05, 8.06192111e-06, 8.60337459e-05, ...,
          1.22752637e-04, 6.19524217e-05, 5.20065878e-05],
         [6.93963520e-05, 3.34019787e-05, 1.09864894e-04, ...,
          7.82860880e-05, 3.04364876e-05, 1.00932019e-04],
         [1.09650508e-04, 2.90272746e-05, 2.12276591e-05, ...,
          1.12551126e-04, 1.33540147e-04, 3.33694879e-05]]]],
      shape=(1, 1, 220, 220), dtype=float32)), Image(head=ImageHeader(version: 1, data_type: 5, flags: 0, measurement_uid: 0, matrix_size: (220, 220, 1), field_of_view: (0.0, 0.0, 0.0), channels: 1, position: (0.0, 0.0, 0.0), read_dir: (0.0, 0.0, 0.0), phase_dir: (0.0, 0.0, 0.0), slice_dir: (0.0, 0.0, 0.0), patient_table_position: (0.0, 0.0, 0.0), average: 0, slice: 0, contrast: 0, phase: 0, repetition: 0, set: 0, acquisition_time_stamp: 0, physiology_time_stamp: (0, 0, 0), image_type: 0, image_index: 0, image_series_index: 2, user_int: (0, 0, 0, 0, 0, 0, 0, 0), user_float: (0.0, 0.0, 0.0, 0.0, 0.0, 0.0, 0.0, 0.0), attribute_string_len: 0, ),meta={},data=array([[[[-0.10061711,  0.7559152 ,  1.0225866 , ..., -0.19955432,
           3.0543928 ,  3.0823088 ],
         [-1.7424816 ,  0.7778097 ,  2.0813208 , ..., -0.04246875,
          -0.05292752,  2.934886  ],
         [-1.1988704 ,  0.38925797,  0.95928603, ..., -0.4801451 ,
          -0.06200185,  0.01479414],
         ...,
         [-2.2503257 , -2.1169991 , -2.875948  , ...,  3.1345463 ,
           2.0945735 , -2.34206   ],
         [-2.875215  ,  0.16730236,  3.116444  , ..., -2.9109435 ,
           3.1017494 , -2.6384337 ],
         [-2.6962385 , -2.1740408 , -0.26624468, ...,  2.6581936 ,
           2.6459763 ,  0.06551971]]]],
      shape=(1, 1, 220, 220), dtype=float32)), Image(head=ImageHeader(version: 1, data_type: 5, flags: 0, measurement_uid: 0, matrix_size: (1, 220, 220), field_of_view: (0.0, 0.0, 0.0), channels: 1, position: (0.0, 0.0, 0.0), read_dir: (0.0, 0.0, 0.0), phase_dir: (0.0, 0.0, 0.0), slice_dir: (0.0, 0.0, 0.0), patient_table_position: (0.0, 0.0, 0.0), average: 0, slice: 0, contrast: 0, phase: 0, repetition: 0, set: 0, acquisition_time_stamp: 0, physiology_time_stamp: (0, 0, 0), image_type: 0, image_index: 0, image_series_index: 4, user_int: (0, 0, 0, 0, 0, 0, 0, 0), user_float: (0.0, 0.0, 0.0, 0.0, 0.0, 0.0, 0.0, 0.0), attribute_string_len: 0, ),meta={},data=array([[[[-0.10061711],
         [ 0.7559152 ],
         [ 1.0225866 ],
         ...,
         [-0.19955432],
         [ 3.0543928 ],
         [ 3.0823088 ]],

        [[-1.7424816 ],
         [ 0.7778097 ],
         [ 2.0813208 ],
         ...,
         [-0.04246875],
         [-0.05292752],
         [ 2.934886  ]],

        [[-1.1988704 ],
         [ 0.38925797],
         [ 0.95928603],
         ...,
         [-0.4801451 ],
         [-0.06200185],
         [ 0.01479414]],

        ...,

        [[-2.2503257 ],
         [-2.1169991 ],
         [-2.875948  ],
         ...,
         [ 3.1345463 ],
         [ 2.0945735 ],
         [-2.34206   ]],

        [[-2.875215  ],
         [ 0.16730236],
         [ 3.116444  ],
         ...,
         [-2.9109435 ],
         [ 3.1017494 ],
         [-2.6384337 ]],

        [[-2.6962385 ],
         [-2.1740408 ],
         [-0.26624468],
         ...,
         [ 2.6581936 ],
         [ 2.6459763 ],
         [ 0.06551971]]]], shape=(1, 220, 220, 1), dtype=float32)), Image(head=ImageHeader(version: 1, data_type: 5, flags: 0, measurement_uid: 0, matrix_size: (1, 220, 220), field_of_view: (0.0, 0.0, 0.0), channels: 1, position: (0.0, 0.0, 0.0), read_dir: (0.0, 0.0, 0.0), phase_dir: (0.0, 0.0, 0.0), slice_dir: (0.0, 0.0, 0.0), patient_table_position: (0.0, 0.0, 0.0), average: 0, slice: 0, contrast: 0, phase: 0, repetition: 0, set: 0, acquisition_time_stamp: 0, physiology_time_stamp: (0, 0, 0), image_type: 0, image_index: 0, image_series_index: 3, user_int: (0, 0, 0, 0, 0, 0, 0, 0), user_float: (0.0, 0.0, 0.0, 0.0, 0.0, 0.0, 0.0, 0.0), attribute_string_len: 0, ),meta={},data=array([[[[1.59807878e-05],
         [3.36618868e-05],
         [6.76478958e-05],
         ...,
         [5.50542281e-05],
         [8.44114766e-05],
         [1.77053516e-04]],

        [[6.44059537e-06],
         [2.11077822e-05],
         [4.22005942e-05],
         ...,
         [1.69849765e-04],
         [1.32748959e-04],
         [6.51677328e-05]],

        [[1.25793104e-05],
         [4.04725324e-05],
         [2.70842411e-05],
         ...,
         [4.90764978e-05],
         [1.65471603e-04],
         [1.26865489e-04]],

        ...,

        [[7.10083550e-05],
         [8.06192111e-06],
         [8.60337459e-05],
         ...,
         [1.22752637e-04],
         [6.19524217e-05],
         [5.20065878e-05]],

        [[6.93963520e-05],
         [3.34019787e-05],
         [1.09864894e-04],
         ...,
         [7.82860880e-05],
         [3.04364876e-05],
         [1.00932019e-04]],

        [[1.09650508e-04],
         [2.90272746e-05],
         [2.12276591e-05],
         ...,
         [1.12551126e-04],
         [1.33540147e-04],
         [3.33694879e-05]]]], shape=(1, 220, 220, 1), dtype=float32))]
2026-09-22 17:31:36,510 - --> Sending MRD_MESSAGE_ISMRMRD_IMAGE (1022) (4 images)
2026-09-22 17:31:36,510 - --> Sending MRD_MESSAGE_CLOSE (4)
2026-09-22 17:31:36,510 - Socket closed
2026-09-22 17:46:02,670 - Starting server and listening for data at 0.0.0.0:9002
2026-09-22 17:46:02,671 - Serving... 
2026-09-22 17:46:12,224 - Accepting connection from: 172.17.0.1:50994
2026-09-22 17:46:12,229 -     bart_jemris
2026-09-22 17:46:12,237 - Data is from a JEMRIS v2.8.4 at 0.0T
2026-09-22 17:46:12,264 - Starting bart_jemris processing based on config
2026-09-22 17:46:12,264 - Config: 
bart_jemris
2026-09-22 17:46:12,264 - Reconstruction of simulated data.
2026-09-22 17:46:12,264 - Incoming dataset contains 1 encodings
2026-09-22 17:46:12,264 - Trajectory type 'other', matrix size (220 x 220 x 1), field of view (220.0 x 220.0 x 1.0)mm^3
2026-09-22 17:46:12,264 - <-- Received MRD_MESSAGE_ISMRMRD_ACQUISITION (1008) (total: 1)
2026-09-22 17:46:12,332 - Processing a group of k-space data
2026-09-22 17:46:12,343 - Trajectory shape = (3, 4940, 15) , Signal Shape = (1, 4940, 15, 1) 
2026-09-22 17:46:12,343 - Do BART reconstruction.
2026-09-22 17:46:12,621 - Image data is size (1, 4940, 15, 1)
2026-09-22 17:46:12,622 - HI
2026-09-22 17:46:12,622 - [(220, 220, 1), (220, 220, 1), (220, 220, 1, 1), (220, 220, 1, 1)]
2026-09-22 17:46:12,623 - Sending images to client:
[Image(head=ImageHeader(version: 1, data_type: 5, flags: 0, measurement_uid: 0, matrix_size: (220, 220, 1), field_of_view: (0.0, 0.0, 0.0), channels: 1, position: (0.0, 0.0, 0.0), read_dir: (0.0, 0.0, 0.0), phase_dir: (0.0, 0.0, 0.0), slice_dir: (0.0, 0.0, 0.0), patient_table_position: (0.0, 0.0, 0.0), average: 0, slice: 0, contrast: 0, phase: 0, repetition: 0, set: 0, acquisition_time_stamp: 0, physiology_time_stamp: (0, 0, 0), image_type: 0, image_index: 0, image_series_index: 1, user_int: (0, 0, 0, 0, 0, 0, 0, 0), user_float: (0.0, 0.0, 0.0, 0.0, 0.0, 0.0, 0.0, 0.0), attribute_string_len: 0, ),meta={},data=array([[[[1.59818574e-05, 3.36607773e-05, 6.76678974e-05, ...,
          5.50786062e-05, 8.43979142e-05, 1.77042108e-04],
         [6.42144641e-06, 2.11046681e-05, 4.22132616e-05, ...,
          1.69844177e-04, 1.32758345e-04, 6.51631854e-05],
         [1.25930273e-05, 4.04815364e-05, 2.70869750e-05, ...,
          4.90914390e-05, 1.65481717e-04, 1.26891813e-04],
         ...,
         [7.10069580e-05, 8.06726985e-06, 8.60293294e-05, ...,
          1.22747093e-04, 6.19531274e-05, 5.19969435e-05],
         [6.94053670e-05, 3.33919234e-05, 1.09879373e-04, ...,
          7.82845091e-05, 3.04363803e-05, 1.00964207e-04],
         [1.09643290e-04, 2.90252701e-05, 2.12350787e-05, ...,
          1.12556714e-04, 1.33560068e-04, 3.33678945e-05]]]],
      shape=(1, 1, 220, 220), dtype=float32)), Image(head=ImageHeader(version: 1, data_type: 5, flags: 0, measurement_uid: 0, matrix_size: (220, 220, 1), field_of_view: (0.0, 0.0, 0.0), channels: 1, position: (0.0, 0.0, 0.0), read_dir: (0.0, 0.0, 0.0), phase_dir: (0.0, 0.0, 0.0), slice_dir: (0.0, 0.0, 0.0), patient_table_position: (0.0, 0.0, 0.0), average: 0, slice: 0, contrast: 0, phase: 0, repetition: 0, set: 0, acquisition_time_stamp: 0, physiology_time_stamp: (0, 0, 0), image_type: 0, image_index: 0, image_series_index: 2, user_int: (0, 0, 0, 0, 0, 0, 0, 0), user_float: (0.0, 0.0, 0.0, 0.0, 0.0, 0.0, 0.0, 0.0), attribute_string_len: 0, ),meta={},data=array([[[[-0.10024596,  0.7557932 ,  1.0227029 , ..., -0.19997719,
           3.0543008 ,  3.0822926 ],
         [-1.7424304 ,  0.7774545 ,  2.0810452 , ..., -0.04241883,
          -0.0529623 ,  2.9347825 ],
         [-1.1981796 ,  0.3892239 ,  0.9584042 , ..., -0.48016363,
          -0.06192607,  0.01482047],
         ...,
         [-2.2503047 , -2.1166036 , -2.8762712 , ...,  3.1344807 ,
           2.0944724 , -2.3424911 ],
         [-2.8751092 ,  0.16726442,  3.116483  , ..., -2.9108164 ,
           3.1013463 , -2.6382809 ],
         [-2.6963415 , -2.1742058 , -0.26630402, ...,  2.6580071 ,
           2.6458547 ,  0.06615787]]]],
      shape=(1, 1, 220, 220), dtype=float32)), Image(head=ImageHeader(version: 1, data_type: 5, flags: 0, measurement_uid: 0, matrix_size: (1, 220, 220), field_of_view: (0.0, 0.0, 0.0), channels: 1, position: (0.0, 0.0, 0.0), read_dir: (0.0, 0.0, 0.0), phase_dir: (0.0, 0.0, 0.0), slice_dir: (0.0, 0.0, 0.0), patient_table_position: (0.0, 0.0, 0.0), average: 0, slice: 0, contrast: 0, phase: 0, repetition: 0, set: 0, acquisition_time_stamp: 0, physiology_time_stamp: (0, 0, 0), image_type: 0, image_index: 0, image_series_index: 4, user_int: (0, 0, 0, 0, 0, 0, 0, 0), user_float: (0.0, 0.0, 0.0, 0.0, 0.0, 0.0, 0.0, 0.0), attribute_string_len: 0, ),meta={},data=array([[[[-0.10024596],
         [ 0.7557932 ],
         [ 1.0227029 ],
         ...,
         [-0.19997719],
         [ 3.0543008 ],
         [ 3.0822926 ]],

        [[-1.7424304 ],
         [ 0.7774545 ],
         [ 2.0810452 ],
         ...,
         [-0.04241883],
         [-0.0529623 ],
         [ 2.9347825 ]],

        [[-1.1981796 ],
         [ 0.3892239 ],
         [ 0.9584042 ],
         ...,
         [-0.48016363],
         [-0.06192607],
         [ 0.01482047]],

        ...,

        [[-2.2503047 ],
         [-2.1166036 ],
         [-2.8762712 ],
         ...,
         [ 3.1344807 ],
         [ 2.0944724 ],
         [-2.3424911 ]],

        [[-2.8751092 ],
         [ 0.16726442],
         [ 3.116483  ],
         ...,
         [-2.9108164 ],
         [ 3.1013463 ],
         [-2.6382809 ]],

        [[-2.6963415 ],
         [-2.1742058 ],
         [-0.26630402],
         ...,
         [ 2.6580071 ],
         [ 2.6458547 ],
         [ 0.06615787]]]], shape=(1, 220, 220, 1), dtype=float32)), Image(head=ImageHeader(version: 1, data_type: 5, flags: 0, measurement_uid: 0, matrix_size: (1, 220, 220), field_of_view: (0.0, 0.0, 0.0), channels: 1, position: (0.0, 0.0, 0.0), read_dir: (0.0, 0.0, 0.0), phase_dir: (0.0, 0.0, 0.0), slice_dir: (0.0, 0.0, 0.0), patient_table_position: (0.0, 0.0, 0.0), average: 0, slice: 0, contrast: 0, phase: 0, repetition: 0, set: 0, acquisition_time_stamp: 0, physiology_time_stamp: (0, 0, 0), image_type: 0, image_index: 0, image_series_index: 3, user_int: (0, 0, 0, 0, 0, 0, 0, 0), user_float: (0.0, 0.0, 0.0, 0.0, 0.0, 0.0, 0.0, 0.0), attribute_string_len: 0, ),meta={},data=array([[[[1.59818574e-05],
         [3.36607773e-05],
         [6.76678974e-05],
         ...,
         [5.50786062e-05],
         [8.43979142e-05],
         [1.77042108e-04]],

        [[6.42144641e-06],
         [2.11046681e-05],
         [4.22132616e-05],
         ...,
         [1.69844177e-04],
         [1.32758345e-04],
         [6.51631854e-05]],

        [[1.25930273e-05],
         [4.04815364e-05],
         [2.70869750e-05],
         ...,
         [4.90914390e-05],
         [1.65481717e-04],
         [1.26891813e-04]],

        ...,

        [[7.10069580e-05],
         [8.06726985e-06],
         [8.60293294e-05],
         ...,
         [1.22747093e-04],
         [6.19531274e-05],
         [5.19969435e-05]],

        [[6.94053670e-05],
         [3.33919234e-05],
         [1.09879373e-04],
         ...,
         [7.82845091e-05],
         [3.04363803e-05],
         [1.00964207e-04]],

        [[1.09643290e-04],
         [2.90252701e-05],
         [2.12350787e-05],
         ...,
         [1.12556714e-04],
         [1.33560068e-04],
         [3.33678945e-05]]]], shape=(1, 220, 220, 1), dtype=float32))]
2026-09-22 17:46:12,626 - --> Sending MRD_MESSAGE_ISMRMRD_IMAGE (1022) (4 images)
2026-09-22 17:46:12,626 - --> Sending MRD_MESSAGE_CLOSE (4)
2026-09-22 17:46:12,626 - Socket closed
2026-09-22 17:48:05,262 - Accepting connection from: 172.17.0.1:39482
2026-09-22 17:48:05,266 -     bart_jemris
2026-09-22 17:48:05,274 - Data is from a JEMRIS v2.8.4 at 0.0T
2026-09-22 17:48:05,274 - Starting bart_jemris processing based on config
2026-09-22 17:48:05,274 - Config: 
bart_jemris
2026-09-22 17:48:05,274 - Reconstruction of simulated data.
2026-09-22 17:48:05,274 - Incoming dataset contains 1 encodings
2026-09-22 17:48:05,274 - Trajectory type 'other', matrix size (220 x 220 x 1), field of view (220.0 x 220.0 x 1.0)mm^3
2026-09-22 17:48:05,277 - <-- Received MRD_MESSAGE_ISMRMRD_ACQUISITION (1008) (total: 1)
2026-09-22 17:48:05,369 - Processing a group of k-space data
2026-09-22 17:48:05,382 - Trajectory shape = (3, 4940, 15) , Signal Shape = (1, 4940, 15, 1) 
2026-09-22 17:48:05,382 - Do BART reconstruction.
2026-09-22 17:48:05,617 - Image data is size (1, 4940, 15, 1)
2026-09-22 17:48:05,618 - HI
2026-09-22 17:48:05,619 - [(220, 220, 1), (220, 220, 1), (220, 220, 1, 1), (220, 220, 1, 1)]
2026-09-22 17:48:05,620 - Sending images to client:
[Image(head=ImageHeader(version: 1, data_type: 5, flags: 0, measurement_uid: 0, matrix_size: (220, 220, 1), field_of_view: (0.0, 0.0, 0.0), channels: 1, position: (0.0, 0.0, 0.0), read_dir: (0.0, 0.0, 0.0), phase_dir: (0.0, 0.0, 0.0), slice_dir: (0.0, 0.0, 0.0), patient_table_position: (0.0, 0.0, 0.0), average: 0, slice: 0, contrast: 0, phase: 0, repetition: 0, set: 0, acquisition_time_stamp: 0, physiology_time_stamp: (0, 0, 0), image_type: 0, image_index: 0, image_series_index: 1, user_int: (0, 0, 0, 0, 0, 0, 0, 0), user_float: (0.0, 0.0, 0.0, 0.0, 0.0, 0.0, 0.0, 0.0), attribute_string_len: 0, ),meta={},data=array([[[[1.59783212e-05, 3.36707089e-05, 6.76644122e-05, ...,
          5.50772493e-05, 8.43917514e-05, 1.77037829e-04],
         [6.41395172e-06, 2.11060342e-05, 4.22114208e-05, ...,
          1.69841820e-04, 1.32760702e-04, 6.51607188e-05],
         [1.25965171e-05, 4.04852581e-05, 2.70919427e-05, ...,
          4.90979801e-05, 1.65482503e-04, 1.26890824e-04],
         ...,
         [7.10063614e-05, 8.06070511e-06, 8.60302971e-05, ...,
          1.22751429e-04, 6.19507337e-05, 5.19852802e-05],
         [6.94110277e-05, 3.33871831e-05, 1.09878085e-04, ...,
          7.82919160e-05, 3.04298519e-05, 1.00964819e-04],
         [1.09649030e-04, 2.90253847e-05, 2.12340692e-05, ...,
          1.12558635e-04, 1.33561349e-04, 3.33558128e-05]]]],
      shape=(1, 1, 220, 220), dtype=float32)), Image(head=ImageHeader(version: 1, data_type: 5, flags: 0, measurement_uid: 0, matrix_size: (220, 220, 1), field_of_view: (0.0, 0.0, 0.0), channels: 1, position: (0.0, 0.0, 0.0), read_dir: (0.0, 0.0, 0.0), phase_dir: (0.0, 0.0, 0.0), slice_dir: (0.0, 0.0, 0.0), patient_table_position: (0.0, 0.0, 0.0), average: 0, slice: 0, contrast: 0, phase: 0, repetition: 0, set: 0, acquisition_time_stamp: 0, physiology_time_stamp: (0, 0, 0), image_type: 0, image_index: 0, image_series_index: 2, user_int: (0, 0, 0, 0, 0, 0, 0, 0), user_float: (0.0, 0.0, 0.0, 0.0, 0.0, 0.0, 0.0, 0.0), attribute_string_len: 0, ),meta={},data=array([[[[-0.09996923,  0.7560097 ,  1.0226759 , ..., -0.19985837,
           3.05428   ,  3.0823221 ],
         [-1.7432057 ,  0.77770746,  2.0812464 , ..., -0.0424005 ,
          -0.05299869,  2.9348454 ],
         [-1.1981357 ,  0.38911453,  0.95835865, ..., -0.48029706,
          -0.06191973,  0.01478865],
         ...,
         [-2.250362  , -2.1168728 , -2.876128  , ...,  3.1344714 ,
           2.0945556 , -2.3425896 ],
         [-2.8749824 ,  0.16719972,  3.116479  , ..., -2.9107647 ,
           3.1013114 , -2.6383078 ],
         [-2.6963253 , -2.174321  , -0.26670736, ...,  2.6580334 ,
           2.6457915 ,  0.06660144]]]],
      shape=(1, 1, 220, 220), dtype=float32)), Image(head=ImageHeader(version: 1, data_type: 5, flags: 0, measurement_uid: 0, matrix_size: (1, 220, 220), field_of_view: (0.0, 0.0, 0.0), channels: 1, position: (0.0, 0.0, 0.0), read_dir: (0.0, 0.0, 0.0), phase_dir: (0.0, 0.0, 0.0), slice_dir: (0.0, 0.0, 0.0), patient_table_position: (0.0, 0.0, 0.0), average: 0, slice: 0, contrast: 0, phase: 0, repetition: 0, set: 0, acquisition_time_stamp: 0, physiology_time_stamp: (0, 0, 0), image_type: 0, image_index: 0, image_series_index: 4, user_int: (0, 0, 0, 0, 0, 0, 0, 0), user_float: (0.0, 0.0, 0.0, 0.0, 0.0, 0.0, 0.0, 0.0), attribute_string_len: 0, ),meta={},data=array([[[[-0.09996923],
         [ 0.7560097 ],
         [ 1.0226759 ],
         ...,
         [-0.19985837],
         [ 3.05428   ],
         [ 3.0823221 ]],

        [[-1.7432057 ],
         [ 0.77770746],
         [ 2.0812464 ],
         ...,
         [-0.0424005 ],
         [-0.05299869],
         [ 2.9348454 ]],

        [[-1.1981357 ],
         [ 0.38911453],
         [ 0.95835865],
         ...,
         [-0.48029706],
         [-0.06191973],
         [ 0.01478865]],

        ...,

        [[-2.250362  ],
         [-2.1168728 ],
         [-2.876128  ],
         ...,
         [ 3.1344714 ],
         [ 2.0945556 ],
         [-2.3425896 ]],

        [[-2.8749824 ],
         [ 0.16719972],
         [ 3.116479  ],
         ...,
         [-2.9107647 ],
         [ 3.1013114 ],
         [-2.6383078 ]],

        [[-2.6963253 ],
         [-2.174321  ],
         [-0.26670736],
         ...,
         [ 2.6580334 ],
         [ 2.6457915 ],
         [ 0.06660144]]]], shape=(1, 220, 220, 1), dtype=float32)), Image(head=ImageHeader(version: 1, data_type: 5, flags: 0, measurement_uid: 0, matrix_size: (1, 220, 220), field_of_view: (0.0, 0.0, 0.0), channels: 1, position: (0.0, 0.0, 0.0), read_dir: (0.0, 0.0, 0.0), phase_dir: (0.0, 0.0, 0.0), slice_dir: (0.0, 0.0, 0.0), patient_table_position: (0.0, 0.0, 0.0), average: 0, slice: 0, contrast: 0, phase: 0, repetition: 0, set: 0, acquisition_time_stamp: 0, physiology_time_stamp: (0, 0, 0), image_type: 0, image_index: 0, image_series_index: 3, user_int: (0, 0, 0, 0, 0, 0, 0, 0), user_float: (0.0, 0.0, 0.0, 0.0, 0.0, 0.0, 0.0, 0.0), attribute_string_len: 0, ),meta={},data=array([[[[1.59783212e-05],
         [3.36707089e-05],
         [6.76644122e-05],
         ...,
         [5.50772493e-05],
         [8.43917514e-05],
         [1.77037829e-04]],

        [[6.41395172e-06],
         [2.11060342e-05],
         [4.22114208e-05],
         ...,
         [1.69841820e-04],
         [1.32760702e-04],
         [6.51607188e-05]],

        [[1.25965171e-05],
         [4.04852581e-05],
         [2.70919427e-05],
         ...,
         [4.90979801e-05],
         [1.65482503e-04],
         [1.26890824e-04]],

        ...,

        [[7.10063614e-05],
         [8.06070511e-06],
         [8.60302971e-05],
         ...,
         [1.22751429e-04],
         [6.19507337e-05],
         [5.19852802e-05]],

        [[6.94110277e-05],
         [3.33871831e-05],
         [1.09878085e-04],
         ...,
         [7.82919160e-05],
         [3.04298519e-05],
         [1.00964819e-04]],

        [[1.09649030e-04],
         [2.90253847e-05],
         [2.12340692e-05],
         ...,
         [1.12558635e-04],
         [1.33561349e-04],
         [3.33558128e-05]]]], shape=(1, 220, 220, 1), dtype=float32))]
2026-09-22 17:48:05,624 - --> Sending MRD_MESSAGE_ISMRMRD_IMAGE (1022) (4 images)
2026-09-22 17:48:05,625 - --> Sending MRD_MESSAGE_CLOSE (4)
2026-09-22 17:48:05,625 - Socket closed
2026-09-22 17:49:20,854 - Accepting connection from: 172.17.0.1:45452
2026-09-22 17:49:20,859 -     bart_jemris
2026-09-22 17:49:20,866 - Data is from a JEMRIS v2.8.4 at 0.0T
2026-09-22 17:49:20,866 - Starting bart_jemris processing based on config
2026-09-22 17:49:20,867 - Config: 
bart_jemris
2026-09-22 17:49:20,867 - Reconstruction of simulated data.
2026-09-22 17:49:20,867 - Incoming dataset contains 1 encodings
2026-09-22 17:49:20,867 - Trajectory type 'other', matrix size (220 x 220 x 1), field of view (220.0 x 220.0 x 1.0)mm^3
2026-09-22 17:49:20,869 - <-- Received MRD_MESSAGE_ISMRMRD_ACQUISITION (1008) (total: 1)
2026-09-22 17:49:20,963 - Processing a group of k-space data
2026-09-22 17:49:20,973 - Trajectory shape = (3, 4940, 15) , Signal Shape = (1, 4940, 15, 1) 
2026-09-22 17:49:20,973 - Do BART reconstruction.
2026-09-22 17:49:21,244 - Image data is size (1, 4940, 15, 1)
2026-09-22 17:49:21,245 - HI
2026-09-22 17:49:21,245 - [(220, 220, 1), (220, 220, 1), (220, 220, 1, 1), (220, 220, 1, 1)]
2026-09-22 17:49:21,246 - Sending images to client:
[Image(head=ImageHeader(version: 1, data_type: 5, flags: 0, measurement_uid: 0, matrix_size: (220, 220, 1), field_of_view: (0.0, 0.0, 0.0), channels: 1, position: (0.0, 0.0, 0.0), read_dir: (0.0, 0.0, 0.0), phase_dir: (0.0, 0.0, 0.0), slice_dir: (0.0, 0.0, 0.0), patient_table_position: (0.0, 0.0, 0.0), average: 0, slice: 0, contrast: 0, phase: 0, repetition: 0, set: 0, acquisition_time_stamp: 0, physiology_time_stamp: (0, 0, 0), image_type: 0, image_index: 0, image_series_index: 1, user_int: (0, 0, 0, 0, 0, 0, 0, 0), user_float: (0.0, 0.0, 0.0, 0.0, 0.0, 0.0, 0.0, 0.0), attribute_string_len: 0, ),meta={},data=array([[[[1.5981834e-05, 3.3674987e-05, 6.7657173e-05, ...,
          5.5066885e-05, 8.4399100e-05, 1.7704202e-04],
         [6.4127544e-06, 2.1105208e-05, 4.2210791e-05, ...,
          1.6984566e-04, 1.3275040e-04, 6.5159344e-05],
         [1.2597404e-05, 4.0482388e-05, 2.7100476e-05, ...,
          4.9089074e-05, 1.6546648e-04, 1.2688046e-04],
         ...,
         [7.1016140e-05, 8.0840709e-06, 8.6039749e-05, ...,
          1.2275446e-04, 6.1937957e-05, 5.2009862e-05],
         [6.9392103e-05, 3.3400378e-05, 1.0987471e-04, ...,
          7.8282254e-05, 3.0442128e-05, 1.0094570e-04],
         [1.0965095e-04, 2.9034707e-05, 2.1243897e-05, ...,
          1.1255538e-04, 1.3356033e-04, 3.3368957e-05]]]],
      shape=(1, 1, 220, 220), dtype=float32)), Image(head=ImageHeader(version: 1, data_type: 5, flags: 0, measurement_uid: 0, matrix_size: (220, 220, 1), field_of_view: (0.0, 0.0, 0.0), channels: 1, position: (0.0, 0.0, 0.0), read_dir: (0.0, 0.0, 0.0), phase_dir: (0.0, 0.0, 0.0), slice_dir: (0.0, 0.0, 0.0), patient_table_position: (0.0, 0.0, 0.0), average: 0, slice: 0, contrast: 0, phase: 0, repetition: 0, set: 0, acquisition_time_stamp: 0, physiology_time_stamp: (0, 0, 0), image_type: 0, image_index: 0, image_series_index: 2, user_int: (0, 0, 0, 0, 0, 0, 0, 0), user_float: (0.0, 0.0, 0.0, 0.0, 0.0, 0.0, 0.0, 0.0), attribute_string_len: 0, ),meta={},data=array([[[[-0.10052529,  0.7560613 ,  1.0226734 , ..., -0.19980279,
           3.0545857 ,  3.0823326 ],
         [-1.7425413 ,  0.777592  ,  2.0810373 , ..., -0.04249338,
          -0.05301173,  2.935006  ],
         [-1.1985849 ,  0.38920277,  0.95931816, ..., -0.4799695 ,
          -0.06190066,  0.01477483],
         ...,
         [-2.2502527 , -2.117615  , -2.8762476 , ...,  3.1345594 ,
           2.0947456 , -2.3424962 ],
         [-2.8748999 ,  0.1668959 ,  3.1164894 , ..., -2.9109573 ,
           3.1011307 , -2.6384177 ],
         [-2.6961293 , -2.174046  , -0.2668763 , ...,  2.6581178 ,
           2.6458395 ,  0.06570962]]]],
      shape=(1, 1, 220, 220), dtype=float32)), Image(head=ImageHeader(version: 1, data_type: 5, flags: 0, measurement_uid: 0, matrix_size: (1, 220, 220), field_of_view: (0.0, 0.0, 0.0), channels: 1, position: (0.0, 0.0, 0.0), read_dir: (0.0, 0.0, 0.0), phase_dir: (0.0, 0.0, 0.0), slice_dir: (0.0, 0.0, 0.0), patient_table_position: (0.0, 0.0, 0.0), average: 0, slice: 0, contrast: 0, phase: 0, repetition: 0, set: 0, acquisition_time_stamp: 0, physiology_time_stamp: (0, 0, 0), image_type: 0, image_index: 0, image_series_index: 4, user_int: (0, 0, 0, 0, 0, 0, 0, 0), user_float: (0.0, 0.0, 0.0, 0.0, 0.0, 0.0, 0.0, 0.0), attribute_string_len: 0, ),meta={},data=array([[[[-0.10052529],
         [ 0.7560613 ],
         [ 1.0226734 ],
         ...,
         [-0.19980279],
         [ 3.0545857 ],
         [ 3.0823326 ]],

        [[-1.7425413 ],
         [ 0.777592  ],
         [ 2.0810373 ],
         ...,
         [-0.04249338],
         [-0.05301173],
         [ 2.935006  ]],

        [[-1.1985849 ],
         [ 0.38920277],
         [ 0.95931816],
         ...,
         [-0.4799695 ],
         [-0.06190066],
         [ 0.01477483]],

        ...,

        [[-2.2502527 ],
         [-2.117615  ],
         [-2.8762476 ],
         ...,
         [ 3.1345594 ],
         [ 2.0947456 ],
         [-2.3424962 ]],

        [[-2.8748999 ],
         [ 0.1668959 ],
         [ 3.1164894 ],
         ...,
         [-2.9109573 ],
         [ 3.1011307 ],
         [-2.6384177 ]],

        [[-2.6961293 ],
         [-2.174046  ],
         [-0.2668763 ],
         ...,
         [ 2.6581178 ],
         [ 2.6458395 ],
         [ 0.06570962]]]], shape=(1, 220, 220, 1), dtype=float32)), Image(head=ImageHeader(version: 1, data_type: 5, flags: 0, measurement_uid: 0, matrix_size: (1, 220, 220), field_of_view: (0.0, 0.0, 0.0), channels: 1, position: (0.0, 0.0, 0.0), read_dir: (0.0, 0.0, 0.0), phase_dir: (0.0, 0.0, 0.0), slice_dir: (0.0, 0.0, 0.0), patient_table_position: (0.0, 0.0, 0.0), average: 0, slice: 0, contrast: 0, phase: 0, repetition: 0, set: 0, acquisition_time_stamp: 0, physiology_time_stamp: (0, 0, 0), image_type: 0, image_index: 0, image_series_index: 3, user_int: (0, 0, 0, 0, 0, 0, 0, 0), user_float: (0.0, 0.0, 0.0, 0.0, 0.0, 0.0, 0.0, 0.0), attribute_string_len: 0, ),meta={},data=array([[[[1.5981834e-05],
         [3.3674987e-05],
         [6.7657173e-05],
         ...,
         [5.5066885e-05],
         [8.4399100e-05],
         [1.7704202e-04]],

        [[6.4127544e-06],
         [2.1105208e-05],
         [4.2210791e-05],
         ...,
         [1.6984566e-04],
         [1.3275040e-04],
         [6.5159344e-05]],

        [[1.2597404e-05],
         [4.0482388e-05],
         [2.7100476e-05],
         ...,
         [4.9089074e-05],
         [1.6546648e-04],
         [1.2688046e-04]],

        ...,

        [[7.1016140e-05],
         [8.0840709e-06],
         [8.6039749e-05],
         ...,
         [1.2275446e-04],
         [6.1937957e-05],
         [5.2009862e-05]],

        [[6.9392103e-05],
         [3.3400378e-05],
         [1.0987471e-04],
         ...,
         [7.8282254e-05],
         [3.0442128e-05],
         [1.0094570e-04]],

        [[1.0965095e-04],
         [2.9034707e-05],
         [2.1243897e-05],
         ...,
         [1.1255538e-04],
         [1.3356033e-04],
         [3.3368957e-05]]]], shape=(1, 220, 220, 1), dtype=float32))]
2026-09-22 17:49:21,249 - --> Sending MRD_MESSAGE_ISMRMRD_IMAGE (1022) (4 images)
2026-09-22 17:49:21,249 - --> Sending MRD_MESSAGE_CLOSE (4)
2026-09-22 17:49:21,250 - Socket closed
2026-09-22 17:50:09,677 - Starting server and listening for data at 0.0.0.0:9002
2026-09-22 17:50:09,677 - Default config is invertcontrast
2026-09-22 17:50:09,677 - Serving... 
2026-09-22 17:58:58,118 - Accepting connection from: 172.17.0.1:57418
2026-09-22 17:58:58,123 -     bart_jemris
2026-09-22 17:58:58,126 - XML Metadata: <?xml version="1.0"?>
<ismrmrdHeader xmlns="http://www.ismrm.org/ISMRMRD" xmlns:xsi="http://www.w3.org/2001/XMLSchema-instance" xmlns:xs="http://www.w3.org/2001/XMLSchema" xsi:schemaLocation="http://www.ismrm.org/ISMRMRD ismrmrd.xsd">
	<acquisitionSystemInformation>
		<systemVendor>JEMRIS</systemVendor>
		<systemModel>v2.8.4</systemModel>
		<systemFieldStrength_T>0.000000</systemFieldStrength_T>
	</acquisitionSystemInformation>
	<experimentalConditions>
		<H1resonanceFrequency_Hz>140713325569856</H1resonanceFrequency_Hz>
	</experimentalConditions>
	<encoding>
		<encodedSpace>
			<matrixSize>
				<x>220</x>
				<y>220</y>
				<z>1</z>
			</matrixSize>
			<fieldOfView_mm>
				<x>220.000000</x>
				<y>220.000000</y>
				<z>1.000000</z>
			</fieldOfView_mm>
		</encodedSpace>
		<reconSpace>
			<matrixSize>
				<x>220</x>
				<y>220</y>
				<z>1</z>
			</matrixSize>
			<fieldOfView_mm>
				<x>220.000000</x>
				<y>220.000000</y>
				<z>1.000000</z>
			</fieldOfView_mm>
		</reconSpace>
		<encodingLimits>
			<kspace_encoding_step_1>
				<minimum>0</minimum>
				<maximum>78</maximum>
				<center>39</center>
			</kspace_encoding_step_1>
			<kspace_encoding_step_2>
				<minimum>0</minimum>
				<maximum>0</maximum>
				<center>0</center>
			</kspace_encoding_step_2>
			<average>
				<minimum>0</minimum>
				<maximum>0</maximum>
				<center>0</center>
			</average>
			<slice>
				<minimum>0</minimum>
				<maximum>0</maximum>
				<center>0</center>
			</slice>
			<contrast>
				<minimum>0</minimum>
				<maximum>0</maximum>
				<center>0</center>
			</contrast>
			<set>
				<minimum>0</minimum>
				<maximum>0</maximum>
				<center>0</center>
			</set>
			<segment>
				<minimum>0</minimum>
				<maximum>0</maximum>
				<center>0</center>
			</segment>
		</encodingLimits>
		<trajectory>other</trajectory>
	</encoding>
</ismrmrdHeader>

2026-09-22 17:58:58,132 - Data is from a JEMRIS v2.8.4 at 0.0T
2026-09-22 17:58:58,143 - Starting bart_jemris processing based on config
2026-09-22 17:58:58,143 - Config: 
bart_jemris
2026-09-22 17:58:58,143 - Reconstruction of simulated data.
2026-09-22 17:58:58,143 - Incoming dataset contains 1 encodings
2026-09-22 17:58:58,143 - Trajectory type 'other', matrix size (220 x 220 x 1), field of view (220.0 x 220.0 x 1.0)mm^3
2026-09-22 17:58:58,144 - <-- Received MRD_MESSAGE_ISMRMRD_ACQUISITION (1008) (total: 1)
2026-09-22 17:58:58,237 - Processing a group of k-space data
2026-09-22 17:58:58,249 - Trajectory shape = (3, 4940, 15) , Signal Shape = (1, 4940, 15, 1) 
2026-09-22 17:58:58,249 - Do BART reconstruction.
2026-09-22 17:58:58,706 - Image data is size (1, 4940, 15, 1)
2026-09-22 17:58:58,708 - Sending images to client:
[Image(head=ImageHeader(version: 1, data_type: 5, flags: 0, measurement_uid: 0, matrix_size: (220, 220, 1), field_of_view: (0.0, 0.0, 0.0), channels: 1, position: (0.0, 0.0, 0.0), read_dir: (0.0, 0.0, 0.0), phase_dir: (0.0, 0.0, 0.0), slice_dir: (0.0, 0.0, 0.0), patient_table_position: (0.0, 0.0, 0.0), average: 0, slice: 0, contrast: 0, phase: 0, repetition: 0, set: 0, acquisition_time_stamp: 0, physiology_time_stamp: (0, 0, 0), image_type: 0, image_index: 0, image_series_index: 1, user_int: (0, 0, 0, 0, 0, 0, 0, 0), user_float: (0.0, 0.0, 0.0, 0.0, 0.0, 0.0, 0.0, 0.0), attribute_string_len: 0, ),meta={},data=array([[[[1.59753727e-05, 3.36670309e-05, 6.76649142e-05, ...,
          5.50793848e-05, 8.43801172e-05, 1.77044931e-04],
         [6.41243832e-06, 2.11041333e-05, 4.22124940e-05, ...,
          1.69847728e-04, 1.32763875e-04, 6.51547671e-05],
         [1.25916640e-05, 4.04745770e-05, 2.70855307e-05, ...,
          4.91065366e-05, 1.65493067e-04, 1.26887855e-04],
         ...,
         [7.10079476e-05, 8.07407832e-06, 8.60343134e-05, ...,
          1.22746656e-04, 6.19473067e-05, 5.19724672e-05],
         [6.94052214e-05, 3.33975768e-05, 1.09883375e-04, ...,
          7.82949865e-05, 3.04193327e-05, 1.00956066e-04],
         [1.09655048e-04, 2.90262797e-05, 2.12360374e-05, ...,
          1.12533475e-04, 1.33563997e-04, 3.33694516e-05]]]],
      shape=(1, 1, 220, 220), dtype=float32)), Image(head=ImageHeader(version: 1, data_type: 5, flags: 0, measurement_uid: 0, matrix_size: (220, 220, 1), field_of_view: (0.0, 0.0, 0.0), channels: 1, position: (0.0, 0.0, 0.0), read_dir: (0.0, 0.0, 0.0), phase_dir: (0.0, 0.0, 0.0), slice_dir: (0.0, 0.0, 0.0), patient_table_position: (0.0, 0.0, 0.0), average: 0, slice: 0, contrast: 0, phase: 0, repetition: 0, set: 0, acquisition_time_stamp: 0, physiology_time_stamp: (0, 0, 0), image_type: 0, image_index: 0, image_series_index: 2, user_int: (0, 0, 0, 0, 0, 0, 0, 0), user_float: (0.0, 0.0, 0.0, 0.0, 0.0, 0.0, 0.0, 0.0), attribute_string_len: 0, ),meta={},data=array([[[[-0.10000894,  0.7561811 ,  1.0228429 , ..., -0.19983096,
           3.0545194 ,  3.0822902 ],
         [-1.7427089 ,  0.77804935,  2.0810523 , ..., -0.04233158,
          -0.05294258,  2.9347777 ],
         [-1.1985216 ,  0.3890229 ,  0.9592116 , ..., -0.48044786,
          -0.06199233,  0.01473843],
         ...,
         [-2.2503395 , -2.1172247 , -2.8761845 , ...,  3.134582  ,
           2.0945592 , -2.3424625 ],
         [-2.8750587 ,  0.16751969,  3.1166084 , ..., -2.9109778 ,
           3.1012318 , -2.638485  ],
         [-2.6962447 , -2.1741278 , -0.26648888, ...,  2.6580646 ,
           2.6457443 ,  0.06582347]]]],
      shape=(1, 1, 220, 220), dtype=float32)), Image(head=ImageHeader(version: 1, data_type: 5, flags: 0, measurement_uid: 0, matrix_size: (1, 220, 220), field_of_view: (0.0, 0.0, 0.0), channels: 1, position: (0.0, 0.0, 0.0), read_dir: (0.0, 0.0, 0.0), phase_dir: (0.0, 0.0, 0.0), slice_dir: (0.0, 0.0, 0.0), patient_table_position: (0.0, 0.0, 0.0), average: 0, slice: 0, contrast: 0, phase: 0, repetition: 0, set: 0, acquisition_time_stamp: 0, physiology_time_stamp: (0, 0, 0), image_type: 0, image_index: 0, image_series_index: 4, user_int: (0, 0, 0, 0, 0, 0, 0, 0), user_float: (0.0, 0.0, 0.0, 0.0, 0.0, 0.0, 0.0, 0.0), attribute_string_len: 0, ),meta={},data=array([[[[-0.10000894],
         [ 0.7561811 ],
         [ 1.0228429 ],
         ...,
         [-0.19983096],
         [ 3.0545194 ],
         [ 3.0822902 ]],

        [[-1.7427089 ],
         [ 0.77804935],
         [ 2.0810523 ],
         ...,
         [-0.04233158],
         [-0.05294258],
         [ 2.9347777 ]],

        [[-1.1985216 ],
         [ 0.3890229 ],
         [ 0.9592116 ],
         ...,
         [-0.48044786],
         [-0.06199233],
         [ 0.01473843]],

        ...,

        [[-2.2503395 ],
         [-2.1172247 ],
         [-2.8761845 ],
         ...,
         [ 3.134582  ],
         [ 2.0945592 ],
         [-2.3424625 ]],

        [[-2.8750587 ],
         [ 0.16751969],
         [ 3.1166084 ],
         ...,
         [-2.9109778 ],
         [ 3.1012318 ],
         [-2.638485  ]],

        [[-2.6962447 ],
         [-2.1741278 ],
         [-0.26648888],
         ...,
         [ 2.6580646 ],
         [ 2.6457443 ],
         [ 0.06582347]]]], shape=(1, 220, 220, 1), dtype=float32)), Image(head=ImageHeader(version: 1, data_type: 5, flags: 0, measurement_uid: 0, matrix_size: (1, 220, 220), field_of_view: (0.0, 0.0, 0.0), channels: 1, position: (0.0, 0.0, 0.0), read_dir: (0.0, 0.0, 0.0), phase_dir: (0.0, 0.0, 0.0), slice_dir: (0.0, 0.0, 0.0), patient_table_position: (0.0, 0.0, 0.0), average: 0, slice: 0, contrast: 0, phase: 0, repetition: 0, set: 0, acquisition_time_stamp: 0, physiology_time_stamp: (0, 0, 0), image_type: 0, image_index: 0, image_series_index: 3, user_int: (0, 0, 0, 0, 0, 0, 0, 0), user_float: (0.0, 0.0, 0.0, 0.0, 0.0, 0.0, 0.0, 0.0), attribute_string_len: 0, ),meta={},data=array([[[[1.59753727e-05],
         [3.36670309e-05],
         [6.76649142e-05],
         ...,
         [5.50793848e-05],
         [8.43801172e-05],
         [1.77044931e-04]],

        [[6.41243832e-06],
         [2.11041333e-05],
         [4.22124940e-05],
         ...,
         [1.69847728e-04],
         [1.32763875e-04],
         [6.51547671e-05]],

        [[1.25916640e-05],
         [4.04745770e-05],
         [2.70855307e-05],
         ...,
         [4.91065366e-05],
         [1.65493067e-04],
         [1.26887855e-04]],

        ...,

        [[7.10079476e-05],
         [8.07407832e-06],
         [8.60343134e-05],
         ...,
         [1.22746656e-04],
         [6.19473067e-05],
         [5.19724672e-05]],

        [[6.94052214e-05],
         [3.33975768e-05],
         [1.09883375e-04],
         ...,
         [7.82949865e-05],
         [3.04193327e-05],
         [1.00956066e-04]],

        [[1.09655048e-04],
         [2.90262797e-05],
         [2.12360374e-05],
         ...,
         [1.12533475e-04],
         [1.33563997e-04],
         [3.33694516e-05]]]], shape=(1, 220, 220, 1), dtype=float32))]
2026-09-22 17:58:58,713 - --> Sending MRD_MESSAGE_ISMRMRD_IMAGE (1022) (4 images)
2026-09-22 17:58:58,714 - <-- Received MRD_MESSAGE_CLOSE (4)
2026-09-22 17:58:58,714 -     Total received acquisitions:    16
2026-09-22 17:58:58,714 -     Total received images:           0
2026-09-22 17:58:58,715 -     Total received waveforms:        0
2026-09-22 17:58:58,715 - ------------------------------------------
2026-09-22 17:58:58,715 - --> Sending MRD_MESSAGE_CLOSE (4)
2026-09-22 17:58:58,715 - Socket closed
2026-09-22 18:05:41,253 - Accepting connection from: 172.17.0.1:55900
2026-09-22 18:05:41,257 -     bart_jemris
2026-09-22 18:05:41,260 - XML Metadata: <?xml version="1.0"?>
<ismrmrdHeader xmlns="http://www.ismrm.org/ISMRMRD" xmlns:xsi="http://www.w3.org/2001/XMLSchema-instance" xmlns:xs="http://www.w3.org/2001/XMLSchema" xsi:schemaLocation="http://www.ismrm.org/ISMRMRD ismrmrd.xsd">
	<acquisitionSystemInformation>
		<systemVendor>JEMRIS</systemVendor>
		<systemModel>v2.8.4</systemModel>
		<systemFieldStrength_T>0.000000</systemFieldStrength_T>
	</acquisitionSystemInformation>
	<experimentalConditions>
		<H1resonanceFrequency_Hz>140713325569856</H1resonanceFrequency_Hz>
	</experimentalConditions>
	<encoding>
		<encodedSpace>
			<matrixSize>
				<x>220</x>
				<y>220</y>
				<z>1</z>
			</matrixSize>
			<fieldOfView_mm>
				<x>220.000000</x>
				<y>220.000000</y>
				<z>1.000000</z>
			</fieldOfView_mm>
		</encodedSpace>
		<reconSpace>
			<matrixSize>
				<x>220</x>
				<y>220</y>
				<z>1</z>
			</matrixSize>
			<fieldOfView_mm>
				<x>220.000000</x>
				<y>220.000000</y>
				<z>1.000000</z>
			</fieldOfView_mm>
		</reconSpace>
		<encodingLimits>
			<kspace_encoding_step_1>
				<minimum>0</minimum>
				<maximum>78</maximum>
				<center>39</center>
			</kspace_encoding_step_1>
			<kspace_encoding_step_2>
				<minimum>0</minimum>
				<maximum>0</maximum>
				<center>0</center>
			</kspace_encoding_step_2>
			<average>
				<minimum>0</minimum>
				<maximum>0</maximum>
				<center>0</center>
			</average>
			<slice>
				<minimum>0</minimum>
				<maximum>0</maximum>
				<center>0</center>
			</slice>
			<contrast>
				<minimum>0</minimum>
				<maximum>0</maximum>
				<center>0</center>
			</contrast>
			<set>
				<minimum>0</minimum>
				<maximum>0</maximum>
				<center>0</center>
			</set>
			<segment>
				<minimum>0</minimum>
				<maximum>0</maximum>
				<center>0</center>
			</segment>
		</encodingLimits>
		<trajectory>other</trajectory>
	</encoding>
</ismrmrdHeader>

2026-09-22 18:05:41,264 - Data is from a JEMRIS v2.8.4 at 0.0T
2026-09-22 18:05:41,274 - Starting bart_jemris processing based on config
2026-09-22 18:05:41,274 - Config: 
bart_jemris
2026-09-22 18:05:41,274 - Reconstruction of simulated data.
2026-09-22 18:05:41,275 - Incoming dataset contains 1 encodings
2026-09-22 18:05:41,275 - Trajectory type 'other', matrix size (220 x 220 x 1), field of view (220.0 x 220.0 x 1.0)mm^3
2026-09-22 18:05:41,275 - <-- Received MRD_MESSAGE_ISMRMRD_ACQUISITION (1008) (total: 1)
2026-09-22 18:05:41,367 - Processing a group of k-space data
2026-09-22 18:05:41,377 - Trajectory shape = (3, 4940, 15) , Signal Shape = (1, 4940, 15, 1) 
2026-09-22 18:05:41,378 - Do BART reconstruction.
2026-09-22 18:05:41,600 - Image data is size (1, 4940, 15, 1)
2026-09-22 18:05:41,602 - Sending images to client:
[Image(head=ImageHeader(version: 1, data_type: 5, flags: 0, measurement_uid: 0, matrix_size: (220, 220, 1), field_of_view: (0.0, 0.0, 0.0), channels: 1, position: (0.0, 0.0, 0.0), read_dir: (0.0, 0.0, 0.0), phase_dir: (0.0, 0.0, 0.0), slice_dir: (0.0, 0.0, 0.0), patient_table_position: (0.0, 0.0, 0.0), average: 0, slice: 0, contrast: 0, phase: 0, repetition: 0, set: 0, acquisition_time_stamp: 0, physiology_time_stamp: (0, 0, 0), image_type: 0, image_index: 0, image_series_index: 1, user_int: (0, 0, 0, 0, 0, 0, 0, 0), user_float: (0.0, 0.0, 0.0, 0.0, 0.0, 0.0, 0.0, 0.0), attribute_string_len: 0, ),meta={},data=array([[[[1.59836472e-05, 3.36716002e-05, 6.76543568e-05, ...,
          5.50874975e-05, 8.43970192e-05, 1.77038964e-04],
         [6.40500321e-06, 2.11106180e-05, 4.22186167e-05, ...,
          1.69841602e-04, 1.32764311e-04, 6.51671435e-05],
         [1.26017458e-05, 4.04893035e-05, 2.70864766e-05, ...,
          4.90937346e-05, 1.65483536e-04, 1.26896222e-04],
         ...,
         [7.10058448e-05, 8.08254390e-06, 8.60279251e-05, ...,
          1.22742305e-04, 6.19393613e-05, 5.19990754e-05],
         [6.94021437e-05, 3.33908720e-05, 1.09878172e-04, ...,
          7.82920324e-05, 3.04450859e-05, 1.00956931e-04],
         [1.09641711e-04, 2.90337484e-05, 2.12348805e-05, ...,
          1.12559785e-04, 1.33559268e-04, 3.33611824e-05]]]],
      shape=(1, 1, 220, 220), dtype=float32)), Image(head=ImageHeader(version: 1, data_type: 5, flags: 0, measurement_uid: 0, matrix_size: (220, 220, 1), field_of_view: (0.0, 0.0, 0.0), channels: 1, position: (0.0, 0.0, 0.0), read_dir: (0.0, 0.0, 0.0), phase_dir: (0.0, 0.0, 0.0), slice_dir: (0.0, 0.0, 0.0), patient_table_position: (0.0, 0.0, 0.0), average: 0, slice: 0, contrast: 0, phase: 0, repetition: 0, set: 0, acquisition_time_stamp: 0, physiology_time_stamp: (0, 0, 0), image_type: 0, image_index: 0, image_series_index: 2, user_int: (0, 0, 0, 0, 0, 0, 0, 0), user_float: (0.0, 0.0, 0.0, 0.0, 0.0, 0.0, 0.0, 0.0), attribute_string_len: 0, ),meta={},data=array([[[[-0.10108823,  0.7558569 ,  1.0225756 , ..., -0.20004351,
           3.0544262 ,  3.0823889 ],
         [-1.7429549 ,  0.777784  ,  2.0810485 , ..., -0.04241997,
          -0.05290954,  2.9346635 ],
         [-1.1973475 ,  0.3889412 ,  0.9582373 , ..., -0.4799648 ,
          -0.06198221,  0.01469794],
         ...,
         [-2.2501636 , -2.1154547 , -2.8759987 , ...,  3.1345978 ,
           2.094527  , -2.3422594 ],
         [-2.8748822 ,  0.16757171,  3.116513  , ..., -2.9106414 ,
           3.1013122 , -2.6383042 ],
         [-2.6963253 , -2.1740832 , -0.26600543, ...,  2.6579833 ,
           2.6457698 ,  0.0660333 ]]]],
      shape=(1, 1, 220, 220), dtype=float32)), Image(head=ImageHeader(version: 1, data_type: 5, flags: 0, measurement_uid: 0, matrix_size: (220, 220, 1), field_of_view: (0.0, 0.0, 0.0), channels: 1, position: (0.0, 0.0, 0.0), read_dir: (0.0, 0.0, 0.0), phase_dir: (0.0, 0.0, 0.0), slice_dir: (0.0, 0.0, 0.0), patient_table_position: (0.0, 0.0, 0.0), average: 0, slice: 0, contrast: 0, phase: 0, repetition: 0, set: 0, acquisition_time_stamp: 0, physiology_time_stamp: (0, 0, 0), image_type: 0, image_index: 0, image_series_index: 4, user_int: (0, 0, 0, 0, 0, 0, 0, 0), user_float: (0.0, 0.0, 0.0, 0.0, 0.0, 0.0, 0.0, 0.0), attribute_string_len: 0, ),meta={},data=array([[[[-0.10108823,  0.7558569 ,  1.0225756 , ..., -0.20004351,
           3.0544262 ,  3.0823889 ],
         [-1.7429549 ,  0.777784  ,  2.0810485 , ..., -0.04241997,
          -0.05290954,  2.9346635 ],
         [-1.1973475 ,  0.3889412 ,  0.9582373 , ..., -0.4799648 ,
          -0.06198221,  0.01469794],
         ...,
         [-2.2501636 , -2.1154547 , -2.8759987 , ...,  3.1345978 ,
           2.094527  , -2.3422594 ],
         [-2.8748822 ,  0.16757171,  3.116513  , ..., -2.9106414 ,
           3.1013122 , -2.6383042 ],
         [-2.6963253 , -2.1740832 , -0.26600543, ...,  2.6579833 ,
           2.6457698 ,  0.0660333 ]]]],
      shape=(1, 1, 220, 220), dtype=float32)), Image(head=ImageHeader(version: 1, data_type: 5, flags: 0, measurement_uid: 0, matrix_size: (220, 220, 1), field_of_view: (0.0, 0.0, 0.0), channels: 1, position: (0.0, 0.0, 0.0), read_dir: (0.0, 0.0, 0.0), phase_dir: (0.0, 0.0, 0.0), slice_dir: (0.0, 0.0, 0.0), patient_table_position: (0.0, 0.0, 0.0), average: 0, slice: 0, contrast: 0, phase: 0, repetition: 0, set: 0, acquisition_time_stamp: 0, physiology_time_stamp: (0, 0, 0), image_type: 0, image_index: 0, image_series_index: 3, user_int: (0, 0, 0, 0, 0, 0, 0, 0), user_float: (0.0, 0.0, 0.0, 0.0, 0.0, 0.0, 0.0, 0.0), attribute_string_len: 0, ),meta={},data=array([[[[1.59836472e-05, 3.36716002e-05, 6.76543568e-05, ...,
          5.50874975e-05, 8.43970192e-05, 1.77038964e-04],
         [6.40500321e-06, 2.11106180e-05, 4.22186167e-05, ...,
          1.69841602e-04, 1.32764311e-04, 6.51671435e-05],
         [1.26017458e-05, 4.04893035e-05, 2.70864766e-05, ...,
          4.90937346e-05, 1.65483536e-04, 1.26896222e-04],
         ...,
         [7.10058448e-05, 8.08254390e-06, 8.60279251e-05, ...,
          1.22742305e-04, 6.19393613e-05, 5.19990754e-05],
         [6.94021437e-05, 3.33908720e-05, 1.09878172e-04, ...,
          7.82920324e-05, 3.04450859e-05, 1.00956931e-04],
         [1.09641711e-04, 2.90337484e-05, 2.12348805e-05, ...,
          1.12559785e-04, 1.33559268e-04, 3.33611824e-05]]]],
      shape=(1, 1, 220, 220), dtype=float32))]
2026-09-22 18:05:41,605 - --> Sending MRD_MESSAGE_ISMRMRD_IMAGE (1022) (4 images)
2026-09-22 18:05:41,605 - <-- Received MRD_MESSAGE_CLOSE (4)
2026-09-22 18:05:41,606 -     Total received acquisitions:    16
2026-09-22 18:05:41,606 -     Total received images:           0
2026-09-22 18:05:41,606 -     Total received waveforms:        0
2026-09-22 18:05:41,606 - ------------------------------------------
2026-09-22 18:05:41,606 - --> Sending MRD_MESSAGE_CLOSE (4)
2026-09-22 18:05:41,606 - Socket closed
2026-09-22 18:07:01,181 - Accepting connection from: 172.17.0.1:39570
2026-09-22 18:07:01,186 -     bart_jemris
2026-09-22 18:07:01,189 - XML Metadata: <?xml version="1.0"?>
<ismrmrdHeader xmlns="http://www.ismrm.org/ISMRMRD" xmlns:xsi="http://www.w3.org/2001/XMLSchema-instance" xmlns:xs="http://www.w3.org/2001/XMLSchema" xsi:schemaLocation="http://www.ismrm.org/ISMRMRD ismrmrd.xsd">
	<acquisitionSystemInformation>
		<systemVendor>JEMRIS</systemVendor>
		<systemModel>v2.8.4</systemModel>
		<systemFieldStrength_T>0.000000</systemFieldStrength_T>
	</acquisitionSystemInformation>
	<experimentalConditions>
		<H1resonanceFrequency_Hz>140713325569856</H1resonanceFrequency_Hz>
	</experimentalConditions>
	<encoding>
		<encodedSpace>
			<matrixSize>
				<x>220</x>
				<y>220</y>
				<z>1</z>
			</matrixSize>
			<fieldOfView_mm>
				<x>220.000000</x>
				<y>220.000000</y>
				<z>1.000000</z>
			</fieldOfView_mm>
		</encodedSpace>
		<reconSpace>
			<matrixSize>
				<x>220</x>
				<y>220</y>
				<z>1</z>
			</matrixSize>
			<fieldOfView_mm>
				<x>220.000000</x>
				<y>220.000000</y>
				<z>1.000000</z>
			</fieldOfView_mm>
		</reconSpace>
		<encodingLimits>
			<kspace_encoding_step_1>
				<minimum>0</minimum>
				<maximum>78</maximum>
				<center>39</center>
			</kspace_encoding_step_1>
			<kspace_encoding_step_2>
				<minimum>0</minimum>
				<maximum>0</maximum>
				<center>0</center>
			</kspace_encoding_step_2>
			<average>
				<minimum>0</minimum>
				<maximum>0</maximum>
				<center>0</center>
			</average>
			<slice>
				<minimum>0</minimum>
				<maximum>0</maximum>
				<center>0</center>
			</slice>
			<contrast>
				<minimum>0</minimum>
				<maximum>0</maximum>
				<center>0</center>
			</contrast>
			<set>
				<minimum>0</minimum>
				<maximum>0</maximum>
				<center>0</center>
			</set>
			<segment>
				<minimum>0</minimum>
				<maximum>0</maximum>
				<center>0</center>
			</segment>
		</encodingLimits>
		<trajectory>other</trajectory>
	</encoding>
</ismrmrdHeader>

2026-09-22 18:07:01,194 - Data is from a JEMRIS v2.8.4 at 0.0T
2026-09-22 18:07:01,206 - Starting bart_jemris processing based on config
2026-09-22 18:07:01,206 - Config: 
bart_jemris
2026-09-22 18:07:01,206 - Reconstruction of simulated data.
2026-09-22 18:07:01,206 - Incoming dataset contains 1 encodings
2026-09-22 18:07:01,206 - Trajectory type 'other', matrix size (220 x 220 x 1), field of view (220.0 x 220.0 x 1.0)mm^3
2026-09-22 18:07:01,206 - <-- Received MRD_MESSAGE_ISMRMRD_ACQUISITION (1008) (total: 1)
2026-09-22 18:07:01,294 - Processing a group of k-space data
2026-09-22 18:07:01,304 - Trajectory shape = (3, 4940, 15) , Signal Shape = (1, 4940, 15, 1) 
2026-09-22 18:07:01,304 - Do BART reconstruction.
2026-09-22 18:07:01,769 - Image data is size (1, 4940, 15, 1)
2026-09-22 18:07:01,772 - Sending images to client:
[Image(head=ImageHeader(version: 1, data_type: 5, flags: 0, measurement_uid: 0, matrix_size: (220, 220, 1), field_of_view: (0.0, 0.0, 0.0), channels: 1, position: (0.0, 0.0, 0.0), read_dir: (0.0, 0.0, 0.0), phase_dir: (0.0, 0.0, 0.0), slice_dir: (0.0, 0.0, 0.0), patient_table_position: (0.0, 0.0, 0.0), average: 0, slice: 0, contrast: 0, phase: 0, repetition: 0, set: 0, acquisition_time_stamp: 0, physiology_time_stamp: (0, 0, 0), image_type: 0, image_index: 0, image_series_index: 1, user_int: (0, 0, 0, 0, 0, 0, 0, 0), user_float: (0.0, 0.0, 0.0, 0.0, 0.0, 0.0, 0.0, 0.0), attribute_string_len: 0, ),meta={},data=array([[[[1.5982283e-05, 3.3662789e-05, 6.7655565e-05, ...,
          5.5076387e-05, 8.4391344e-05, 1.7705347e-04],
         [6.4297196e-06, 2.1097514e-05, 4.2208012e-05, ...,
          1.6985214e-04, 1.3277249e-04, 6.5142987e-05],
         [1.2589576e-05, 4.0483043e-05, 2.7083244e-05, ...,
          4.9103699e-05, 1.6547539e-04, 1.2687975e-04],
         ...,
         [7.1028669e-05, 8.0776617e-06, 8.6045671e-05, ...,
          1.2273944e-04, 6.1927851e-05, 5.2005085e-05],
         [6.9399823e-05, 3.3394397e-05, 1.0989606e-04, ...,
          7.8280682e-05, 3.0440944e-05, 1.0094414e-04],
         [1.0964519e-04, 2.9022392e-05, 2.1234582e-05, ...,
          1.1254705e-04, 1.3356307e-04, 3.3368524e-05]]]],
      shape=(1, 1, 220, 220), dtype=float32)), Image(head=ImageHeader(version: 1, data_type: 5, flags: 0, measurement_uid: 0, matrix_size: (220, 220, 1), field_of_view: (0.0, 0.0, 0.0), channels: 1, position: (0.0, 0.0, 0.0), read_dir: (0.0, 0.0, 0.0), phase_dir: (0.0, 0.0, 0.0), slice_dir: (0.0, 0.0, 0.0), patient_table_position: (0.0, 0.0, 0.0), average: 0, slice: 0, contrast: 0, phase: 0, repetition: 0, set: 0, acquisition_time_stamp: 0, physiology_time_stamp: (0, 0, 0), image_type: 0, image_index: 0, image_series_index: 2, user_int: (0, 0, 0, 0, 0, 0, 0, 0), user_float: (0.0, 0.0, 0.0, 0.0, 0.0, 0.0, 0.0, 0.0), attribute_string_len: 0, ),meta={},data=array([[[[-0.10144478,  0.7556499 ,  1.0227467 , ..., -0.1999359 ,
           3.054364  ,  3.0823503 ],
         [-1.7445338 ,  0.7784483 ,  2.081688  , ..., -0.04240396,
          -0.05291376,  2.934891  ],
         [-1.1989164 ,  0.3890434 ,  0.95865667, ..., -0.4805639 ,
          -0.06187817,  0.01478321],
         ...,
         [-2.2502615 , -2.1167836 , -2.8759978 , ...,  3.13462   ,
           2.0946398 , -2.3420722 ],
         [-2.8750565 ,  0.16767879,  3.1165237 , ..., -2.910455  ,
           3.101856  , -2.638225  ],
         [-2.6963766 , -2.1739817 , -0.26635262, ...,  2.6580646 ,
           2.6457694 ,  0.06619277]]]],
      shape=(1, 1, 220, 220), dtype=float32)), Image(head=ImageHeader(version: 1, data_type: 5, flags: 0, measurement_uid: 0, matrix_size: (220, 220, 2), field_of_view: (0.0, 0.0, 0.0), channels: 1, position: (0.0, 0.0, 0.0), read_dir: (0.0, 0.0, 0.0), phase_dir: (0.0, 0.0, 0.0), slice_dir: (0.0, 0.0, 0.0), patient_table_position: (0.0, 0.0, 0.0), average: 0, slice: 0, contrast: 0, phase: 0, repetition: 0, set: 0, acquisition_time_stamp: 0, physiology_time_stamp: (0, 0, 0), image_type: 0, image_index: 0, image_series_index: 4, user_int: (0, 0, 0, 0, 0, 0, 0, 0), user_float: (0.0, 0.0, 0.0, 0.0, 0.0, 0.0, 0.0, 0.0), attribute_string_len: 0, ),meta={},data=array([[[[-0.10144478,  0.7556499 ,  1.0227467 , ..., -0.1999359 ,
           3.054364  ,  3.0823503 ],
         [-1.7445338 ,  0.7784483 ,  2.081688  , ..., -0.04240396,
          -0.05291376,  2.934891  ],
         [-1.1989164 ,  0.3890434 ,  0.95865667, ..., -0.4805639 ,
          -0.06187817,  0.01478321],
         ...,
         [-2.2502615 , -2.1167836 , -2.8759978 , ...,  3.13462   ,
           2.0946398 , -2.3420722 ],
         [-2.8750565 ,  0.16767879,  3.1165237 , ..., -2.910455  ,
           3.101856  , -2.638225  ],
         [-2.6963766 , -2.1739817 , -0.26635262, ...,  2.6580646 ,
           2.6457694 ,  0.06619277]],

        [[-0.10144478,  0.7556499 ,  1.0227467 , ..., -0.1999359 ,
           3.054364  ,  3.0823503 ],
         [-1.7445338 ,  0.7784483 ,  2.081688  , ..., -0.04240396,
          -0.05291376,  2.934891  ],
         [-1.1989164 ,  0.3890434 ,  0.95865667, ..., -0.4805639 ,
          -0.06187817,  0.01478321],
         ...,
         [-2.2502615 , -2.1167836 , -2.8759978 , ...,  3.13462   ,
           2.0946398 , -2.3420722 ],
         [-2.8750565 ,  0.16767879,  3.1165237 , ..., -2.910455  ,
           3.101856  , -2.638225  ],
         [-2.6963766 , -2.1739817 , -0.26635262, ...,  2.6580646 ,
           2.6457694 ,  0.06619277]]]],
      shape=(1, 2, 220, 220), dtype=float32)), Image(head=ImageHeader(version: 1, data_type: 5, flags: 0, measurement_uid: 0, matrix_size: (220, 220, 2), field_of_view: (0.0, 0.0, 0.0), channels: 1, position: (0.0, 0.0, 0.0), read_dir: (0.0, 0.0, 0.0), phase_dir: (0.0, 0.0, 0.0), slice_dir: (0.0, 0.0, 0.0), patient_table_position: (0.0, 0.0, 0.0), average: 0, slice: 0, contrast: 0, phase: 0, repetition: 0, set: 0, acquisition_time_stamp: 0, physiology_time_stamp: (0, 0, 0), image_type: 0, image_index: 0, image_series_index: 3, user_int: (0, 0, 0, 0, 0, 0, 0, 0), user_float: (0.0, 0.0, 0.0, 0.0, 0.0, 0.0, 0.0, 0.0), attribute_string_len: 0, ),meta={},data=array([[[[1.5982283e-05, 3.3662789e-05, 6.7655565e-05, ...,
          5.5076387e-05, 8.4391344e-05, 1.7705347e-04],
         [6.4297196e-06, 2.1097514e-05, 4.2208012e-05, ...,
          1.6985214e-04, 1.3277249e-04, 6.5142987e-05],
         [1.2589576e-05, 4.0483043e-05, 2.7083244e-05, ...,
          4.9103699e-05, 1.6547539e-04, 1.2687975e-04],
         ...,
         [7.1028669e-05, 8.0776617e-06, 8.6045671e-05, ...,
          1.2273944e-04, 6.1927851e-05, 5.2005085e-05],
         [6.9399823e-05, 3.3394397e-05, 1.0989606e-04, ...,
          7.8280682e-05, 3.0440944e-05, 1.0094414e-04],
         [1.0964519e-04, 2.9022392e-05, 2.1234582e-05, ...,
          1.1254705e-04, 1.3356307e-04, 3.3368524e-05]],

        [[1.5982283e-05, 3.3662789e-05, 6.7655565e-05, ...,
          5.5076387e-05, 8.4391344e-05, 1.7705347e-04],
         [6.4297196e-06, 2.1097514e-05, 4.2208012e-05, ...,
          1.6985214e-04, 1.3277249e-04, 6.5142987e-05],
         [1.2589576e-05, 4.0483043e-05, 2.7083244e-05, ...,
          4.9103699e-05, 1.6547539e-04, 1.2687975e-04],
         ...,
         [7.1028669e-05, 8.0776617e-06, 8.6045671e-05, ...,
          1.2273944e-04, 6.1927851e-05, 5.2005085e-05],
         [6.9399823e-05, 3.3394397e-05, 1.0989606e-04, ...,
          7.8280682e-05, 3.0440944e-05, 1.0094414e-04],
         [1.0964519e-04, 2.9022392e-05, 2.1234582e-05, ...,
          1.1254705e-04, 1.3356307e-04, 3.3368524e-05]]]],
      shape=(1, 2, 220, 220), dtype=float32))]
2026-09-22 18:07:01,778 - --> Sending MRD_MESSAGE_ISMRMRD_IMAGE (1022) (4 images)
2026-09-22 18:07:01,779 - <-- Received MRD_MESSAGE_CLOSE (4)
2026-09-22 18:07:01,780 -     Total received acquisitions:    16
2026-09-22 18:07:01,780 -     Total received images:           0
2026-09-22 18:07:01,780 -     Total received waveforms:        0
2026-09-22 18:07:01,780 - ------------------------------------------
2026-09-22 18:07:01,780 - --> Sending MRD_MESSAGE_CLOSE (4)
2026-09-22 18:07:01,781 - Socket closed
2026-09-22 18:07:22,519 - Accepting connection from: 172.17.0.1:56016
2026-09-22 18:07:22,525 -     bart_jemris
2026-09-22 18:07:22,529 - XML Metadata: <?xml version="1.0"?>
<ismrmrdHeader xmlns="http://www.ismrm.org/ISMRMRD" xmlns:xsi="http://www.w3.org/2001/XMLSchema-instance" xmlns:xs="http://www.w3.org/2001/XMLSchema" xsi:schemaLocation="http://www.ismrm.org/ISMRMRD ismrmrd.xsd">
	<acquisitionSystemInformation>
		<systemVendor>JEMRIS</systemVendor>
		<systemModel>v2.8.4</systemModel>
		<systemFieldStrength_T>0.000000</systemFieldStrength_T>
	</acquisitionSystemInformation>
	<experimentalConditions>
		<H1resonanceFrequency_Hz>140713325569856</H1resonanceFrequency_Hz>
	</experimentalConditions>
	<encoding>
		<encodedSpace>
			<matrixSize>
				<x>220</x>
				<y>220</y>
				<z>1</z>
			</matrixSize>
			<fieldOfView_mm>
				<x>220.000000</x>
				<y>220.000000</y>
				<z>1.000000</z>
			</fieldOfView_mm>
		</encodedSpace>
		<reconSpace>
			<matrixSize>
				<x>220</x>
				<y>220</y>
				<z>1</z>
			</matrixSize>
			<fieldOfView_mm>
				<x>220.000000</x>
				<y>220.000000</y>
				<z>1.000000</z>
			</fieldOfView_mm>
		</reconSpace>
		<encodingLimits>
			<kspace_encoding_step_1>
				<minimum>0</minimum>
				<maximum>78</maximum>
				<center>39</center>
			</kspace_encoding_step_1>
			<kspace_encoding_step_2>
				<minimum>0</minimum>
				<maximum>0</maximum>
				<center>0</center>
			</kspace_encoding_step_2>
			<average>
				<minimum>0</minimum>
				<maximum>0</maximum>
				<center>0</center>
			</average>
			<slice>
				<minimum>0</minimum>
				<maximum>0</maximum>
				<center>0</center>
			</slice>
			<contrast>
				<minimum>0</minimum>
				<maximum>0</maximum>
				<center>0</center>
			</contrast>
			<set>
				<minimum>0</minimum>
				<maximum>0</maximum>
				<center>0</center>
			</set>
			<segment>
				<minimum>0</minimum>
				<maximum>0</maximum>
				<center>0</center>
			</segment>
		</encodingLimits>
		<trajectory>other</trajectory>
	</encoding>
</ismrmrdHeader>

2026-09-22 18:07:22,534 - Data is from a JEMRIS v2.8.4 at 0.0T
2026-09-22 18:07:22,542 - Starting bart_jemris processing based on config
2026-09-22 18:07:22,542 - Config: 
bart_jemris
2026-09-22 18:07:22,542 - Reconstruction of simulated data.
2026-09-22 18:07:22,542 - Incoming dataset contains 1 encodings
2026-09-22 18:07:22,542 - Trajectory type 'other', matrix size (220 x 220 x 1), field of view (220.0 x 220.0 x 1.0)mm^3
2026-09-22 18:07:22,542 - <-- Received MRD_MESSAGE_ISMRMRD_ACQUISITION (1008) (total: 1)
2026-09-22 18:07:22,627 - Processing a group of k-space data
2026-09-22 18:07:22,638 - Trajectory shape = (3, 4940, 15) , Signal Shape = (1, 4940, 15, 1) 
2026-09-22 18:07:22,638 - Do BART reconstruction.
2026-09-22 18:07:22,987 - Image data is size (1, 4940, 15, 1)
2026-09-22 18:07:22,989 - Sending images to client:
[Image(head=ImageHeader(version: 1, data_type: 5, flags: 0, measurement_uid: 0, matrix_size: (220, 220, 1), field_of_view: (0.0, 0.0, 0.0), channels: 1, position: (0.0, 0.0, 0.0), read_dir: (0.0, 0.0, 0.0), phase_dir: (0.0, 0.0, 0.0), slice_dir: (0.0, 0.0, 0.0), patient_table_position: (0.0, 0.0, 0.0), average: 0, slice: 0, contrast: 0, phase: 0, repetition: 0, set: 0, acquisition_time_stamp: 0, physiology_time_stamp: (0, 0, 0), image_type: 0, image_index: 0, image_series_index: 1, user_int: (0, 0, 0, 0, 0, 0, 0, 0), user_float: (0.0, 0.0, 0.0, 0.0, 0.0, 0.0, 0.0, 0.0), attribute_string_len: 0, ),meta={},data=array([[[[1.59782176e-05, 3.36665216e-05, 6.76324998e-05, ...,
          5.50784280e-05, 8.44045207e-05, 1.77045426e-04],
         [6.40947701e-06, 2.10997641e-05, 4.22154262e-05, ...,
          1.69839244e-04, 1.32768269e-04, 6.51617374e-05],
         [1.25908318e-05, 4.04807070e-05, 2.70826749e-05, ...,
          4.90807906e-05, 1.65463192e-04, 1.26888161e-04],
         ...,
         [7.10045570e-05, 8.05902982e-06, 8.60432338e-05, ...,
          1.22758574e-04, 6.19340426e-05, 5.20050962e-05],
         [6.93942202e-05, 3.33994794e-05, 1.09882407e-04, ...,
          7.82943025e-05, 3.04177665e-05, 1.00935264e-04],
         [1.09636108e-04, 2.90166172e-05, 2.12342457e-05, ...,
          1.12555404e-04, 1.33563066e-04, 3.33662283e-05]]]],
      shape=(1, 1, 220, 220), dtype=float32)), Image(head=ImageHeader(version: 1, data_type: 5, flags: 0, measurement_uid: 0, matrix_size: (220, 220, 1), field_of_view: (0.0, 0.0, 0.0), channels: 1, position: (0.0, 0.0, 0.0), read_dir: (0.0, 0.0, 0.0), phase_dir: (0.0, 0.0, 0.0), slice_dir: (0.0, 0.0, 0.0), patient_table_position: (0.0, 0.0, 0.0), average: 0, slice: 0, contrast: 0, phase: 0, repetition: 0, set: 0, acquisition_time_stamp: 0, physiology_time_stamp: (0, 0, 0), image_type: 0, image_index: 0, image_series_index: 2, user_int: (0, 0, 0, 0, 0, 0, 0, 0), user_float: (0.0, 0.0, 0.0, 0.0, 0.0, 0.0, 0.0, 0.0), attribute_string_len: 0, ),meta={},data=array([[[[-0.10040446,  0.7561088 ,  1.0226237 , ..., -0.19948272,
           3.054103  ,  3.0822542 ],
         [-1.7445077 ,  0.7777653 ,  2.080955  , ..., -0.04238639,
          -0.05300692,  2.9347944 ],
         [-1.1989768 ,  0.38914174,  0.9594028 , ..., -0.47980183,
          -0.06183087,  0.01503379],
         ...,
         [-2.2505097 , -2.1187067 , -2.8763611 , ...,  3.1344557 ,
           2.0949273 , -2.3422804 ],
         [-2.8750956 ,  0.16752253,  3.116185  , ..., -2.9103284 ,
           3.1004512 , -2.6381977 ],
         [-2.696342  , -2.1740775 , -0.26543933, ...,  2.6578653 ,
           2.6457582 ,  0.06614082]]]],
      shape=(1, 1, 220, 220), dtype=float32)), Image(head=ImageHeader(version: 1, data_type: 5, flags: 0, measurement_uid: 0, matrix_size: (220, 220, 2), field_of_view: (0.0, 0.0, 0.0), channels: 1, position: (0.0, 0.0, 0.0), read_dir: (0.0, 0.0, 0.0), phase_dir: (0.0, 0.0, 0.0), slice_dir: (0.0, 0.0, 0.0), patient_table_position: (0.0, 0.0, 0.0), average: 0, slice: 0, contrast: 0, phase: 0, repetition: 0, set: 0, acquisition_time_stamp: 0, physiology_time_stamp: (0, 0, 0), image_type: 0, image_index: 0, image_series_index: 4, user_int: (0, 0, 0, 0, 0, 0, 0, 0), user_float: (0.0, 0.0, 0.0, 0.0, 0.0, 0.0, 0.0, 0.0), attribute_string_len: 0, ),meta={},data=array([[[[-0.10040446,  0.7561088 ,  1.0226237 , ..., -0.19948272,
           3.054103  ,  3.0822542 ],
         [-1.7445077 ,  0.7777653 ,  2.080955  , ..., -0.04238639,
          -0.05300692,  2.9347944 ],
         [-1.1989768 ,  0.38914174,  0.9594028 , ..., -0.47980183,
          -0.06183087,  0.01503379],
         ...,
         [-2.2505097 , -2.1187067 , -2.8763611 , ...,  3.1344557 ,
           2.0949273 , -2.3422804 ],
         [-2.8750956 ,  0.16752253,  3.116185  , ..., -2.9103284 ,
           3.1004512 , -2.6381977 ],
         [-2.696342  , -2.1740775 , -0.26543933, ...,  2.6578653 ,
           2.6457582 ,  0.06614082]],

        [[-0.10040446,  0.7561088 ,  1.0226237 , ..., -0.19948272,
           3.054103  ,  3.0822542 ],
         [-1.7445077 ,  0.7777653 ,  2.080955  , ..., -0.04238639,
          -0.05300692,  2.9347944 ],
         [-1.1989768 ,  0.38914174,  0.9594028 , ..., -0.47980183,
          -0.06183087,  0.01503379],
         ...,
         [-2.2505097 , -2.1187067 , -2.8763611 , ...,  3.1344557 ,
           2.0949273 , -2.3422804 ],
         [-2.8750956 ,  0.16752253,  3.116185  , ..., -2.9103284 ,
           3.1004512 , -2.6381977 ],
         [-2.696342  , -2.1740775 , -0.26543933, ...,  2.6578653 ,
           2.6457582 ,  0.06614082]]]],
      shape=(1, 2, 220, 220), dtype=float32)), Image(head=ImageHeader(version: 1, data_type: 5, flags: 0, measurement_uid: 0, matrix_size: (220, 220, 2), field_of_view: (0.0, 0.0, 0.0), channels: 1, position: (0.0, 0.0, 0.0), read_dir: (0.0, 0.0, 0.0), phase_dir: (0.0, 0.0, 0.0), slice_dir: (0.0, 0.0, 0.0), patient_table_position: (0.0, 0.0, 0.0), average: 0, slice: 0, contrast: 0, phase: 0, repetition: 0, set: 0, acquisition_time_stamp: 0, physiology_time_stamp: (0, 0, 0), image_type: 0, image_index: 0, image_series_index: 3, user_int: (0, 0, 0, 0, 0, 0, 0, 0), user_float: (0.0, 0.0, 0.0, 0.0, 0.0, 0.0, 0.0, 0.0), attribute_string_len: 0, ),meta={},data=array([[[[1.59782176e-05, 3.36665216e-05, 6.76324998e-05, ...,
          5.50784280e-05, 8.44045207e-05, 1.77045426e-04],
         [6.40947701e-06, 2.10997641e-05, 4.22154262e-05, ...,
          1.69839244e-04, 1.32768269e-04, 6.51617374e-05],
         [1.25908318e-05, 4.04807070e-05, 2.70826749e-05, ...,
          4.90807906e-05, 1.65463192e-04, 1.26888161e-04],
         ...,
         [7.10045570e-05, 8.05902982e-06, 8.60432338e-05, ...,
          1.22758574e-04, 6.19340426e-05, 5.20050962e-05],
         [6.93942202e-05, 3.33994794e-05, 1.09882407e-04, ...,
          7.82943025e-05, 3.04177665e-05, 1.00935264e-04],
         [1.09636108e-04, 2.90166172e-05, 2.12342457e-05, ...,
          1.12555404e-04, 1.33563066e-04, 3.33662283e-05]],

        [[1.59782176e-05, 3.36665216e-05, 6.76324998e-05, ...,
          5.50784280e-05, 8.44045207e-05, 1.77045426e-04],
         [6.40947701e-06, 2.10997641e-05, 4.22154262e-05, ...,
          1.69839244e-04, 1.32768269e-04, 6.51617374e-05],
         [1.25908318e-05, 4.04807070e-05, 2.70826749e-05, ...,
          4.90807906e-05, 1.65463192e-04, 1.26888161e-04],
         ...,
         [7.10045570e-05, 8.05902982e-06, 8.60432338e-05, ...,
          1.22758574e-04, 6.19340426e-05, 5.20050962e-05],
         [6.93942202e-05, 3.33994794e-05, 1.09882407e-04, ...,
          7.82943025e-05, 3.04177665e-05, 1.00935264e-04],
         [1.09636108e-04, 2.90166172e-05, 2.12342457e-05, ...,
          1.12555404e-04, 1.33563066e-04, 3.33662283e-05]]]],
      shape=(1, 2, 220, 220), dtype=float32))]
2026-09-22 18:07:22,995 - --> Sending MRD_MESSAGE_ISMRMRD_IMAGE (1022) (4 images)
2026-09-22 18:07:22,996 - <-- Received MRD_MESSAGE_CLOSE (4)
2026-09-22 18:07:22,996 -     Total received acquisitions:    16
2026-09-22 18:07:22,996 -     Total received images:           0
2026-09-22 18:07:22,997 -     Total received waveforms:        0
2026-09-22 18:07:22,997 - ------------------------------------------
2026-09-22 18:07:22,997 - --> Sending MRD_MESSAGE_CLOSE (4)
2026-09-22 18:07:22,997 - Socket closed
2026-09-22 18:17:37,602 - Starting server and listening for data at 0.0.0.0:9002
2026-09-22 18:17:37,602 - Serving... 
2026-09-22 18:17:40,709 - Accepting connection from: 172.17.0.1:42580
2026-09-22 18:17:40,713 -     bart_jemris
2026-09-22 18:17:40,720 - Data is from a JEMRIS v2.8.4 at 0.0T
2026-09-22 18:17:40,741 - Starting bart_jemris processing based on config
2026-09-22 18:17:40,741 - Config: 
bart_jemris
2026-09-22 18:17:40,742 - Reconstruction of simulated data.
2026-09-22 18:17:40,742 - Incoming dataset contains 1 encodings
2026-09-22 18:17:40,742 - Trajectory type 'other', matrix size (220 x 220 x 1), field of view (220.0 x 220.0 x 1.0)mm^3
2026-09-22 18:17:40,742 - <-- Received MRD_MESSAGE_ISMRMRD_ACQUISITION (1008) (total: 1)
2026-09-22 18:17:40,830 - Processing a group of k-space data
2026-09-22 18:17:40,843 - Trajectory shape = (3, 4940, 15) , Signal Shape = (1, 4940, 15, 1) 
2026-09-22 18:17:40,843 - Do BART reconstruction.
2026-09-22 18:17:41,199 - Image data is size (1, 4940, 15, 1)
2026-09-22 18:17:41,204 - Sending images to client:
[Image(head=ImageHeader(version: 1, data_type: 5, flags: 0, measurement_uid: 0, matrix_size: (220, 220, 1), field_of_view: (0.0, 0.0, 0.0), channels: 1, position: (0.0, 0.0, 0.0), read_dir: (0.0, 0.0, 0.0), phase_dir: (0.0, 0.0, 0.0), slice_dir: (0.0, 0.0, 0.0), patient_table_position: (0.0, 0.0, 0.0), average: 0, slice: 0, contrast: 0, phase: 0, repetition: 0, set: 0, acquisition_time_stamp: 0, physiology_time_stamp: (0, 0, 0), image_type: 0, image_index: 0, image_series_index: 1, user_int: (0, 0, 0, 0, 0, 0, 0, 0), user_float: (0.0, 0.0, 0.0, 0.0, 0.0, 0.0, 0.0, 0.0), attribute_string_len: 0, ),meta={},data=array([[[[1.62987089e-05, 8.45975956e-06, 1.46151278e-05, ...,
          7.30628235e-05, 6.99988668e-05, 1.09744309e-04],
         [3.18102684e-05, 1.98713697e-05, 3.96863798e-05, ...,
          1.00619745e-05, 3.32024174e-05, 3.04904534e-05],
         [6.53729730e-05, 4.04512466e-05, 2.56525163e-05, ...,
          8.62800516e-05, 1.09692795e-04, 2.29379148e-05],
         ...,
         [5.44492032e-05, 1.69551800e-04, 4.96839966e-05, ...,
          1.22725382e-04, 7.89256883e-05, 1.11219524e-04],
         [8.52459343e-05, 1.32504880e-04, 1.64970130e-04, ...,
          6.01800966e-05, 3.04696314e-05, 1.32036046e-04],
         [1.77816415e-04, 6.48263376e-05, 1.26177925e-04, ...,
          5.36315019e-05, 1.02147875e-04, 3.33365642e-05]]]],
      dtype=float32)), Image(head=ImageHeader(version: 1, data_type: 5, flags: 0, measurement_uid: 0, matrix_size: (220, 220, 1), field_of_view: (0.0, 0.0, 0.0), channels: 1, position: (0.0, 0.0, 0.0), read_dir: (0.0, 0.0, 0.0), phase_dir: (0.0, 0.0, 0.0), slice_dir: (0.0, 0.0, 0.0), patient_table_position: (0.0, 0.0, 0.0), average: 0, slice: 0, contrast: 0, phase: 0, repetition: 0, set: 0, acquisition_time_stamp: 0, physiology_time_stamp: (0, 0, 0), image_type: 0, image_index: 0, image_series_index: 2, user_int: (0, 0, 0, 0, 0, 0, 0, 0), user_float: (0.0, 0.0, 0.0, 0.0, 0.0, 0.0, 0.0, 0.0), attribute_string_len: 0, ),meta={},data=array([[[[-2.4073286e-01, -1.6618479e+00, -1.2412621e+00, ...,
          -2.2209659e+00, -2.8377934e+00, -2.6720703e+00],
         [ 7.0741457e-01,  7.0696247e-01,  3.4747702e-01, ...,
          -1.9659313e+00,  1.0096105e-01, -2.1015100e+00],
         [ 1.0049713e+00,  2.1000915e+00,  9.1889715e-01, ...,
          -2.8506465e+00,  3.1359622e+00, -3.5539281e-01],
         ...,
         [-2.4804659e-01, -5.5345546e-02, -5.2333182e-01, ...,
          -3.1338947e+00, -2.8878298e+00,  2.6777401e+00],
         [ 3.0838866e+00, -7.0017032e-02, -7.6476254e-02, ...,
           2.1089211e+00, -3.1185894e+00,  2.6608810e+00],
         [ 3.0965250e+00,  2.9758532e+00, -8.5018622e-03, ...,
          -2.3155456e+00, -2.6220381e+00, -2.7630080e-03]]]],
      dtype=float32)), Image(head=ImageHeader(version: 1, data_type: 5, flags: 0, measurement_uid: 0, matrix_size: (220, 220, 1), field_of_view: (0.0, 0.0, 0.0), channels: 1, position: (0.0, 0.0, 0.0), read_dir: (0.0, 0.0, 0.0), phase_dir: (0.0, 0.0, 0.0), slice_dir: (0.0, 0.0, 0.0), patient_table_position: (0.0, 0.0, 0.0), average: 0, slice: 0, contrast: 0, phase: 0, repetition: 0, set: 0, acquisition_time_stamp: 0, physiology_time_stamp: (0, 0, 0), image_type: 0, image_index: 0, image_series_index: 4, user_int: (0, 0, 0, 0, 0, 0, 0, 0), user_float: (0.0, 0.0, 0.0, 0.0, 0.0, 0.0, 0.0, 0.0), attribute_string_len: 0, ),meta={},data=array([[[[-2.4073286e-01, -1.6618479e+00, -1.2412621e+00, ...,
          -2.2209659e+00, -2.8377934e+00, -2.6720703e+00],
         [ 7.0741457e-01,  7.0696247e-01,  3.4747702e-01, ...,
          -1.9659313e+00,  1.0096105e-01, -2.1015100e+00],
         [ 1.0049713e+00,  2.1000915e+00,  9.1889715e-01, ...,
          -2.8506465e+00,  3.1359622e+00, -3.5539281e-01],
         ...,
         [-2.4804659e-01, -5.5345546e-02, -5.2333182e-01, ...,
          -3.1338947e+00, -2.8878298e+00,  2.6777401e+00],
         [ 3.0838866e+00, -7.0017032e-02, -7.6476254e-02, ...,
           2.1089211e+00, -3.1185894e+00,  2.6608810e+00],
         [ 3.0965250e+00,  2.9758532e+00, -8.5018622e-03, ...,
          -2.3155456e+00, -2.6220381e+00, -2.7630080e-03]]]],
      dtype=float32)), Image(head=ImageHeader(version: 1, data_type: 5, flags: 0, measurement_uid: 0, matrix_size: (220, 220, 1), field_of_view: (0.0, 0.0, 0.0), channels: 1, position: (0.0, 0.0, 0.0), read_dir: (0.0, 0.0, 0.0), phase_dir: (0.0, 0.0, 0.0), slice_dir: (0.0, 0.0, 0.0), patient_table_position: (0.0, 0.0, 0.0), average: 0, slice: 0, contrast: 0, phase: 0, repetition: 0, set: 0, acquisition_time_stamp: 0, physiology_time_stamp: (0, 0, 0), image_type: 0, image_index: 0, image_series_index: 3, user_int: (0, 0, 0, 0, 0, 0, 0, 0), user_float: (0.0, 0.0, 0.0, 0.0, 0.0, 0.0, 0.0, 0.0), attribute_string_len: 0, ),meta={},data=array([[[[1.62987089e-05, 8.45975956e-06, 1.46151278e-05, ...,
          7.30628235e-05, 6.99988668e-05, 1.09744309e-04],
         [3.18102684e-05, 1.98713697e-05, 3.96863798e-05, ...,
          1.00619745e-05, 3.32024174e-05, 3.04904534e-05],
         [6.53729730e-05, 4.04512466e-05, 2.56525163e-05, ...,
          8.62800516e-05, 1.09692795e-04, 2.29379148e-05],
         ...,
         [5.44492032e-05, 1.69551800e-04, 4.96839966e-05, ...,
          1.22725382e-04, 7.89256883e-05, 1.11219524e-04],
         [8.52459343e-05, 1.32504880e-04, 1.64970130e-04, ...,
          6.01800966e-05, 3.04696314e-05, 1.32036046e-04],
         [1.77816415e-04, 6.48263376e-05, 1.26177925e-04, ...,
          5.36315019e-05, 1.02147875e-04, 3.33365642e-05]]]],
      dtype=float32))]
2026-09-22 18:17:41,216 - --> Sending MRD_MESSAGE_ISMRMRD_IMAGE (1022) (4 images)
2026-09-22 18:17:41,218 - --> Sending MRD_MESSAGE_CLOSE (4)
2026-09-22 18:17:41,219 - Socket closed
2026-09-22 18:19:04,390 - Accepting connection from: 172.17.0.1:39404
2026-09-22 18:19:04,399 -     bart_jemris
2026-09-22 18:19:04,405 - Data is from a JEMRIS v2.8.4 at 0.0T
2026-09-22 18:19:04,412 - Starting bart_jemris processing based on config
2026-09-22 18:19:04,412 - Config: 
bart_jemris
2026-09-22 18:19:04,412 - Reconstruction of simulated data.
2026-09-22 18:19:04,412 - Incoming dataset contains 1 encodings
2026-09-22 18:19:04,413 - Trajectory type 'other', matrix size (220 x 220 x 1), field of view (220.0 x 220.0 x 1.0)mm^3
2026-09-22 18:19:04,414 - <-- Received MRD_MESSAGE_ISMRMRD_ACQUISITION (1008) (total: 1)
2026-09-22 18:19:04,524 - Processing a group of k-space data
2026-09-22 18:19:04,534 - Trajectory shape = (3, 4940, 15) , Signal Shape = (1, 4940, 15, 1) 
2026-09-22 18:19:04,534 - Do BART reconstruction.
2026-09-22 18:19:04,786 - Image data is size (1, 4940, 15, 1)
2026-09-22 18:19:04,787 - Sending images to client:
[Image(head=ImageHeader(version: 1, data_type: 5, flags: 0, measurement_uid: 0, matrix_size: (220, 220, 1), field_of_view: (0.0, 0.0, 0.0), channels: 1, position: (0.0, 0.0, 0.0), read_dir: (0.0, 0.0, 0.0), phase_dir: (0.0, 0.0, 0.0), slice_dir: (0.0, 0.0, 0.0), patient_table_position: (0.0, 0.0, 0.0), average: 0, slice: 0, contrast: 0, phase: 0, repetition: 0, set: 0, acquisition_time_stamp: 0, physiology_time_stamp: (0, 0, 0), image_type: 0, image_index: 0, image_series_index: 1, user_int: (0, 0, 0, 0, 0, 0, 0, 0), user_float: (0.0, 0.0, 0.0, 0.0, 0.0, 0.0, 0.0, 0.0), attribute_string_len: 0, ),meta={},data=array([[[[1.6313325e-05, 8.4560370e-06, 1.4639300e-05, ...,
          7.3058487e-05, 6.9991715e-05, 1.0974864e-04],
         [3.1799565e-05, 1.9884086e-05, 3.9689054e-05, ...,
          1.0053055e-05, 3.3204051e-05, 3.0495743e-05],
         [6.5383007e-05, 4.0457646e-05, 2.5676458e-05, ...,
          8.6254928e-05, 1.0968730e-04, 2.2948587e-05],
         ...,
         [5.4437849e-05, 1.6956794e-04, 4.9688260e-05, ...,
          1.2275156e-04, 7.8943223e-05, 1.1122461e-04],
         [8.5258864e-05, 1.3251214e-04, 1.6496188e-04, ...,
          6.0184262e-05, 3.0480836e-05, 1.3205194e-04],
         [1.7781662e-04, 6.4829728e-05, 1.2617248e-04, ...,
          5.3648386e-05, 1.0217286e-04, 3.3342065e-05]]]], dtype=float32)), Image(head=ImageHeader(version: 1, data_type: 5, flags: 0, measurement_uid: 0, matrix_size: (220, 220, 1), field_of_view: (0.0, 0.0, 0.0), channels: 1, position: (0.0, 0.0, 0.0), read_dir: (0.0, 0.0, 0.0), phase_dir: (0.0, 0.0, 0.0), slice_dir: (0.0, 0.0, 0.0), patient_table_position: (0.0, 0.0, 0.0), average: 0, slice: 0, contrast: 0, phase: 0, repetition: 0, set: 0, acquisition_time_stamp: 0, physiology_time_stamp: (0, 0, 0), image_type: 0, image_index: 0, image_series_index: 2, user_int: (0, 0, 0, 0, 0, 0, 0, 0), user_float: (0.0, 0.0, 0.0, 0.0, 0.0, 0.0, 0.0, 0.0), attribute_string_len: 0, ),meta={},data=array([[[[-2.40397438e-01, -1.66280055e+00, -1.24139953e+00, ...,
          -2.22106266e+00, -2.83784866e+00, -2.67203879e+00],
         [ 7.06291437e-01,  7.07104623e-01,  3.46716672e-01, ...,
          -1.96628582e+00,  1.00867905e-01, -2.10111046e+00],
         [ 1.00475740e+00,  2.10020208e+00,  9.19109881e-01, ...,
          -2.85054541e+00,  3.13581586e+00, -3.55133176e-01],
         ...,
         [-2.48136684e-01, -5.54526411e-02, -5.23948669e-01, ...,
          -3.13392568e+00, -2.88790488e+00,  2.67781067e+00],
         [ 3.08373213e+00, -6.98822662e-02, -7.66073689e-02, ...,
           2.10935926e+00, -3.11836386e+00,  2.66089797e+00],
         [ 3.09656477e+00,  2.97562909e+00, -8.61780811e-03, ...,
          -2.31573248e+00, -2.62208891e+00, -2.91590812e-03]]]],
      dtype=float32)), Image(head=ImageHeader(version: 1, data_type: 5, flags: 0, measurement_uid: 0, matrix_size: (220, 220, 1), field_of_view: (0.0, 0.0, 0.0), channels: 1, position: (0.0, 0.0, 0.0), read_dir: (0.0, 0.0, 0.0), phase_dir: (0.0, 0.0, 0.0), slice_dir: (0.0, 0.0, 0.0), patient_table_position: (0.0, 0.0, 0.0), average: 0, slice: 0, contrast: 0, phase: 0, repetition: 0, set: 0, acquisition_time_stamp: 0, physiology_time_stamp: (0, 0, 0), image_type: 0, image_index: 0, image_series_index: 4, user_int: (0, 0, 0, 0, 0, 0, 0, 0), user_float: (0.0, 0.0, 0.0, 0.0, 0.0, 0.0, 0.0, 0.0), attribute_string_len: 0, ),meta={},data=array([[[[-2.40397438e-01, -1.66280055e+00, -1.24139953e+00, ...,
          -2.22106266e+00, -2.83784866e+00, -2.67203879e+00],
         [ 7.06291437e-01,  7.07104623e-01,  3.46716672e-01, ...,
          -1.96628582e+00,  1.00867905e-01, -2.10111046e+00],
         [ 1.00475740e+00,  2.10020208e+00,  9.19109881e-01, ...,
          -2.85054541e+00,  3.13581586e+00, -3.55133176e-01],
         ...,
         [-2.48136684e-01, -5.54526411e-02, -5.23948669e-01, ...,
          -3.13392568e+00, -2.88790488e+00,  2.67781067e+00],
         [ 3.08373213e+00, -6.98822662e-02, -7.66073689e-02, ...,
           2.10935926e+00, -3.11836386e+00,  2.66089797e+00],
         [ 3.09656477e+00,  2.97562909e+00, -8.61780811e-03, ...,
          -2.31573248e+00, -2.62208891e+00, -2.91590812e-03]]]],
      dtype=float32)), Image(head=ImageHeader(version: 1, data_type: 5, flags: 0, measurement_uid: 0, matrix_size: (220, 220, 1), field_of_view: (0.0, 0.0, 0.0), channels: 1, position: (0.0, 0.0, 0.0), read_dir: (0.0, 0.0, 0.0), phase_dir: (0.0, 0.0, 0.0), slice_dir: (0.0, 0.0, 0.0), patient_table_position: (0.0, 0.0, 0.0), average: 0, slice: 0, contrast: 0, phase: 0, repetition: 0, set: 0, acquisition_time_stamp: 0, physiology_time_stamp: (0, 0, 0), image_type: 0, image_index: 0, image_series_index: 3, user_int: (0, 0, 0, 0, 0, 0, 0, 0), user_float: (0.0, 0.0, 0.0, 0.0, 0.0, 0.0, 0.0, 0.0), attribute_string_len: 0, ),meta={},data=array([[[[1.6313325e-05, 8.4560370e-06, 1.4639300e-05, ...,
          7.3058487e-05, 6.9991715e-05, 1.0974864e-04],
         [3.1799565e-05, 1.9884086e-05, 3.9689054e-05, ...,
          1.0053055e-05, 3.3204051e-05, 3.0495743e-05],
         [6.5383007e-05, 4.0457646e-05, 2.5676458e-05, ...,
          8.6254928e-05, 1.0968730e-04, 2.2948587e-05],
         ...,
         [5.4437849e-05, 1.6956794e-04, 4.9688260e-05, ...,
          1.2275156e-04, 7.8943223e-05, 1.1122461e-04],
         [8.5258864e-05, 1.3251214e-04, 1.6496188e-04, ...,
          6.0184262e-05, 3.0480836e-05, 1.3205194e-04],
         [1.7781662e-04, 6.4829728e-05, 1.2617248e-04, ...,
          5.3648386e-05, 1.0217286e-04, 3.3342065e-05]]]], dtype=float32))]
2026-09-22 18:19:04,790 - --> Sending MRD_MESSAGE_ISMRMRD_IMAGE (1022) (4 images)
2026-09-22 18:19:04,791 - --> Sending MRD_MESSAGE_CLOSE (4)
2026-09-22 18:19:04,791 - Socket closed
2026-09-22 18:20:34,759 - Starting server and listening for data at 0.0.0.0:9002
2026-09-22 18:20:34,759 - Default config is invertcontrast
2026-09-22 18:20:34,759 - Serving... 
2026-09-22 18:20:36,814 - Accepting connection from: 172.17.0.1:52408
2026-09-22 18:20:36,818 -     bart_jemris
2026-09-22 18:20:36,821 - XML Metadata: <?xml version="1.0"?>
<ismrmrdHeader xmlns="http://www.ismrm.org/ISMRMRD" xmlns:xsi="http://www.w3.org/2001/XMLSchema-instance" xmlns:xs="http://www.w3.org/2001/XMLSchema" xsi:schemaLocation="http://www.ismrm.org/ISMRMRD ismrmrd.xsd">
	<acquisitionSystemInformation>
		<systemVendor>JEMRIS</systemVendor>
		<systemModel>v2.8.4</systemModel>
		<systemFieldStrength_T>0.000000</systemFieldStrength_T>
	</acquisitionSystemInformation>
	<experimentalConditions>
		<H1resonanceFrequency_Hz>140713325569856</H1resonanceFrequency_Hz>
	</experimentalConditions>
	<encoding>
		<encodedSpace>
			<matrixSize>
				<x>220</x>
				<y>220</y>
				<z>1</z>
			</matrixSize>
			<fieldOfView_mm>
				<x>220.000000</x>
				<y>220.000000</y>
				<z>1.000000</z>
			</fieldOfView_mm>
		</encodedSpace>
		<reconSpace>
			<matrixSize>
				<x>220</x>
				<y>220</y>
				<z>1</z>
			</matrixSize>
			<fieldOfView_mm>
				<x>220.000000</x>
				<y>220.000000</y>
				<z>1.000000</z>
			</fieldOfView_mm>
		</reconSpace>
		<encodingLimits>
			<kspace_encoding_step_1>
				<minimum>0</minimum>
				<maximum>78</maximum>
				<center>39</center>
			</kspace_encoding_step_1>
			<kspace_encoding_step_2>
				<minimum>0</minimum>
				<maximum>0</maximum>
				<center>0</center>
			</kspace_encoding_step_2>
			<average>
				<minimum>0</minimum>
				<maximum>0</maximum>
				<center>0</center>
			</average>
			<slice>
				<minimum>0</minimum>
				<maximum>0</maximum>
				<center>0</center>
			</slice>
			<contrast>
				<minimum>0</minimum>
				<maximum>0</maximum>
				<center>0</center>
			</contrast>
			<set>
				<minimum>0</minimum>
				<maximum>0</maximum>
				<center>0</center>
			</set>
			<segment>
				<minimum>0</minimum>
				<maximum>0</maximum>
				<center>0</center>
			</segment>
		</encodingLimits>
		<trajectory>other</trajectory>
	</encoding>
</ismrmrdHeader>

2026-09-22 18:20:36,826 - Data is from a JEMRIS v2.8.4 at 0.0T
2026-09-22 18:20:36,838 - Starting bart_jemris processing based on config
2026-09-22 18:20:36,838 - Config: 
bart_jemris
2026-09-22 18:20:36,838 - Reconstruction of simulated data.
2026-09-22 18:20:36,838 - Incoming dataset contains 1 encodings
2026-09-22 18:20:36,838 - Trajectory type 'other', matrix size (220 x 220 x 1), field of view (220.0 x 220.0 x 1.0)mm^3
2026-09-22 18:20:36,839 - <-- Received MRD_MESSAGE_ISMRMRD_ACQUISITION (1008) (total: 1)
2026-09-22 18:20:36,941 - Processing a group of k-space data
2026-09-22 18:20:36,956 - Trajectory shape = (3, 4940, 15) , Signal Shape = (1, 4940, 15, 1) 
2026-09-22 18:20:36,956 - Do BART reconstruction.
2026-09-22 18:20:37,331 - Image data is size (1, 4940, 15, 1)
2026-09-22 18:20:37,333 - Sending images to client:
[Image(head=ImageHeader(version: 1, data_type: 5, flags: 0, measurement_uid: 0, matrix_size: (220, 220, 1), field_of_view: (0.0, 0.0, 0.0), channels: 1, position: (0.0, 0.0, 0.0), read_dir: (0.0, 0.0, 0.0), phase_dir: (0.0, 0.0, 0.0), slice_dir: (0.0, 0.0, 0.0), patient_table_position: (0.0, 0.0, 0.0), average: 0, slice: 0, contrast: 0, phase: 0, repetition: 0, set: 0, acquisition_time_stamp: 0, physiology_time_stamp: (0, 0, 0), image_type: 0, image_index: 0, image_series_index: 1, user_int: (0, 0, 0, 0, 0, 0, 0, 0), user_float: (0.0, 0.0, 0.0, 0.0, 0.0, 0.0, 0.0, 0.0), attribute_string_len: 0, ),meta={},data=array([[[[1.59786505e-05, 3.36726371e-05, 6.76449563e-05, ...,
          5.50855875e-05, 8.43913585e-05, 1.77038368e-04],
         [6.40657527e-06, 2.10974522e-05, 4.22104458e-05, ...,
          1.69846360e-04, 1.32746325e-04, 6.51483133e-05],
         [1.25722718e-05, 4.04856655e-05, 2.71018562e-05, ...,
          4.90971070e-05, 1.65470759e-04, 1.26877261e-04],
         ...,
         [7.10009917e-05, 8.06858316e-06, 8.60446526e-05, ...,
          1.22738449e-04, 6.19385755e-05, 5.19961795e-05],
         [6.93752081e-05, 3.34147517e-05, 1.09869201e-04, ...,
          7.82748320e-05, 3.04334735e-05, 1.00933401e-04],
         [1.09659908e-04, 2.90373791e-05, 2.12265677e-05, ...,
          1.12568865e-04, 1.33565249e-04, 3.33571115e-05]]]],
      shape=(1, 1, 220, 220), dtype=float32)), Image(head=ImageHeader(version: 1, data_type: 5, flags: 0, measurement_uid: 0, matrix_size: (220, 220, 1), field_of_view: (0.0, 0.0, 0.0), channels: 1, position: (0.0, 0.0, 0.0), read_dir: (0.0, 0.0, 0.0), phase_dir: (0.0, 0.0, 0.0), slice_dir: (0.0, 0.0, 0.0), patient_table_position: (0.0, 0.0, 0.0), average: 0, slice: 0, contrast: 0, phase: 0, repetition: 0, set: 0, acquisition_time_stamp: 0, physiology_time_stamp: (0, 0, 0), image_type: 0, image_index: 0, image_series_index: 2, user_int: (0, 0, 0, 0, 0, 0, 0, 0), user_float: (0.0, 0.0, 0.0, 0.0, 0.0, 0.0, 0.0, 0.0), attribute_string_len: 0, ),meta={},data=array([[[[-0.10060997,  0.7563962 ,  1.0227467 , ..., -0.19972572,
           3.054503  ,  3.0823681 ],
         [-1.7460258 ,  0.77826786,  2.0815482 , ..., -0.0423783 ,
          -0.05296785,  2.9350386 ],
         [-1.1980318 ,  0.38919544,  0.9595571 , ..., -0.4802368 ,
          -0.06181366,  0.01480579],
         ...,
         [-2.2503185 , -2.116928  , -2.8760262 , ...,  3.1346812 ,
           2.094387  , -2.34236   ],
         [-2.874912  ,  0.16772003,  3.1163883 , ..., -2.9105964 ,
           3.1014023 , -2.6381903 ],
         [-2.6962094 , -2.1733866 , -0.2665662 , ...,  2.6580038 ,
           2.645805  ,  0.06629857]]]],
      shape=(1, 1, 220, 220), dtype=float32)), Image(head=ImageHeader(version: 1, data_type: 5, flags: 0, measurement_uid: 0, matrix_size: (220, 220, 1), field_of_view: (0.0, 0.0, 0.0), channels: 1, position: (0.0, 0.0, 0.0), read_dir: (0.0, 0.0, 0.0), phase_dir: (0.0, 0.0, 0.0), slice_dir: (0.0, 0.0, 0.0), patient_table_position: (0.0, 0.0, 0.0), average: 0, slice: 0, contrast: 0, phase: 0, repetition: 0, set: 0, acquisition_time_stamp: 0, physiology_time_stamp: (0, 0, 0), image_type: 0, image_index: 0, image_series_index: 4, user_int: (0, 0, 0, 0, 0, 0, 0, 0), user_float: (0.0, 0.0, 0.0, 0.0, 0.0, 0.0, 0.0, 0.0), attribute_string_len: 0, ),meta={},data=array([[[[-0.10060997,  0.7563962 ,  1.0227467 , ..., -0.19972572,
           3.054503  ,  3.0823681 ],
         [-1.7460258 ,  0.77826786,  2.0815482 , ..., -0.0423783 ,
          -0.05296785,  2.9350386 ],
         [-1.1980318 ,  0.38919544,  0.9595571 , ..., -0.4802368 ,
          -0.06181366,  0.01480579],
         ...,
         [-2.2503185 , -2.116928  , -2.8760262 , ...,  3.1346812 ,
           2.094387  , -2.34236   ],
         [-2.874912  ,  0.16772003,  3.1163883 , ..., -2.9105964 ,
           3.1014023 , -2.6381903 ],
         [-2.6962094 , -2.1733866 , -0.2665662 , ...,  2.6580038 ,
           2.645805  ,  0.06629857]]]],
      shape=(1, 1, 220, 220), dtype=float32)), Image(head=ImageHeader(version: 1, data_type: 5, flags: 0, measurement_uid: 0, matrix_size: (220, 220, 1), field_of_view: (0.0, 0.0, 0.0), channels: 1, position: (0.0, 0.0, 0.0), read_dir: (0.0, 0.0, 0.0), phase_dir: (0.0, 0.0, 0.0), slice_dir: (0.0, 0.0, 0.0), patient_table_position: (0.0, 0.0, 0.0), average: 0, slice: 0, contrast: 0, phase: 0, repetition: 0, set: 0, acquisition_time_stamp: 0, physiology_time_stamp: (0, 0, 0), image_type: 0, image_index: 0, image_series_index: 3, user_int: (0, 0, 0, 0, 0, 0, 0, 0), user_float: (0.0, 0.0, 0.0, 0.0, 0.0, 0.0, 0.0, 0.0), attribute_string_len: 0, ),meta={},data=array([[[[1.59786505e-05, 3.36726371e-05, 6.76449563e-05, ...,
          5.50855875e-05, 8.43913585e-05, 1.77038368e-04],
         [6.40657527e-06, 2.10974522e-05, 4.22104458e-05, ...,
          1.69846360e-04, 1.32746325e-04, 6.51483133e-05],
         [1.25722718e-05, 4.04856655e-05, 2.71018562e-05, ...,
          4.90971070e-05, 1.65470759e-04, 1.26877261e-04],
         ...,
         [7.10009917e-05, 8.06858316e-06, 8.60446526e-05, ...,
          1.22738449e-04, 6.19385755e-05, 5.19961795e-05],
         [6.93752081e-05, 3.34147517e-05, 1.09869201e-04, ...,
          7.82748320e-05, 3.04334735e-05, 1.00933401e-04],
         [1.09659908e-04, 2.90373791e-05, 2.12265677e-05, ...,
          1.12568865e-04, 1.33565249e-04, 3.33571115e-05]]]],
      shape=(1, 1, 220, 220), dtype=float32))]
2026-09-22 18:20:37,338 - --> Sending MRD_MESSAGE_ISMRMRD_IMAGE (1022) (4 images)
2026-09-22 18:20:37,338 - <-- Received MRD_MESSAGE_CLOSE (4)
2026-09-22 18:20:37,338 -     Total received acquisitions:    16
2026-09-22 18:20:37,338 -     Total received images:           0
2026-09-22 18:20:37,338 -     Total received waveforms:        0
2026-09-22 18:20:37,339 - ------------------------------------------
2026-09-22 18:20:37,339 - --> Sending MRD_MESSAGE_CLOSE (4)
2026-09-22 18:20:37,339 - Socket closed
2026-09-22 18:25:37,266 - Accepting connection from: 172.17.0.1:34298
2026-09-22 18:25:37,351 -     bart_jemris
2026-09-22 18:25:37,361 - XML Metadata: <?xml version="1.0"?>
<ismrmrdHeader xmlns="http://www.ismrm.org/ISMRMRD" xmlns:xsi="http://www.w3.org/2001/XMLSchema-instance" xmlns:xs="http://www.w3.org/2001/XMLSchema" xsi:schemaLocation="http://www.ismrm.org/ISMRMRD ismrmrd.xsd">
	<measurementInformation>
		<patientPosition></patientPosition>
		<protocolName>radial.xml</protocolName>
	</measurementInformation>
	<acquisitionSystemInformation>
		<systemVendor>JEMRIS</systemVendor>
		<systemModel>v2.8.4</systemModel>
		<systemFieldStrength_T>0.000000</systemFieldStrength_T>
	</acquisitionSystemInformation>
	<experimentalConditions>
		<H1resonanceFrequency_Hz>0</H1resonanceFrequency_Hz>
	</experimentalConditions>
	<encoding>
		<encodedSpace>
			<matrixSize>
				<x>100</x>
				<y>100</y>
				<z>1</z>
			</matrixSize>
			<fieldOfView_mm>
				<x>200.000000</x>
				<y>200.000000</y>
				<z>1.000000</z>
			</fieldOfView_mm>
		</encodedSpace>
		<reconSpace>
			<matrixSize>
				<x>100</x>
				<y>100</y>
				<z>1</z>
			</matrixSize>
			<fieldOfView_mm>
				<x>200.000000</x>
				<y>200.000000</y>
				<z>1.000000</z>
			</fieldOfView_mm>
		</reconSpace>
		<encodingLimits>
			<kspace_encoding_step_1>
				<minimum>0</minimum>
				<maximum>99</maximum>
				<center>50</center>
			</kspace_encoding_step_1>
			<kspace_encoding_step_2>
				<minimum>0</minimum>
				<maximum>0</maximum>
				<center>0</center>
			</kspace_encoding_step_2>
			<average>
				<minimum>0</minimum>
				<maximum>0</maximum>
				<center>0</center>
			</average>
			<slice>
				<minimum>0</minimum>
				<maximum>0</maximum>
				<center>0</center>
			</slice>
			<contrast>
				<minimum>0</minimum>
				<maximum>0</maximum>
				<center>0</center>
			</contrast>
			<set>
				<minimum>0</minimum>
				<maximum>0</maximum>
				<center>0</center>
			</set>
			<segment>
				<minimum>0</minimum>
				<maximum>0</maximum>
				<center>0</center>
			</segment>
		</encodingLimits>
		<trajectory>other</trajectory>
	</encoding>
	<userParameters>
		<userParameterString>
			<name>seq_signature</name>
			<value></value>
		</userParameterString>
	</userParameters>
</ismrmrdHeader>

2026-09-22 18:25:37,371 - Data is from a JEMRIS v2.8.4 at 0.0T
2026-09-22 18:25:37,372 - Starting bart_jemris processing based on config
2026-09-22 18:25:37,372 - Config: 
bart_jemris
2026-09-22 18:25:37,372 - Reconstruction of simulated data.
2026-09-22 18:25:37,372 - Incoming dataset contains 1 encodings
2026-09-22 18:25:37,372 - Trajectory type 'other', matrix size (100 x 100 x 1), field of view (200.0 x 200.0 x 1.0)mm^3
2026-09-22 18:25:37,372 - <-- Received MRD_MESSAGE_ISMRMRD_ACQUISITION (1008) (total: 1)
2026-09-22 18:25:37,650 - <-- Received MRD_MESSAGE_ISMRMRD_ACQUISITION (1008) (total: 100)
2026-09-22 18:25:37,673 - Processing a group of k-space data
2026-09-22 18:25:37,678 - Trajectory shape = (3, 100, 100) , Signal Shape = (1, 100, 100, 8) 
2026-09-22 18:25:37,685 - Do BART reconstruction.
2026-09-22 18:25:38,343 - Image data is size (100, 100)
2026-09-22 18:25:38,344 - Sending images to client:
[Image(head=ImageHeader(version: 1, data_type: 5, flags: 0, measurement_uid: 0, matrix_size: (100, 100, 1), field_of_view: (0.0, 0.0, 0.0), channels: 1, position: (0.0, 0.0, 0.0), read_dir: (0.0, 0.0, 0.0), phase_dir: (0.0, 0.0, 0.0), slice_dir: (0.0, 0.0, 0.0), patient_table_position: (0.0, 0.0, 0.0), average: 0, slice: 0, contrast: 0, phase: 0, repetition: 0, set: 0, acquisition_time_stamp: 0, physiology_time_stamp: (0, 0, 0), image_type: 0, image_index: 0, image_series_index: 1, user_int: (0, 0, 0, 0, 0, 0, 0, 0), user_float: (0.0, 0.0, 0.0, 0.0, 0.0, 0.0, 0.0, 0.0), attribute_string_len: 0, ),meta={},data=array([[[[3.3659074e-03, 2.2955928e-03, 3.5304809e-03, ...,
          2.3479967e-03, 2.4373145e-03, 1.8586423e-03],
         [2.8067792e-03, 6.7255145e-04, 1.0937457e-03, ...,
          2.0520918e-03, 7.3740067e-04, 3.1969978e-03],
         [4.0226071e-03, 9.2598703e-04, 1.9124156e-03, ...,
          1.3616766e-03, 4.4760629e-04, 3.2250741e-03],
         ...,
         [2.9632025e-03, 2.1668947e-03, 1.1967444e-03, ...,
          2.5552213e-03, 1.9111600e-03, 3.5427157e-03],
         [3.2646579e-03, 5.6667090e-04, 9.9873566e-04, ...,
          1.4684412e-03, 2.8227103e-05, 2.5029529e-03],
         [1.9267739e-03, 3.3841201e-03, 3.0280589e-03, ...,
          3.7922754e-03, 2.8312036e-03, 2.8735413e-03]]]],
      shape=(1, 1, 100, 100), dtype=float32)), Image(head=ImageHeader(version: 1, data_type: 5, flags: 0, measurement_uid: 0, matrix_size: (100, 100, 1), field_of_view: (0.0, 0.0, 0.0), channels: 1, position: (0.0, 0.0, 0.0), read_dir: (0.0, 0.0, 0.0), phase_dir: (0.0, 0.0, 0.0), slice_dir: (0.0, 0.0, 0.0), patient_table_position: (0.0, 0.0, 0.0), average: 0, slice: 0, contrast: 0, phase: 0, repetition: 0, set: 0, acquisition_time_stamp: 0, physiology_time_stamp: (0, 0, 0), image_type: 0, image_index: 0, image_series_index: 2, user_int: (0, 0, 0, 0, 0, 0, 0, 0), user_float: (0.0, 0.0, 0.0, 0.0, 0.0, 0.0, 0.0, 0.0), attribute_string_len: 0, ),meta={},data=array([[[[-1.6451852 ,  2.190858  , -1.1878538 , ...,  0.50915205,
          -2.125074  , -0.0768137 ],
         [ 0.9510647 ,  1.5403891 ,  1.1062937 , ...,  1.7826455 ,
          -1.9236586 ,  2.1343389 ],
         [-2.0389776 ,  2.0080976 , -1.630244  , ..., -0.7341841 ,
          -2.695471  , -0.64472723],
         ...,
         [ 2.422698  ,  1.2772933 , -2.6404362 , ...,  1.5643575 ,
          -1.2916356 ,  0.9886657 ],
         [-1.1199061 , -1.2403338 , -1.1243932 , ..., -1.9453057 ,
           3.096057  , -2.4256966 ],
         [ 3.005156  ,  1.0024216 , -2.5302773 , ...,  2.0869265 ,
          -0.8679766 ,  1.5737393 ]]]],
      shape=(1, 1, 100, 100), dtype=float32)), Image(head=ImageHeader(version: 1, data_type: 5, flags: 0, measurement_uid: 0, matrix_size: (100, 100, 8), field_of_view: (0.0, 0.0, 0.0), channels: 1, position: (0.0, 0.0, 0.0), read_dir: (0.0, 0.0, 0.0), phase_dir: (0.0, 0.0, 0.0), slice_dir: (0.0, 0.0, 0.0), patient_table_position: (0.0, 0.0, 0.0), average: 0, slice: 0, contrast: 0, phase: 0, repetition: 0, set: 0, acquisition_time_stamp: 0, physiology_time_stamp: (0, 0, 0), image_type: 0, image_index: 0, image_series_index: 4, user_int: (0, 0, 0, 0, 0, 0, 0, 0), user_float: (0.0, 0.0, 0.0, 0.0, 0.0, 0.0, 0.0, 0.0), attribute_string_len: 0, ),meta={},data=array([[[[ 1.5052383 , -1.6562263 ,  1.4860642 , ..., -1.8094623 ,
           1.7009143 , -2.0024633 ],
         [ 1.4688975 , -1.680231  ,  1.5293975 , ..., -1.4302694 ,
           0.75379926, -1.430376  ],
         [ 1.501842  , -1.6808282 ,  1.462837  , ..., -2.0304196 ,
           1.7112947 , -2.6520157 ],
         ...,
         [-1.7266343 , -1.754126  , -2.178746  , ..., -1.3907669 ,
          -1.310842  , -1.4660375 ],
         [ 1.4177437 ,  1.0086358 ,  1.3882198 , ..., -2.373827  ,
           1.7275039 ,  2.0156324 ],
         [-1.8789947 , -1.7353513 , -2.183869  , ..., -1.4481072 ,
          -1.2770324 , -1.4395052 ]],

        [[ 0.8318725 , -1.9324982 ,  0.8159329 , ..., -2.2461047 ,
           0.99820215, -2.217219  ],
         [ 2.5682044 , -2.3185313 ,  1.7186017 , ..., -2.0984638 ,
           0.9865202 , -2.1182508 ],
         [ 0.8260454 ,  0.08317418,  0.82099915, ..., -2.1730945 ,
           1.0358328 , -2.094376  ],
         ...,
         [-2.3837333 , -2.5417786 , -2.4156854 , ..., -2.3428805 ,
          -1.7351338 , -2.3549507 ],
         [ 0.65079087,  0.78822005,  0.60099983, ..., -2.5894675 ,
           0.78346336,  1.9587793 ],
         [-2.396069  , -2.5133085 , -2.4553242 , ..., -2.3106947 ,
          -1.6526929 , -2.3179767 ]],

        [[ 0.08901391, -1.1795695 ,  0.10125091, ..., -2.7904723 ,
           0.22125697, -2.4699807 ],
         [ 2.7379103 , -3.0292292 ,  2.674799  , ..., -2.87502   ,
           1.2528452 , -2.923759  ],
         [ 0.06895573, -0.18888193,  0.10647364, ..., -2.4770236 ,
           0.21979842, -1.1843196 ],
         ...,
         [-3.1369438 ,  2.9999683 , -2.709714  , ...,  2.995561  ,
          -0.23328175,  3.0365133 ],
         [-0.12665267,  0.31669775, -0.12696052, ..., -3.1203392 ,
          -0.12471201, -3.1226056 ],
         [-3.085051  ,  3.0281181 , -2.976267  , ...,  3.114021  ,
           0.25669068,  3.0770047 ]],

        ...,

        [[-2.4388022 , -0.35063022, -2.4932165 , ...,  3.032596  ,
          -2.5468478 , -2.4491365 ],
         [ 1.7871628 ,  0.70715433,  2.4846303 , ...,  0.55290663,
           0.708565  ,  0.62619877],
         [-2.3745584 , -1.5279906 , -2.4591928 , ..., -2.6578014 ,
          -2.5511568 , -2.434104  ],
         ...,
         [ 0.89605737,  0.80247796, -2.3982081 , ...,  0.6845193 ,
          -0.35899022,  0.6844535 ],
         [-2.36562   ,  0.5783363 , -2.3634017 , ...,  1.6640549 ,
          -2.4610894 ,  2.9364655 ],
         [-2.69715   ,  0.69062304, -2.6488695 , ...,  0.6412575 ,
          -0.19077271,  0.6901365 ]],

        [[ 2.9711716 , -0.69119513,  2.9117393 , ..., -1.7140436 ,
           3.018187  , -2.4299    ],
         [ 1.926895  , -0.28378606,  2.3037684 , ..., -0.13067736,
           0.36316207, -0.08403821],
         [ 3.0043736 , -1.5525659 ,  2.8230288 , ..., -2.7702901 ,
           3.0270455 , -2.7879713 ],
         ...,
         [-0.5366975 ,  0.01049559, -2.9096782 , ...,  0.03166107,
          -0.37965852, -0.00577394],
         [ 3.0947292 ,  0.11930155,  3.110427  , ...,  1.9593581 ,
          -3.1060543 ,  2.840911  ],
         [-3.0012283 , -0.08590103,  3.1115925 , ..., -0.02836417,
          -0.33205667,  0.02467468]],

        [[ 2.1963797 , -1.1829461 ,  2.1621537 , ..., -1.5502427 ,
           2.3589518 , -2.074823  ],
         [ 1.7363334 , -1.0459284 ,  1.8953722 , ..., -0.782023  ,
           0.32308993, -0.7675678 ],
         [ 2.1883519 , -1.6256443 ,  2.0734549 , ..., -2.411159  ,
           2.3592274 , -2.8982534 ],
         ...,
         [-1.1158769 , -0.86947274, -2.999847  , ..., -0.6218762 ,
          -0.7825992 , -0.6990224 ],
         [ 2.2318196 ,  0.10915192,  2.2474353 , ...,  2.9904625 ,
           2.508047  ,  2.464066  ],
         [-2.0465045 , -0.9000559 ,  2.7919466 , ..., -0.69001234,
          -0.7599225 , -0.6637718 ]]]],
      shape=(1, 8, 100, 100), dtype=float32)), Image(head=ImageHeader(version: 1, data_type: 5, flags: 0, measurement_uid: 0, matrix_size: (100, 100, 8), field_of_view: (0.0, 0.0, 0.0), channels: 1, position: (0.0, 0.0, 0.0), read_dir: (0.0, 0.0, 0.0), phase_dir: (0.0, 0.0, 0.0), slice_dir: (0.0, 0.0, 0.0), patient_table_position: (0.0, 0.0, 0.0), average: 0, slice: 0, contrast: 0, phase: 0, repetition: 0, set: 0, acquisition_time_stamp: 0, physiology_time_stamp: (0, 0, 0), image_type: 0, image_index: 0, image_series_index: 3, user_int: (0, 0, 0, 0, 0, 0, 0, 0), user_float: (0.0, 0.0, 0.0, 0.0, 0.0, 0.0, 0.0, 0.0), attribute_string_len: 0, ),meta={},data=array([[[[3.67534609e-04, 1.01538280e-04, 3.70897993e-04, ...,
          1.23730031e-04, 3.16676538e-04, 8.73176905e-05],
         [4.83366712e-05, 3.18643433e-04, 8.59445572e-05, ...,
          3.26336653e-04, 5.38961176e-05, 2.73936457e-04],
         [3.52745672e-04, 3.63046493e-05, 2.24923366e-04, ...,
          7.73429347e-05, 3.37642065e-04, 4.27405757e-05],
         ...,
         [9.51065304e-05, 1.96808789e-04, 2.92984914e-05, ...,
          1.71382169e-04, 7.28683153e-05, 2.17879409e-04],
         [2.13681953e-04, 3.51003910e-05, 2.00524431e-04, ...,
          3.63850559e-05, 1.77794922e-04, 6.03842127e-05],
         [5.30449433e-05, 1.83203010e-04, 1.30772169e-05, ...,
          1.93429383e-04, 6.37243284e-05, 2.72036210e-04]],

        [[3.80100886e-04, 5.71592755e-05, 3.82098136e-04, ...,
          1.31349050e-04, 2.70528573e-04, 8.79502841e-05],
         [2.18840451e-05, 3.35544901e-04, 3.80433157e-05, ...,
          2.63325550e-04, 5.15084139e-05, 2.29475394e-04],
         [3.67122266e-04, 4.15910254e-05, 2.35390820e-04, ...,
          7.61562405e-05, 2.70272169e-04, 2.20726251e-05],
         ...,
         [1.12328147e-04, 2.53654638e-04, 5.13055784e-05, ...,
          1.44372403e-04, 3.32843229e-05, 1.97522197e-04],
         [2.54056358e-04, 5.39524844e-05, 2.56163912e-04, ...,
          7.68824902e-05, 1.55929854e-04, 2.11229872e-05],
         [7.64794750e-05, 2.22528295e-04, 2.90089611e-05, ...,
          1.73925742e-04, 2.18756777e-05, 2.43573493e-04]],

        [[3.39694641e-04, 2.93878475e-05, 3.42224375e-04, ...,
          1.06507810e-04, 2.14724525e-04, 6.18335471e-05],
         [6.33029340e-05, 2.96612125e-04, 5.59289365e-05, ...,
          1.88928287e-04, 3.93709997e-05, 1.75907713e-04],
         [3.35054152e-04, 1.00163626e-04, 2.16276370e-04, ...,
          4.92735307e-05, 1.97823261e-04, 2.58633409e-05],
         ...,
         [1.01050478e-04, 3.08560586e-04, 4.21962905e-05, ...,
          1.68088722e-04, 2.16134031e-05, 2.16490997e-04],
         [2.94898084e-04, 3.74840238e-05, 3.12082178e-04, ...,
          1.15503521e-04, 1.81198033e-04, 3.38140962e-05],
         [6.63186438e-05, 2.58822722e-04, 2.35570278e-05, ...,
          1.86912715e-04, 2.38084249e-05, 2.58783955e-04]],

        ...,

        [[2.39700646e-04, 4.88415390e-05, 2.17092049e-04, ...,
          1.83697248e-05, 2.44713738e-04, 7.11128960e-05],
         [5.06703182e-05, 1.43821395e-04, 4.51032502e-05, ...,
          2.48539785e-04, 1.17430762e-04, 2.26008153e-04],
         [2.21315902e-04, 5.69809345e-05, 9.59547324e-05, ...,
          6.65025800e-05, 2.59527529e-04, 1.13444556e-04],
         ...,
         [5.94608400e-06, 2.56125437e-04, 8.69347787e-05, ...,
          3.06930713e-04, 5.94317389e-05, 3.06431117e-04],
         [2.35508269e-04, 7.18789743e-05, 2.44277966e-04, ...,
          7.01827594e-05, 3.08537419e-04, 5.84675399e-05],
         [4.77772774e-05, 2.16233238e-04, 6.35206088e-05, ...,
          2.66709365e-04, 5.51876838e-05, 4.13383794e-04]],

        [[2.64979230e-04, 8.66287082e-05, 2.58863496e-04, ...,
          3.28272326e-05, 3.03966342e-04, 6.50259317e-05],
         [5.41920672e-05, 1.75862224e-04, 7.11927059e-05, ...,
          3.15847894e-04, 1.06351094e-04, 2.59632390e-04],
         [2.31171318e-04, 5.08088742e-05, 1.20019169e-04, ...,
          7.08964144e-05, 3.18700506e-04, 1.03934559e-04],
         ...,
         [2.64279297e-05, 1.99542483e-04, 6.02567779e-05, ...,
          2.91552540e-04, 8.35882747e-05, 2.91027303e-04],
         [1.94629829e-04, 6.07409456e-05, 1.99649701e-04, ...,
          2.86081722e-05, 2.88120122e-04, 7.93145518e-05],
         [3.38932186e-05, 1.88106700e-04, 4.96046050e-05, ...,
          2.72534002e-04, 7.81876224e-05, 3.93983675e-04]],

        [[3.18773527e-04, 1.13282804e-04, 3.23591754e-04, ...,
          8.34629609e-05, 3.36600060e-04, 6.88680884e-05],
         [6.70881709e-05, 2.52212136e-04, 9.71898626e-05, ...,
          3.48053814e-04, 7.29826934e-05, 2.82458001e-04],
         [2.90205877e-04, 5.86411261e-05, 1.77749040e-04, ...,
          5.94794074e-05, 3.55132303e-04, 7.31326290e-05],
         ...,
         [6.11480791e-05, 1.73487060e-04, 2.67679970e-05, ...,
          2.35548665e-04, 9.39399833e-05, 2.58729066e-04],
         [1.86003293e-04, 2.97205024e-05, 1.80678326e-04, ...,
          1.94681852e-05, 2.33688246e-04, 8.65588081e-05],
         [1.85878889e-05, 1.69274979e-04, 1.92866028e-05, ...,
          2.37787623e-04, 8.70551885e-05, 3.34377226e-04]]]],
      shape=(1, 8, 100, 100), dtype=float32))]
2026-09-22 18:25:38,350 - --> Sending MRD_MESSAGE_ISMRMRD_IMAGE (1022) (4 images)
2026-09-22 18:25:38,350 - <-- Received MRD_MESSAGE_CLOSE (4)
2026-09-22 18:25:38,351 -     Total received acquisitions:   108
2026-09-22 18:25:38,351 -     Total received images:           0
2026-09-22 18:25:38,351 -     Total received waveforms:        0
2026-09-22 18:25:38,351 - ------------------------------------------
2026-09-22 18:25:38,351 - --> Sending MRD_MESSAGE_CLOSE (4)
2026-09-22 18:25:38,351 - Socket closed
2026-09-22 18:35:19,629 - Starting server and listening for data at 0.0.0.0:9002
2026-09-22 18:35:19,629 - Default config is invertcontrast
2026-09-22 18:35:19,629 - Serving... 
2026-09-22 18:35:26,465 - Accepting connection from: 172.17.0.1:54016
2026-09-22 18:35:26,470 -     bart_jemris
2026-09-22 18:35:26,473 - XML Metadata: <?xml version="1.0"?>
<ismrmrdHeader xmlns="http://www.ismrm.org/ISMRMRD" xmlns:xsi="http://www.w3.org/2001/XMLSchema-instance" xmlns:xs="http://www.w3.org/2001/XMLSchema" xsi:schemaLocation="http://www.ismrm.org/ISMRMRD ismrmrd.xsd">
	<acquisitionSystemInformation>
		<systemVendor>JEMRIS</systemVendor>
		<systemModel>v2.8.4</systemModel>
		<systemFieldStrength_T>0.000000</systemFieldStrength_T>
	</acquisitionSystemInformation>
	<experimentalConditions>
		<H1resonanceFrequency_Hz>140713325569856</H1resonanceFrequency_Hz>
	</experimentalConditions>
	<encoding>
		<encodedSpace>
			<matrixSize>
				<x>220</x>
				<y>220</y>
				<z>1</z>
			</matrixSize>
			<fieldOfView_mm>
				<x>220.000000</x>
				<y>220.000000</y>
				<z>1.000000</z>
			</fieldOfView_mm>
		</encodedSpace>
		<reconSpace>
			<matrixSize>
				<x>220</x>
				<y>220</y>
				<z>1</z>
			</matrixSize>
			<fieldOfView_mm>
				<x>220.000000</x>
				<y>220.000000</y>
				<z>1.000000</z>
			</fieldOfView_mm>
		</reconSpace>
		<encodingLimits>
			<kspace_encoding_step_1>
				<minimum>0</minimum>
				<maximum>78</maximum>
				<center>39</center>
			</kspace_encoding_step_1>
			<kspace_encoding_step_2>
				<minimum>0</minimum>
				<maximum>0</maximum>
				<center>0</center>
			</kspace_encoding_step_2>
			<average>
				<minimum>0</minimum>
				<maximum>0</maximum>
				<center>0</center>
			</average>
			<slice>
				<minimum>0</minimum>
				<maximum>0</maximum>
				<center>0</center>
			</slice>
			<contrast>
				<minimum>0</minimum>
				<maximum>0</maximum>
				<center>0</center>
			</contrast>
			<set>
				<minimum>0</minimum>
				<maximum>0</maximum>
				<center>0</center>
			</set>
			<segment>
				<minimum>0</minimum>
				<maximum>0</maximum>
				<center>0</center>
			</segment>
		</encodingLimits>
		<trajectory>other</trajectory>
	</encoding>
</ismrmrdHeader>

2026-09-22 18:35:26,478 - Data is from a JEMRIS v2.8.4 at 0.0T
2026-09-22 18:35:26,487 - Starting bart_jemris processing based on config
2026-09-22 18:35:26,488 - Config: 
bart_jemris
2026-09-22 18:35:26,488 - Reconstruction of simulated data.
2026-09-22 18:35:26,488 - Incoming dataset contains 1 encodings
2026-09-22 18:35:26,488 - Trajectory type 'other', matrix size (220 x 220 x 1), field of view (220.0 x 220.0 x 1.0)mm^3
2026-09-22 18:35:26,488 - <-- Received MRD_MESSAGE_ISMRMRD_ACQUISITION (1008) (total: 1)
2026-09-22 18:35:26,567 - Processing a group of k-space data
2026-09-22 18:35:26,577 - Trajectory shape = (3, 4940, 15) , Signal Shape = (1, 4940, 15, 1) 
2026-09-22 18:35:26,577 - Do BART reconstruction.
2026-09-22 18:35:26,831 - Image data is size (1, 4940, 15, 1)
2026-09-22 18:35:26,832 - Sending images to client:
[Image(head=ImageHeader(version: 1, data_type: 5, flags: 0, measurement_uid: 0, matrix_size: (220, 220, 1), field_of_view: (0.0, 0.0, 0.0), channels: 1, position: (0.0, 0.0, 0.0), read_dir: (0.0, 0.0, 0.0), phase_dir: (0.0, 0.0, 0.0), slice_dir: (0.0, 0.0, 0.0), patient_table_position: (0.0, 0.0, 0.0), average: 0, slice: 0, contrast: 0, phase: 0, repetition: 0, set: 0, acquisition_time_stamp: 0, physiology_time_stamp: (0, 0, 0), image_type: 0, image_index: 0, image_series_index: 1, user_int: (0, 0, 0, 0, 0, 0, 0, 0), user_float: (0.0, 0.0, 0.0, 0.0, 0.0, 0.0, 0.0, 0.0), attribute_string_len: 0, ),meta={},data=array([[[[1.59895426e-05, 3.36829544e-05, 6.76681957e-05, ...,
          5.50906116e-05, 8.43850503e-05, 1.77034861e-04],
         [6.41498855e-06, 2.11127481e-05, 4.22094890e-05, ...,
          1.69843464e-04, 1.32765956e-04, 6.51527444e-05],
         [1.25873412e-05, 4.04982493e-05, 2.70974397e-05, ...,
          4.91143837e-05, 1.65492471e-04, 1.26899482e-04],
         ...,
         [7.10185050e-05, 8.08229470e-06, 8.60415748e-05, ...,
          1.22753438e-04, 6.19297280e-05, 5.20135909e-05],
         [6.94113041e-05, 3.33909047e-05, 1.09893925e-04, ...,
          7.82991847e-05, 3.04493369e-05, 1.00949946e-04],
         [1.09646811e-04, 2.90175103e-05, 2.12361683e-05, ...,
          1.12560760e-04, 1.33561829e-04, 3.33680837e-05]]]],
      shape=(1, 1, 220, 220), dtype=float32)), Image(head=ImageHeader(version: 1, data_type: 5, flags: 0, measurement_uid: 0, matrix_size: (220, 220, 1), field_of_view: (0.0, 0.0, 0.0), channels: 1, position: (0.0, 0.0, 0.0), read_dir: (0.0, 0.0, 0.0), phase_dir: (0.0, 0.0, 0.0), slice_dir: (0.0, 0.0, 0.0), patient_table_position: (0.0, 0.0, 0.0), average: 0, slice: 0, contrast: 0, phase: 0, repetition: 0, set: 0, acquisition_time_stamp: 0, physiology_time_stamp: (0, 0, 0), image_type: 0, image_index: 0, image_series_index: 2, user_int: (0, 0, 0, 0, 0, 0, 0, 0), user_float: (0.0, 0.0, 0.0, 0.0, 0.0, 0.0, 0.0, 0.0), attribute_string_len: 0, ),meta={},data=array([[[[-0.09968502,  0.7559978 ,  1.0225525 , ..., -0.20008498,
           3.0543566 ,  3.0823681 ],
         [-1.7407726 ,  0.7778035 ,  2.0808823 , ..., -0.04239355,
          -0.05299729,  2.9348433 ],
         [-1.1971786 ,  0.38922244,  0.95806915, ..., -0.4806365 ,
          -0.06190552,  0.01471493],
         ...,
         [-2.2500982 , -2.115031  , -2.8757944 , ...,  3.1344244 ,
           2.0948303 , -2.3423529 ],
         [-2.8751216 ,  0.16793558,  3.116606  , ..., -2.9107165 ,
           3.1010184 , -2.638634  ],
         [-2.6963232 , -2.1742244 , -0.26557267, ...,  2.6580849 ,
           2.6458879 ,  0.0659945 ]]]],
      shape=(1, 1, 220, 220), dtype=float32)), Image(head=ImageHeader(version: 1, data_type: 5, flags: 0, measurement_uid: 0, matrix_size: (1, 220, 220), field_of_view: (0.0, 0.0, 0.0), channels: 1, position: (0.0, 0.0, 0.0), read_dir: (0.0, 0.0, 0.0), phase_dir: (0.0, 0.0, 0.0), slice_dir: (0.0, 0.0, 0.0), patient_table_position: (0.0, 0.0, 0.0), average: 0, slice: 0, contrast: 0, phase: 0, repetition: 0, set: 0, acquisition_time_stamp: 0, physiology_time_stamp: (0, 0, 0), image_type: 0, image_index: 0, image_series_index: 4, user_int: (0, 0, 0, 0, 0, 0, 0, 0), user_float: (0.0, 0.0, 0.0, 0.0, 0.0, 0.0, 0.0, 0.0), attribute_string_len: 0, ),meta={},data=array([[[[-0.09968502],
         [ 0.7559978 ],
         [ 1.0225525 ],
         ...,
         [-0.20008498],
         [ 3.0543566 ],
         [ 3.0823681 ]],

        [[-1.7407726 ],
         [ 0.7778035 ],
         [ 2.0808823 ],
         ...,
         [-0.04239355],
         [-0.05299729],
         [ 2.9348433 ]],

        [[-1.1971786 ],
         [ 0.38922244],
         [ 0.95806915],
         ...,
         [-0.4806365 ],
         [-0.06190552],
         [ 0.01471493]],

        ...,

        [[-2.2500982 ],
         [-2.115031  ],
         [-2.8757944 ],
         ...,
         [ 3.1344244 ],
         [ 2.0948303 ],
         [-2.3423529 ]],

        [[-2.8751216 ],
         [ 0.16793558],
         [ 3.116606  ],
         ...,
         [-2.9107165 ],
         [ 3.1010184 ],
         [-2.638634  ]],

        [[-2.6963232 ],
         [-2.1742244 ],
         [-0.26557267],
         ...,
         [ 2.6580849 ],
         [ 2.6458879 ],
         [ 0.0659945 ]]]], shape=(1, 220, 220, 1), dtype=float32)), Image(head=ImageHeader(version: 1, data_type: 5, flags: 0, measurement_uid: 0, matrix_size: (1, 220, 220), field_of_view: (0.0, 0.0, 0.0), channels: 1, position: (0.0, 0.0, 0.0), read_dir: (0.0, 0.0, 0.0), phase_dir: (0.0, 0.0, 0.0), slice_dir: (0.0, 0.0, 0.0), patient_table_position: (0.0, 0.0, 0.0), average: 0, slice: 0, contrast: 0, phase: 0, repetition: 0, set: 0, acquisition_time_stamp: 0, physiology_time_stamp: (0, 0, 0), image_type: 0, image_index: 0, image_series_index: 3, user_int: (0, 0, 0, 0, 0, 0, 0, 0), user_float: (0.0, 0.0, 0.0, 0.0, 0.0, 0.0, 0.0, 0.0), attribute_string_len: 0, ),meta={},data=array([[[[1.59895426e-05],
         [3.36829544e-05],
         [6.76681957e-05],
         ...,
         [5.50906116e-05],
         [8.43850503e-05],
         [1.77034861e-04]],

        [[6.41498855e-06],
         [2.11127481e-05],
         [4.22094890e-05],
         ...,
         [1.69843464e-04],
         [1.32765956e-04],
         [6.51527444e-05]],

        [[1.25873412e-05],
         [4.04982493e-05],
         [2.70974397e-05],
         ...,
         [4.91143837e-05],
         [1.65492471e-04],
         [1.26899482e-04]],

        ...,

        [[7.10185050e-05],
         [8.08229470e-06],
         [8.60415748e-05],
         ...,
         [1.22753438e-04],
         [6.19297280e-05],
         [5.20135909e-05]],

        [[6.94113041e-05],
         [3.33909047e-05],
         [1.09893925e-04],
         ...,
         [7.82991847e-05],
         [3.04493369e-05],
         [1.00949946e-04]],

        [[1.09646811e-04],
         [2.90175103e-05],
         [2.12361683e-05],
         ...,
         [1.12560760e-04],
         [1.33561829e-04],
         [3.33680837e-05]]]], shape=(1, 220, 220, 1), dtype=float32))]
2026-09-22 18:35:26,835 - --> Sending MRD_MESSAGE_ISMRMRD_IMAGE (1022) (4 images)
2026-09-22 18:35:26,836 - <-- Received MRD_MESSAGE_CLOSE (4)
2026-09-22 18:35:26,836 -     Total received acquisitions:    16
2026-09-22 18:35:26,836 -     Total received images:           0
2026-09-22 18:35:26,836 -     Total received waveforms:        0
2026-09-22 18:35:26,836 - ------------------------------------------
2026-09-22 18:35:26,836 - --> Sending MRD_MESSAGE_CLOSE (4)
2026-09-22 18:35:26,836 - Socket closed
2026-09-22 18:36:54,570 - Accepting connection from: 172.17.0.1:45990
2026-09-22 18:36:54,574 -     bart_jemris
2026-09-22 18:36:54,577 - XML Metadata: <?xml version="1.0"?>
<ismrmrdHeader xmlns="http://www.ismrm.org/ISMRMRD" xmlns:xsi="http://www.w3.org/2001/XMLSchema-instance" xmlns:xs="http://www.w3.org/2001/XMLSchema" xsi:schemaLocation="http://www.ismrm.org/ISMRMRD ismrmrd.xsd">
	<acquisitionSystemInformation>
		<systemVendor>JEMRIS</systemVendor>
		<systemModel>v2.8.4</systemModel>
		<systemFieldStrength_T>0.000000</systemFieldStrength_T>
	</acquisitionSystemInformation>
	<experimentalConditions>
		<H1resonanceFrequency_Hz>140713325569856</H1resonanceFrequency_Hz>
	</experimentalConditions>
	<encoding>
		<encodedSpace>
			<matrixSize>
				<x>220</x>
				<y>220</y>
				<z>1</z>
			</matrixSize>
			<fieldOfView_mm>
				<x>220.000000</x>
				<y>220.000000</y>
				<z>1.000000</z>
			</fieldOfView_mm>
		</encodedSpace>
		<reconSpace>
			<matrixSize>
				<x>220</x>
				<y>220</y>
				<z>1</z>
			</matrixSize>
			<fieldOfView_mm>
				<x>220.000000</x>
				<y>220.000000</y>
				<z>1.000000</z>
			</fieldOfView_mm>
		</reconSpace>
		<encodingLimits>
			<kspace_encoding_step_1>
				<minimum>0</minimum>
				<maximum>78</maximum>
				<center>39</center>
			</kspace_encoding_step_1>
			<kspace_encoding_step_2>
				<minimum>0</minimum>
				<maximum>0</maximum>
				<center>0</center>
			</kspace_encoding_step_2>
			<average>
				<minimum>0</minimum>
				<maximum>0</maximum>
				<center>0</center>
			</average>
			<slice>
				<minimum>0</minimum>
				<maximum>0</maximum>
				<center>0</center>
			</slice>
			<contrast>
				<minimum>0</minimum>
				<maximum>0</maximum>
				<center>0</center>
			</contrast>
			<set>
				<minimum>0</minimum>
				<maximum>0</maximum>
				<center>0</center>
			</set>
			<segment>
				<minimum>0</minimum>
				<maximum>0</maximum>
				<center>0</center>
			</segment>
		</encodingLimits>
		<trajectory>other</trajectory>
	</encoding>
</ismrmrdHeader>

2026-09-22 18:36:54,583 - Data is from a JEMRIS v2.8.4 at 0.0T
2026-09-22 18:36:54,585 - Starting bart_jemris processing based on config
2026-09-22 18:36:54,585 - Config: 
bart_jemris
2026-09-22 18:36:54,585 - Reconstruction of simulated data.
2026-09-22 18:36:54,585 - Incoming dataset contains 1 encodings
2026-09-22 18:36:54,585 - Trajectory type 'other', matrix size (220 x 220 x 1), field of view (220.0 x 220.0 x 1.0)mm^3
2026-09-22 18:36:54,585 - <-- Received MRD_MESSAGE_ISMRMRD_ACQUISITION (1008) (total: 1)
2026-09-22 18:36:54,675 - Processing a group of k-space data
2026-09-22 18:36:54,685 - Trajectory shape = (3, 4940, 15) , Signal Shape = (1, 4940, 15, 1) 
2026-09-22 18:36:54,685 - Do BART reconstruction.
2026-09-22 18:36:54,941 - Image data is size (1, 4940, 15, 1)
2026-09-22 18:36:54,943 - Sending images to client:
[Image(head=ImageHeader(version: 1, data_type: 5, flags: 0, measurement_uid: 0, matrix_size: (220, 220, 1), field_of_view: (0.0, 0.0, 0.0), channels: 1, position: (0.0, 0.0, 0.0), read_dir: (0.0, 0.0, 0.0), phase_dir: (0.0, 0.0, 0.0), slice_dir: (0.0, 0.0, 0.0), patient_table_position: (0.0, 0.0, 0.0), average: 0, slice: 0, contrast: 0, phase: 0, repetition: 0, set: 0, acquisition_time_stamp: 0, physiology_time_stamp: (0, 0, 0), image_type: 0, image_index: 0, image_series_index: 1, user_int: (0, 0, 0, 0, 0, 0, 0, 0), user_float: (0.0, 0.0, 0.0, 0.0, 0.0, 0.0, 0.0, 0.0), attribute_string_len: 0, ),meta={},data=array([[[[1.59787578e-05, 3.36822159e-05, 6.76624113e-05, ...,
          5.50819495e-05, 8.43976813e-05, 1.77034162e-04],
         [6.39696236e-06, 2.11137576e-05, 4.22262638e-05, ...,
          1.69850013e-04, 1.32754183e-04, 6.51558657e-05],
         [1.25927290e-05, 4.04817401e-05, 2.71084773e-05, ...,
          4.90987477e-05, 1.65475038e-04, 1.26875573e-04],
         ...,
         [7.10207969e-05, 8.07560991e-06, 8.60412256e-05, ...,
          1.22761950e-04, 6.19501661e-05, 5.20113463e-05],
         [6.94086193e-05, 3.33997305e-05, 1.09868306e-04, ...,
          7.82893403e-05, 3.04392834e-05, 1.00937810e-04],
         [1.09655019e-04, 2.90422013e-05, 2.12357882e-05, ...,
          1.12567192e-04, 1.33556343e-04, 3.33626449e-05]]]],
      shape=(1, 1, 220, 220), dtype=float32)), Image(head=ImageHeader(version: 1, data_type: 5, flags: 0, measurement_uid: 0, matrix_size: (220, 220, 1), field_of_view: (0.0, 0.0, 0.0), channels: 1, position: (0.0, 0.0, 0.0), read_dir: (0.0, 0.0, 0.0), phase_dir: (0.0, 0.0, 0.0), slice_dir: (0.0, 0.0, 0.0), patient_table_position: (0.0, 0.0, 0.0), average: 0, slice: 0, contrast: 0, phase: 0, repetition: 0, set: 0, acquisition_time_stamp: 0, physiology_time_stamp: (0, 0, 0), image_type: 0, image_index: 0, image_series_index: 2, user_int: (0, 0, 0, 0, 0, 0, 0, 0), user_float: (0.0, 0.0, 0.0, 0.0, 0.0, 0.0, 0.0, 0.0), attribute_string_len: 0, ),meta={},data=array([[[[-0.10001975,  0.7561808 ,  1.0227916 , ..., -0.20001787,
           3.0544882 ,  3.0824745 ],
         [-1.7426472 ,  0.7777548 ,  2.0810933 , ..., -0.04245001,
          -0.05296782,  2.9349828 ],
         [-1.197736  ,  0.38913378,  0.9593732 , ..., -0.48017994,
          -0.0619924 ,  0.01462644],
         ...,
         [-2.2501292 , -2.1168065 , -2.8761704 , ...,  3.134515  ,
           2.0947945 , -2.3423862 ],
         [-2.8747535 ,  0.16685793,  3.1164541 , ..., -2.9107597 ,
           3.101163  , -2.6384497 ],
         [-2.6962755 , -2.1741328 , -0.26661128, ...,  2.6578698 ,
           2.6458006 ,  0.06639586]]]],
      shape=(1, 1, 220, 220), dtype=float32)), Image(head=ImageHeader(version: 1, data_type: 5, flags: 0, measurement_uid: 0, matrix_size: (1, 220, 220), field_of_view: (0.0, 0.0, 0.0), channels: 1, position: (0.0, 0.0, 0.0), read_dir: (0.0, 0.0, 0.0), phase_dir: (0.0, 0.0, 0.0), slice_dir: (0.0, 0.0, 0.0), patient_table_position: (0.0, 0.0, 0.0), average: 0, slice: 0, contrast: 0, phase: 0, repetition: 0, set: 0, acquisition_time_stamp: 0, physiology_time_stamp: (0, 0, 0), image_type: 0, image_index: 0, image_series_index: 4, user_int: (0, 0, 0, 0, 0, 0, 0, 0), user_float: (0.0, 0.0, 0.0, 0.0, 0.0, 0.0, 0.0, 0.0), attribute_string_len: 0, ),meta={},data=array([[[[-0.10001975],
         [ 0.7561808 ],
         [ 1.0227916 ],
         ...,
         [-0.20001787],
         [ 3.0544882 ],
         [ 3.0824745 ]],

        [[-1.7426472 ],
         [ 0.7777548 ],
         [ 2.0810933 ],
         ...,
         [-0.04245001],
         [-0.05296782],
         [ 2.9349828 ]],

        [[-1.197736  ],
         [ 0.38913378],
         [ 0.9593732 ],
         ...,
         [-0.48017994],
         [-0.0619924 ],
         [ 0.01462644]],

        ...,

        [[-2.2501292 ],
         [-2.1168065 ],
         [-2.8761704 ],
         ...,
         [ 3.134515  ],
         [ 2.0947945 ],
         [-2.3423862 ]],

        [[-2.8747535 ],
         [ 0.16685793],
         [ 3.1164541 ],
         ...,
         [-2.9107597 ],
         [ 3.101163  ],
         [-2.6384497 ]],

        [[-2.6962755 ],
         [-2.1741328 ],
         [-0.26661128],
         ...,
         [ 2.6578698 ],
         [ 2.6458006 ],
         [ 0.06639586]]]], shape=(1, 220, 220, 1), dtype=float32)), Image(head=ImageHeader(version: 1, data_type: 5, flags: 0, measurement_uid: 0, matrix_size: (1, 220, 220), field_of_view: (0.0, 0.0, 0.0), channels: 1, position: (0.0, 0.0, 0.0), read_dir: (0.0, 0.0, 0.0), phase_dir: (0.0, 0.0, 0.0), slice_dir: (0.0, 0.0, 0.0), patient_table_position: (0.0, 0.0, 0.0), average: 0, slice: 0, contrast: 0, phase: 0, repetition: 0, set: 0, acquisition_time_stamp: 0, physiology_time_stamp: (0, 0, 0), image_type: 0, image_index: 0, image_series_index: 3, user_int: (0, 0, 0, 0, 0, 0, 0, 0), user_float: (0.0, 0.0, 0.0, 0.0, 0.0, 0.0, 0.0, 0.0), attribute_string_len: 0, ),meta={},data=array([[[[1.59787578e-05],
         [3.36822159e-05],
         [6.76624113e-05],
         ...,
         [5.50819495e-05],
         [8.43976813e-05],
         [1.77034162e-04]],

        [[6.39696236e-06],
         [2.11137576e-05],
         [4.22262638e-05],
         ...,
         [1.69850013e-04],
         [1.32754183e-04],
         [6.51558657e-05]],

        [[1.25927290e-05],
         [4.04817401e-05],
         [2.71084773e-05],
         ...,
         [4.90987477e-05],
         [1.65475038e-04],
         [1.26875573e-04]],

        ...,

        [[7.10207969e-05],
         [8.07560991e-06],
         [8.60412256e-05],
         ...,
         [1.22761950e-04],
         [6.19501661e-05],
         [5.20113463e-05]],

        [[6.94086193e-05],
         [3.33997305e-05],
         [1.09868306e-04],
         ...,
         [7.82893403e-05],
         [3.04392834e-05],
         [1.00937810e-04]],

        [[1.09655019e-04],
         [2.90422013e-05],
         [2.12357882e-05],
         ...,
         [1.12567192e-04],
         [1.33556343e-04],
         [3.33626449e-05]]]], shape=(1, 220, 220, 1), dtype=float32))]
2026-09-22 18:36:54,948 - --> Sending MRD_MESSAGE_ISMRMRD_IMAGE (1022) (4 images)
2026-09-22 18:36:54,948 - <-- Received MRD_MESSAGE_CLOSE (4)
2026-09-22 18:36:54,949 -     Total received acquisitions:    16
2026-09-22 18:36:54,949 -     Total received images:           0
2026-09-22 18:36:54,949 -     Total received waveforms:        0
2026-09-22 18:36:54,949 - ------------------------------------------
2026-09-22 18:36:54,949 - --> Sending MRD_MESSAGE_CLOSE (4)
2026-09-22 18:36:54,949 - Socket closed
2026-09-22 18:41:26,685 - Starting server and listening for data at 0.0.0.0:9002
2026-09-22 18:41:26,686 - Default config is invertcontrast
2026-09-22 18:41:26,686 - Serving... 
2026-09-22 18:41:35,961 - Accepting connection from: 172.17.0.1:40366
2026-09-22 18:41:35,965 -     bart_jemris
2026-09-22 18:41:35,968 - XML Metadata: <?xml version="1.0"?>
<ismrmrdHeader xmlns="http://www.ismrm.org/ISMRMRD" xmlns:xsi="http://www.w3.org/2001/XMLSchema-instance" xmlns:xs="http://www.w3.org/2001/XMLSchema" xsi:schemaLocation="http://www.ismrm.org/ISMRMRD ismrmrd.xsd">
	<acquisitionSystemInformation>
		<systemVendor>JEMRIS</systemVendor>
		<systemModel>v2.8.4</systemModel>
		<systemFieldStrength_T>0.000000</systemFieldStrength_T>
	</acquisitionSystemInformation>
	<experimentalConditions>
		<H1resonanceFrequency_Hz>140713325569856</H1resonanceFrequency_Hz>
	</experimentalConditions>
	<encoding>
		<encodedSpace>
			<matrixSize>
				<x>220</x>
				<y>220</y>
				<z>1</z>
			</matrixSize>
			<fieldOfView_mm>
				<x>220.000000</x>
				<y>220.000000</y>
				<z>1.000000</z>
			</fieldOfView_mm>
		</encodedSpace>
		<reconSpace>
			<matrixSize>
				<x>220</x>
				<y>220</y>
				<z>1</z>
			</matrixSize>
			<fieldOfView_mm>
				<x>220.000000</x>
				<y>220.000000</y>
				<z>1.000000</z>
			</fieldOfView_mm>
		</reconSpace>
		<encodingLimits>
			<kspace_encoding_step_1>
				<minimum>0</minimum>
				<maximum>78</maximum>
				<center>39</center>
			</kspace_encoding_step_1>
			<kspace_encoding_step_2>
				<minimum>0</minimum>
				<maximum>0</maximum>
				<center>0</center>
			</kspace_encoding_step_2>
			<average>
				<minimum>0</minimum>
				<maximum>0</maximum>
				<center>0</center>
			</average>
			<slice>
				<minimum>0</minimum>
				<maximum>0</maximum>
				<center>0</center>
			</slice>
			<contrast>
				<minimum>0</minimum>
				<maximum>0</maximum>
				<center>0</center>
			</contrast>
			<set>
				<minimum>0</minimum>
				<maximum>0</maximum>
				<center>0</center>
			</set>
			<segment>
				<minimum>0</minimum>
				<maximum>0</maximum>
				<center>0</center>
			</segment>
		</encodingLimits>
		<trajectory>other</trajectory>
	</encoding>
</ismrmrdHeader>

2026-09-22 18:41:35,973 - Data is from a JEMRIS v2.8.4 at 0.0T
2026-09-22 18:41:35,981 - Starting bart_jemris processing based on config
2026-09-22 18:41:35,981 - Config: 
bart_jemris
2026-09-22 18:41:35,981 - Reconstruction of simulated data.
2026-09-22 18:41:35,981 - Incoming dataset contains 1 encodings
2026-09-22 18:41:35,981 - Trajectory type 'other', matrix size (220 x 220 x 1), field of view (220.0 x 220.0 x 1.0)mm^3
2026-09-22 18:41:35,982 - <-- Received MRD_MESSAGE_ISMRMRD_ACQUISITION (1008) (total: 1)
2026-09-22 18:41:36,070 - Processing a group of k-space data
2026-09-22 18:41:36,079 - Trajectory shape = (3, 4940, 15) , Signal Shape = (1, 4940, 15, 1) 
2026-09-22 18:41:36,080 - Do BART reconstruction.
2026-09-22 18:41:36,556 - Image data is size (1, 4940, 15, 1)
2026-09-22 18:41:36,558 - Sending images to client:
[Image(head=ImageHeader(version: 1, data_type: 5, flags: 0, measurement_uid: 0, matrix_size: (220, 220, 1), field_of_view: (0.0, 0.0, 0.0), channels: 1, position: (0.0, 0.0, 0.0), read_dir: (0.0, 0.0, 0.0), phase_dir: (0.0, 0.0, 0.0), slice_dir: (0.0, 0.0, 0.0), patient_table_position: (0.0, 0.0, 0.0), average: 0, slice: 0, contrast: 0, phase: 0, repetition: 0, set: 0, acquisition_time_stamp: 0, physiology_time_stamp: (0, 0, 0), image_type: 0, image_index: 0, image_series_index: 1, user_int: (0, 0, 0, 0, 0, 0, 0, 0), user_float: (0.0, 0.0, 0.0, 0.0, 0.0, 0.0, 0.0, 0.0), attribute_string_len: 0, ),meta={},data=array([[[[1.5975664e-05, 6.4058609e-06, 1.2568137e-05, ...,
          7.1012997e-05, 6.9378832e-05, 1.0966094e-04],
         [3.3675013e-05, 2.1103824e-05, 4.0481489e-05, ...,
          8.0660348e-06, 3.3412849e-05, 2.9033217e-05],
         [6.7659515e-05, 4.2213473e-05, 2.7101927e-05, ...,
          8.6044412e-05, 1.0987647e-04, 2.1236554e-05],
         ...,
         [5.5066739e-05, 1.6984918e-04, 4.9076622e-05, ...,
          1.2274781e-04, 7.8298857e-05, 1.1256384e-04],
         [8.4402338e-05, 1.3275121e-04, 1.6545878e-04, ...,
          6.1949751e-05, 3.0437570e-05, 1.3354215e-04],
         [1.7704950e-04, 6.5161614e-05, 1.2685942e-04, ...,
          5.1992152e-05, 1.0093005e-04, 3.3373803e-05]]]],
      shape=(1, 1, 220, 220), dtype=float32)), Image(head=ImageHeader(version: 1, data_type: 5, flags: 0, measurement_uid: 0, matrix_size: (220, 220, 1), field_of_view: (0.0, 0.0, 0.0), channels: 1, position: (0.0, 0.0, 0.0), read_dir: (0.0, 0.0, 0.0), phase_dir: (0.0, 0.0, 0.0), slice_dir: (0.0, 0.0, 0.0), patient_table_position: (0.0, 0.0, 0.0), average: 0, slice: 0, contrast: 0, phase: 0, repetition: 0, set: 0, acquisition_time_stamp: 0, physiology_time_stamp: (0, 0, 0), image_type: 0, image_index: 0, image_series_index: 2, user_int: (0, 0, 0, 0, 0, 0, 0, 0), user_float: (0.0, 0.0, 0.0, 0.0, 0.0, 0.0, 0.0, 0.0), attribute_string_len: 0, ),meta={},data=array([[[[-0.09995406, -1.7457758 , -1.1985278 , ..., -2.2503493 ,
          -2.875075  , -2.69629   ],
         [ 0.7561138 ,  0.77843   ,  0.38933066, ..., -2.1178937 ,
           0.16717616, -2.174081  ],
         [ 1.0227765 ,  2.0812547 ,  0.9597574 , ..., -2.8761413 ,
           3.1162238 , -0.26696813],
         ...,
         [-0.1996056 , -0.04244521, -0.47995707, ...,  3.134421  ,
          -2.9108624 ,  2.6578736 ],
         [ 3.054435  , -0.05291739, -0.06187231, ...,  2.0946016 ,
           3.101142  ,  2.6459098 ],
         [ 3.0822766 ,  2.934986  ,  0.01504215, ..., -2.3421357 ,
          -2.6383016 ,  0.06601104]]]],
      shape=(1, 1, 220, 220), dtype=float32)), Image(head=ImageHeader(version: 1, data_type: 5, flags: 0, measurement_uid: 0, matrix_size: (220, 220, 1), field_of_view: (0.0, 0.0, 0.0), channels: 1, position: (0.0, 0.0, 0.0), read_dir: (0.0, 0.0, 0.0), phase_dir: (0.0, 0.0, 0.0), slice_dir: (0.0, 0.0, 0.0), patient_table_position: (0.0, 0.0, 0.0), average: 0, slice: 0, contrast: 0, phase: 0, repetition: 0, set: 0, acquisition_time_stamp: 0, physiology_time_stamp: (0, 0, 0), image_type: 0, image_index: 0, image_series_index: 4, user_int: (0, 0, 0, 0, 0, 0, 0, 0), user_float: (0.0, 0.0, 0.0, 0.0, 0.0, 0.0, 0.0, 0.0), attribute_string_len: 0, ),meta={},data=array([[[[-0.09995406, -1.7457758 , -1.1985278 , ..., -2.2503493 ,
          -2.875075  , -2.69629   ],
         [ 0.7561138 ,  0.77843   ,  0.38933066, ..., -2.1178937 ,
           0.16717616, -2.174081  ],
         [ 1.0227765 ,  2.0812547 ,  0.9597574 , ..., -2.8761413 ,
           3.1162238 , -0.26696813],
         ...,
         [-0.1996056 , -0.04244521, -0.47995707, ...,  3.134421  ,
          -2.9108624 ,  2.6578736 ],
         [ 3.054435  , -0.05291739, -0.06187231, ...,  2.0946016 ,
           3.101142  ,  2.6459098 ],
         [ 3.0822766 ,  2.934986  ,  0.01504215, ..., -2.3421357 ,
          -2.6383016 ,  0.06601104]]]],
      shape=(1, 1, 220, 220), dtype=float32)), Image(head=ImageHeader(version: 1, data_type: 5, flags: 0, measurement_uid: 0, matrix_size: (220, 220, 1), field_of_view: (0.0, 0.0, 0.0), channels: 1, position: (0.0, 0.0, 0.0), read_dir: (0.0, 0.0, 0.0), phase_dir: (0.0, 0.0, 0.0), slice_dir: (0.0, 0.0, 0.0), patient_table_position: (0.0, 0.0, 0.0), average: 0, slice: 0, contrast: 0, phase: 0, repetition: 0, set: 0, acquisition_time_stamp: 0, physiology_time_stamp: (0, 0, 0), image_type: 0, image_index: 0, image_series_index: 3, user_int: (0, 0, 0, 0, 0, 0, 0, 0), user_float: (0.0, 0.0, 0.0, 0.0, 0.0, 0.0, 0.0, 0.0), attribute_string_len: 0, ),meta={},data=array([[[[1.5975664e-05, 6.4058609e-06, 1.2568137e-05, ...,
          7.1012997e-05, 6.9378832e-05, 1.0966094e-04],
         [3.3675013e-05, 2.1103824e-05, 4.0481489e-05, ...,
          8.0660348e-06, 3.3412849e-05, 2.9033217e-05],
         [6.7659515e-05, 4.2213473e-05, 2.7101927e-05, ...,
          8.6044412e-05, 1.0987647e-04, 2.1236554e-05],
         ...,
         [5.5066739e-05, 1.6984918e-04, 4.9076622e-05, ...,
          1.2274781e-04, 7.8298857e-05, 1.1256384e-04],
         [8.4402338e-05, 1.3275121e-04, 1.6545878e-04, ...,
          6.1949751e-05, 3.0437570e-05, 1.3354215e-04],
         [1.7704950e-04, 6.5161614e-05, 1.2685942e-04, ...,
          5.1992152e-05, 1.0093005e-04, 3.3373803e-05]]]],
      shape=(1, 1, 220, 220), dtype=float32))]
2026-09-22 18:41:36,561 - --> Sending MRD_MESSAGE_ISMRMRD_IMAGE (1022) (4 images)
2026-09-22 18:41:36,562 - <-- Received MRD_MESSAGE_CLOSE (4)
2026-09-22 18:41:36,562 -     Total received acquisitions:    16
2026-09-22 18:41:36,562 -     Total received images:           0
2026-09-22 18:41:36,562 -     Total received waveforms:        0
2026-09-22 18:41:36,562 - ------------------------------------------
2026-09-22 18:41:36,562 - --> Sending MRD_MESSAGE_CLOSE (4)
2026-09-22 18:41:36,563 - Socket closed
